:020000040800F2
:1000000058090120A1010008EF580008E13B000851
:10001000ED58000811120008538600080000000087
:10002000000000000000000000000000F176000861
:10003000DD17000800000000B95B000855790008D2
:10004000BB010008BB010008BB010008BB010008A0
:10005000BB010008BB010008BB010008BB01000890
:10006000BB010008BB010008BB010008BB01000880
:10007000BB010008BB010008BB010008BB01000870
:10008000BB010008BB010008BB010008BB01000860
:10009000BB010008BB010008BB0100087D2500086A
:1000A000BB010008BB010008BB010008BB01000840
:1000B000C17A0008AD7B0008C97B0008BB010008BD
:1000C000BB010008BB010008BB010008BB01000820
:1000D000BB010008C5830008BB010008BB01000884
:1000E0005D250008BB010008BB010008BB0100083A
:1000F000BB010008BB010008BB010008BB010008F0
:10010000BB0100087D640008E57B0008BB01000816
:1001100099830008BB0100088D7C0008BB01000822
:10012000BB010008E1140008BB01000839150008F4
:10013000BB010008BB010008BB010008BB010008AF
:10014000BB010008BB010008BB010008BB0100089F
:10015000BB010008BB010008BB010008BB0100088F
:10016000BB010008BB010008BB010008BB0100087F
:10017000BB010008BB010008BB010008BB0100086F
:10018000BB010008BB010008DFF810D000F006FD3D
:10019000004800475DF00008AFF3008058090120D7
:1001A0000648804706480047FEE7FEE7FEE7FEE711
:1001B000FEE7FEE7FEE7FEE7FEE7FEE799790008C7
:1001C000890100082DE9F05F0546002092469B4614
:1001D00088460646814640241BE02846414647465D
:1001E000224600F01EFB53465A46C01A914110D3D6
:1001F00011461846224600F005FB2D1A67EB010850
:100200004F4622460120002100F0FCFA17EB0009BE
:100210004E41201EA4F10104DFDC484631462A4647
:100220004346BDE8F09F2DE9F0410024061B25461A
:1002300071F1000605DA01240027D0EB070067EB17
:100240000101161E73F1000605DA0027D2EB070242
:10025000012567EB0303FFF7B5FF86460E461746F9
:100260009C46AC4204D00025D0EB050E65EB0106A0
:1002700024B10020D2EB000760EB030C704631463E
:100280003A466346BDE8F081004870470C4D0408CB
:1002900010B50446FFF7F8FF0068005D00F00100AC
:1002A00010BD40EA01039B0703D009E008C9121FF3
:1002B00008C0042AFAD203E011F8013B00F8013B20
:1002C000521EF9D27047D2B201E000F8012B491E4C
:1002D000FBD270470022F6E710B513460A460446E3
:1002E0001946FFF7F0FF204610BD421C10F8011B15
:1002F0000029FBD1801A7047CBB203E00178994204
:1003000003D0401C521EF9D20020704730B504467D
:100310000020034600E05B1C934203D2E05CCD5C0E
:10032000401BF8D030BD034611F8012B00F8012B1B
:10033000002AF9D1184670472DE9F04791460F463B
:1003400080460446002614F8015B2DB1FFF79CFFA0
:100350000068405DC007F6D12B2D02D02D2D18D09E
:10036000641E4A463946204600F07DFA27B13968B6
:10037000A14201D1C7F8008071054FF002040BD5EE
:100380004042002803DD08F003FA0460A007BDE83E
:10039000F08746F48066E4E70028F8DA08F0F8F918
:1003A00004606FF00040F2E72DE9FE4F804681EADD
:1003B0000300C00F0C46009021F0004123F00045DF
:1003C000B8EB0200A94105D24046214690461C46A2
:1003D0000B46024623F00040104347D0270DC7F3D9
:1003E0000A00C3F30A510290401A019040286BDAC8
:1003F000C3F3130040F4801B0098924620B1002301
:10040000D2EB030A63EB0B0B01985946C0F1400293
:10041000504600F0F7F906460D4650465946019AF7
:1004200000F00FFA10EB08006141002487EA115236
:1004300084EAE7731A4340D0009A62B3019A012A12
:100440004FEA075215DC001B61EB02014FF000423E
:1004500002EA0752CDE90042001C41F58011324604
:100460002B4600F0E3FA03B0BDE8F08F404621468A
:10047000F9E7001B61EB0201001C41F58013001835
:100480005B412018A2F5001747EB030140EAD57045
:10049000B6196D4111E06D084FEA360645EAC075A0
:1004A0004FEA0752001B61EB0201001C41F580116D
:1004B00049084FEA30000019514132462B4603B03B
:1004C000BDE8F04F00F0A3BA0098012240000023DD
:1004D000D0EB020263EBE073009821464FEAE07430
:1004E000B8EB000061EB0401E9E783F000435BE750
:1004F00081F0004158E72DE9FE4F81EA030404F042
:10050000004421F0004100944FF0000B23F0004321
:1005100050EA01045ED052EA03045BD0C3F30A54EC
:10052000C1F30A552C44A4F2F3340194A0FB025405
:10053000C1F3130141F48011C3F3130343F4801397
:1005400001FB024400FB034E840A970A44EA8154EB
:1005500047EA8357A4FB076802958D0A05FB0785C8
:100560004FEA932C04FB0C542705029D4FEA0658D2
:1005700047EA1637B5EB08056EEB070C870E920EAF
:1005800047EA811742EA8312A7FB0201B6EB0B018F
:1005900064EB00042B0D43EA0C335E1844EB1C5053
:1005A000DA465146E7FB0201C5F313044FEA0B3369
:1005B00043EA14534FEA0432019C43EA0603A4F1D0
:1005C0000C040294009CCDE900B400F02FFA03B0B3
:1005D000BDE8F08F00200146F9E72DE9F04D81EAF2
:1005E000030404F0004B21F0004514464FF0000ACC
:1005F00023F0004150EA050220D054EA01021DD048
:10060000C5F30A570246C5F31303C1F31300C1F340
:100610000A5640F4801543F48013A7EB0608101B1C
:10062000D64608F2FD3873EB050002D308F1010845
:1006300001E092185B41B8F1000F03DA0020014697
:10064000BDE8F08D00204FF48011064684460EE090
:10065000171B73EB050705D3121B63EB050306435A
:100660004CEA010C49084FEA300092185B4150EA0D
:100670000107EDD152EA030012D082EA040083EAB6
:100680000501084305D0101BAB4106D2012200230F
:1006900006E000224FF0004302E06FF00102531029
:1006A0001AEB06004CEB085110EB0A0041EB0B0172
:1006B000BDE8F04D00F0ABB90EB5C10F80EAE070B7
:1006C0000844CA07002140F233438DE80E000A4671
:1006D0000B4600F0ABF903B000BD70B5C1F30A5290
:1006E00001F000450024C1F3130140F2FF3341F44F
:1006F00080119A4201DA002070BD40F233439A42E1
:10070000A2F2334203DC524200F08BF800E090404A
:100710002C43F1D0404270BD00F0004230F0004068
:100720000AD0C10D01F56071C0F3160042EA015113
:10073000C20840071143704700200146704700007F
:1007400030B5041E71F1000404DB4FF00044404258
:1007500064EB0101141E73F1000405DB1C464FF02D
:100760000043524263EB04038B4208BF824230BD18
:1007700030B5041E71F1000404DB4FF00044404228
:1007800064EB0101141E73F1000405DB1C464FF0FD
:100790000043524263EB0403994208BF904230BDCC
:1007A00001F0004330B421F0004150EA010206D0CC
:1007B0000A0DA2F56072C1F31301002A02DC30BCFD
:1007C00000207047440F44EAC104C100E01830BC67
:1007D00000EBC25000F0E4B830B50B4601460020F3
:1007E0002022012409E021FA02F59D4205D303FAF3
:1007F00002F5491B04FA02F52844151EA2F1010274
:10080000F1DC30BD202A04DB203A00FA02F100209E
:1008100070479140C2F1200320FA03F3194390403E
:100820007047202A04DB203A21FA02F000217047A9
:1008300021FA02F3D040C2F1200291400843194648
:100840007047202A06DBCB17203A41FA02F043EA30
:10085000E07306E041FA02F3D040C2F12002914079
:100860000843194670472DE9F05F8246007800275B
:1008700015468B460AF10104B946302801D09DB1D6
:1008800013E014F8010B0127782803D0582801D071
:1008900045B10AE00DB1102D07D10027102514F83D
:1008A000010B02E0082500E00A250026B0460EE014
:1008B00005FB080005FB06F1012701EB10461FFAB6
:1008C00080F8B6F5803F00D3B94614F8010B2946ED
:1008D00000F076F90028EBDABBF1000F05D00FB17C
:1008E000641E00E05446CBF80040B9F1000F06D07A
:1008F00007F04EFF02210160C81EBDE8F09F48EAE4
:100900000640FAE70FB4002300B589B00CA90091A6
:100910000B996FF00042CB601E4B06931E4B079362
:100920000423CDE901321D4A089202466B4600209D
:1009300000F0E8F909B05DF814FB70B586B0064622
:100940004FF0FF300091CDE90101002015460C4623
:1009500004903246694604A8FFF7D4FF0246049883
:10096000211825B108B1084600E020462860049807
:1009700000280DD0002A02DD0098884208D0081B0C
:100980000094CDE901043246694604A8FFF7BAFF96
:1009900006B070BD3D0F00085B0F00089102000813
:1009A0000029A8BF7047401C490008BF20F0010083
:1009B000704710B4B0FA80FC00FA0CF050EA010461
:1009C00004BF10BC704749B1CCF1200421FA04F4F3
:1009D00011FA0CF118BF012121430843A3EB0C01CC
:1009E000CB1D4FEA00614FEA102042BF002010BC2F
:1009F000704700EBC35010440029A4BF10BC7047DF
:100A0000401C490008BF20F0010010BC704710B521
:100A1000141E73F1000408DA401C41F10001921821
:100A20005B411A4301D120F0010010BD2DE9F04DCA
:100A300092469B4611B1B1FA81F202E0B0FA80F21F
:100A400020329046FFF7DEFE04460F4640EA0A00D9
:100A500041EA0B0153465A46084313D0114653EA64
:100A6000010019D0C8F140025046FFF7DAFE0546F2
:100A70000E46504659464246FFF7C4FE084305D08D
:100A8000012004E020463946BDE8F08D00200543F2
:100A900046EAE0762C4337430A986305E40AA0EB64
:100AA00008000022FD0A44EA47540A3002D500201B
:100AB0000146E9E7010510196941DDE9084500191A
:100AC0006941BDE8F04DA2E72DE9F04D00231A463B
:100AD0001B1A8A4103DB00200146BDE8F08DC1F3FB
:100AE0000A52C1F3130141F480154FF0000BD107F6
:100AF00002D100186D41521E0027044640F2FF113A
:100B0000384601EB620A3E468046024600204FF41A
:100B10008011FFF786FEC2197141BB1846EB010038
:100B2000B4EB030C75EB000C04D3E41A65EB000581
:100B300017460E46241908F101006D4180463428FD
:100B4000E3DDF91946EB0600091BA84103D24FF07B
:100B5000FF32134601E0002213461BEB070046EB71
:100B60000A51BDE8F04DFFF752BFC1F30A52C1F37D
:100B7000130140F2FF3341F480119A4202DA00205F
:100B80000146704740F233439A42A2F2334202DCFC
:100B90005242FFF746BEFFF735BE0000064C074D38
:100BA00006E0E06840F0010394E80700984710343D
:100BB000AC42F6D3FFF7ECFA44520408645204083E
:100BC0003A2800D2303820F02002412A01D3A2F185
:100BD0003700884201D34FF0FF3070472DE9FF4FB7
:100BE000087883B09946FF2805D0491C2D2804D0E9
:100BF0000024002008E000200BE00124F9E700EBCE
:100C0000800003EB4000491C0B78FF2BF7D104B1A7
:100C1000404200230293147819461D462D2C01D022
:100C20002B2C04D1521C2D2C13D000240294AA4644
:100C30001478FF2C0FD00A25A3FB057801FB058152
:100C40004FF0000C03FB0C11521CE3194AEB01019D
:100C5000EEE70124EAE7814453EA010002D019F5E6
:100C6000C87F06DA03980021C0E9001107B0BDE88B
:100C7000F08F0025AE4E2F46DFF8B882184600F000
:100C80007DF9CDE90001B9F1000002DAC9F10004F3
:100C900000E004460023A74A1AEB030B42EB045A78
:100CA00012E0E00707D02A46334638464146FFF7B0
:100CB00022FC074688462A46334610461946FFF767
:100CC0001AFC05460E466410002CEAD1DDE900014D
:100CD000B9F1000F5A46534606DAFFF77EFC3A4652
:100CE0004346FFF77AFC05E0FFF705FC3A4643462A
:100CF000FFF701FC029A0AB181F00041039AC2E9B0
:100D00000001B3E72DE9FF4F1F468DB0D7E901463B
:100D10004FF0FF382E2045464FF000090B90B9697F
:100D20006D1C0E988847396A824688470028F6D19C
:100D3000BAF1FF3F0AD024F4D064002E11DDBAF1DD
:100D40002B0F08D0BAF12D0F0BD102E0404611B0A5
:100D50008DE744F48064B9696D1C0E98884782461B
:100D6000761E6946600501D52D2000E02B208DF808
:100D7000000001F1010B0DF1200809E0B9696D1CBB
:100D80000E98884782460F9844F40074761E0560DA
:100D9000002E02DDBAF1300FF0D00B998A453ED11A
:100DA00044F0800406E00F99681CA9F1010944F49D
:100DB00000740860B9696D1C761E0E9888478246DB
:100DC0003028F0D02BE00B998A4505D1200603D4BA
:100DD00044F08004761E18E0504608F095FA08B3F7
:100DE0000DF11301761E44F400748B4508D2AAF16C
:100DF00030000BF8010B200607D5A9F1010003E034
:100E0000200602D409F101008146A00502D50F9900
:100E1000681C0860B9696D1C0E9888478246002ED0
:100E2000D1DC53E0002E51DDBAF1650F02D0BAF1EA
:100E3000450F4BD1A00549D5B9696D1C24F4407408
:100E4000761E0E9888478246002E0CDD2B2804D093
:100E5000BAF12D0F07D144F48074B9696D1C0E9856
:100E600088478246761EE00501D52D2100E02B2122
:100E700008F8011BCDF82C8021E00DF12901761E28
:100E800044F4007488450CD2AAF1300010F0FF0041
:100E900088F8000002D10B99884509D908F10108AA
:100EA00006E0E00501D5244801E042F20F708146DA
:100EB000B9696D1C0E98884782460F980560002E10
:100EC00004DD504608F020FA0028D6D1F9690E98C2
:100ED0008847FF208BF8000088F80000002006906B
:100EE00007904B466A4608A906A8FFF777FEA005BB
:100EF00002D46FF001002AE714F0240F0AD0E007B3
:100F000014D1DDE906123868031D3B600068C0E9B2
:100F100000120BE0DDE90601FFF742FC0146E007A5
:100F200004D13868021D3A600068016028460EE767
:100F3000000014400000F03FF1D8FFFF426842B1CA
:100F4000016811F8013B23B1521EC0E90012184696
:100F500070470121C160881E704742685AB1C3685A
:100F6000016843B983688B4205D0491E521CC0E911
:100F70000012002070474FF0FF3070470EB540F26E
:100F8000334202920022CDE900221346FFF74EFDC4
:100F900003B000BD70B58C1810F8015B15F00703A5
:100FA00001D110F8013B2A1106D110F8012B03E002
:100FB00010F8016B01F8016B5B1EF9D12B0705D40A
:100FC0000023521E0DD401F8013BFAE710F8013B53
:100FD000CB1A921C03E013F8015B01F8015B521E6F
:100FE000F9D5A142D8D3002070BD002904D0816872
:100FF00041F0010181607047816821F00101816049
:101000007047000010B5074C226807490A40D0E934
:1010100000131943D0E902300343194311432160FF
:1010200010BD000004230140E030FCFF002904D083
:10103000816841F4807181607047816821F480711A
:1010400081607047002904D0816841F4007181609B
:101050007047816821F400718160704730B5426843
:101060000F4B1A400C790B6842EA04221343436089
:1010700083680C4A1340D1E9034222434D798C68BE
:1010800044EA450422431A438260C26A22F4700291
:10109000097D491EC9B242EA0151C16230BD00005A
:1010A000FFFEFFFCFDF7FFC070B5072609290AD92E
:1010B000C568A1F10A0404EB4404A640B543A3406B
:1010C0001D43C56007E0056901EB4104A640B54337
:1010D000A3401D4305611F23072A09D2446B521EFA
:1010E00002EB820293409C4391400C43446370BDE9
:1010F0000D2A09D2046BD21F02EB820293409C435B
:1011000091400C43046370BDC46A0D3A02EB820245
:1011100093409C4391400C43C46270BD816841F090
:1011200080418160704700210160017141718160DF
:10113000C160016101210175704770B504460D461B
:1011400000F026F829462046BDE87040AFF3008045
:101150003EB504460D460121102004F04BFD0194DC
:10116000ADF80050094C6946204606F01FFF0121EA
:10117000204606F0A1FD01221146204606F0E2FEBF
:101180000121204606F09EFD3EBD000000100040FB
:1011900008B54FF4E06004F0CBFC36208DF8000079
:1011A00000208DF8010003208DF8020001208DF849
:1011B0000300684604F088FC08BD00001CB501214E
:1011C000402004F0FBFC4FF40040009000208DF81C
:1011D000040001208DF807000C4C6946204602F0FF
:1011E00009F84FF4804100916946204602F002F868
:1011F0004FF4005100916946204601F0FBFFE114D5
:1012000000916946204601F0F5FF1CBD0018024020
:10121000FEE770B500254FF4803400E0641E24B171
:10122000802005F005F90028F8D02CB140F2FF50DD
:1012300005F0BCF8284670BD032070BD70B50546AA
:1012400000243B49086800E0086810F0450FFBD017
:10125000410705D50324042005F0A8F8204670BDF9
:10126000C00705D00124012005F0A0F8204670BD7C
:1012700005F0D8F8A84201D0102070BD40F2FF5010
:1012800005F094F8002005F0EFF82A49084201D152
:10129000204670BD002801DA1C2070BD410001D538
:1012A000092070BD810001D50A2070BDC10001D5A3
:1012B0000B2070BD010101D50C2070BD410101D58D
:1012C0000D2070BDC10101D50E2070BD010201D5F8
:1012D0000F2070BD410201D5102070BD810201D5E3
:1012E000112070BDC10201D5122070BD010301D5CE
:1012F000132070BD410301D5142070BD810301D5B9
:10130000152070BDC10301D5162070BD010401D5A3
:10131000172070BD410401D5182070BD810401D58E
:10132000192070BD000701D51A2070BD204670BD80
:10133000342C014008E0FFFD10B500240E4A11686E
:1013400000E0116811F0450FFBD0480705D50324D4
:10135000042005F02BF8204610BDC80705D0012455
:10136000012005F023F8204610BD40F2FF5005F0A3
:101370001DF8204610BD0000342C014010B500249B
:101380000A4A116800E0116811F0450FFBD04807C8
:1013900005D50324042005F009F8204610BD40F2CD
:1013A000FF5005F003F8204610BD0000342C01402A
:1013B00070B506460C4600251C4A106800E010680F
:1013C00010F0450FFBD0410705D50324042004F09D
:1013D000EDFF204670BDC00705D00124012004F0B8
:1013E000E5FF204670BD05F01DF8B04201D0102089
:1013F00070BD40F2FF5004F0D9FF002005F034F832
:1014000010F4604F03D0810405D5132070BD000C8B
:101410002080284670BD410401D5102070BD000415
:1014200001D50F2070BD284670BD0000342C01404E
:1014300010B500204FF480310D4B1A6801E0491EB1
:101440001A6812F0450F01D10029F8D109B15107EE
:1014500005D50324042004F0A9FF204610BD510641
:10146000FCD50024402004F0A1FF204610BD000060
:10147000342C014008B54FF6FF70014603F0B8FF69
:1014800001200090054800210088B63882B2044847
:101490000388B52003F03AFA08BD00004603002097
:1014A00048030020017A0448017100884FF6FF715B
:1014B00080B203F09DBF00009803002010B5074CD8
:1014C0008068206080B24FF6FF7103F091FF2079B1
:1014D000082801D10020207110BD000098030020D1
:1014E00070B5104E104D3146284600F009F9012420
:1014F00038B10E48047031462846BDE8704000F00F
:1015000033B80B4E2846314600F0FAF8002807D0D1
:101510000848047031462846BDE8704000F024B801
:1015200070BD000000440010286402400503002044
:10153000008800100403002005F008BC074A904210
:1015400001D2074801E005481038064A8B0001EA3D
:10155000020101D5C160704781607047106402408C
:10156000006002407D0F7D0F074A904201D207487C
:1015700001E005481038064A8B0001EA020101D556
:10158000C160704781607047106402400060024093
:101590007D0F7D0F002904D0016841F00101016039
:1015A0007047016821F00101016070472DE9F043A7
:1015B000016821F00101016000210160416081604A
:1015C000C1600161212141613E493E4A10394FF01D
:1015D0003D08904203D1C1F80880BDE8F083394A44
:1015E0004FF474651832904201D18D60F5E7354AA9
:1015F0004FF474163032904201D18E60EDE7314ADB
:101600004FF074674832904201D18F60E5E72D4B6F
:101610002D4A6033984201D1CA60DEE7294C2B4B3A
:101620007834A04201D1CB60D7E7DFF898C0284CCE
:101630000CF1900C604501D1CC60CEE7DFF88490CE
:101640004FF03D5C09F1A809484502D1C1F80CC032
:10165000C3E72049DFF87C900839484502D1C1F83A
:101660000080BAE7DFF86C8008F11808404501D126
:101670000D60B2E7174D3035A84201D10E60ACE7DE
:10168000144D4835A84201D10F60A6E7114D11490C
:101690006035091FA84201D10A609EE70D4A7832E1
:1016A000904201D10B6098E70A4A9032904201D1F2
:1016B0000C6092E7074AA83290428ED1C1F800C070
:1016C0008BE70000106002403D000020400F00202A
:1016D00000003D2010640240002904D0016841F060
:1016E000200101607047016821F02001016070470E
:1016F000014600200968C90700D00120704700009A
:1017000030B500240F4A904201D20F4A01E00D4A41
:10171000103A0E4B194205D01E2303EAD125036867
:101720002B4002E0406900F08003880001D550683A
:1017300000E01068064A1040084201D003B10124BD
:10174000204630BD10640240006002403C0F3C0F58
:101750007D0F7D0F0B0609D522B1436943F080034D
:10176000436103E0436923F080034361802905D08E
:1017700001F01E011AB102680A4302607047026854
:101780008A4302607047000030B50368124A134074
:10179000CC680A682243D1E905452C432243CC6931
:1017A00022430C6A22434C6A22438C6A22434C6BCC
:1017B00022438C6B22431A430260426922F00703E2
:1017C000D1E90B2422431A4342610A6942604A6804
:1017D00082608968C16030BD3F801CF070470000A6
:1017E00070B586B00121084604F0E8F90121102007
:1017F00004F01CFA254E07220A21304601F038FD7C
:1018000007220921304601F033FD00248DF81640EF
:1018100001208DF8170002258DF815508DF8145011
:101820004102049104A9304601F0E4FC8DF8145003
:101830006802049004A9304601F0DCFC4FF4E1306A
:101840000090ADF80440ADF80640ADF80840ADF8A2
:101850000C400C20ADF80A000D4C6946204606F0FD
:101860001FFE04F00AF9012240F22551204606F03D
:10187000FCFD012240F22441204606F0F6FD012144
:10188000204606F0B5FD06B070BD00000000024025
:101890000010014001B502E00098401E0090009841
:1018A0000028F9D108BD000001B503480099416046
:1018B00041680029FCD108BDA003002010B50C48E8
:1018C0000178012913D10021017002F0FFF90948C4
:1018D0000021038808480288084602F0CDFC07482A
:1018E000007804F035F9BDE8104002F025BA10BDCB
:1018F0001C00002048030020460300204403002071
:101900002DE9F84304464FF00108207B4FF4784658
:101910004FF6FF7500283FD02946284603F068FDA2
:10192000CDF80080E0886188A288401A83B22088C0
:10193000121A92B202F0EAFF2946304603F058FD2F
:101940002D4803F05BFDE08861882CA2401A203806
:1019500000EBD07001EB600083B2A0882188401AB0
:10196000403800EBD07001EB600080B2194602F005
:101970007FFD29464FF4047003F03AFD00200090EB
:10198000E0886188A288401A83B22088121A92B235
:1019900002F0BCFFBDE8F8834DF6FB6729463846E8
:1019A00003F026FDCDF80080E0886188A288401A07
:1019B00083B22088121A92B202F0A8FF394630464C
:1019C00003F016FD0C4803F019FDE08861880BA2B6
:1019D000401A203800EBD07001EB600083B2A08881
:1019E0002188401A403800EBD07001EB600080B2D3
:1019F000194602F03DFDBCE758030020C7E5C6C10B
:101A000000000000F8B504460126207B4FF6FF7564
:101A1000002820D02846014603F0EAFC0096E08822
:101A20006188A288401A83B22088121A92B202F00A
:101A30006DFF29464FF4047003F0DAFC002000909B
:101A4000E0886188A288401A83B22088121A92B274
:101A500002F05CFFF8BD2089294680B203F0C8FC83
:101A60000096E0886188A288401A83B22088121A02
:101A700092B202F04BFFDCE72DE9F8430446012562
:101A8000207B4FF000084FF404794DF6FB674FF6CA
:101A9000FF7600282ED03146304603F0A9FC009591
:101AA000E0886188A288401A83B22088121A92B214
:101AB00002F02CFF3146484603F09AFCCDF8008036
:101AC000E0886188A288401A83B22088121A92B2F4
:101AD00002F01CFFB0464146002003F089FCA168DB
:101AE0000A26092950D2DFE801F0253D5165798D9C
:101AF000A1B4E9003146384603F07AFC0095E0884D
:101B00006188A288401A83B22088121A92B202F029
:101B1000FDFE3946484603F06BFCCDF80080E088B6
:101B20006188A288401A83B22088121A92B202F009
:101B3000EDFECFE74146002003F05AFCE0886188C3
:101B4000401A00EBD07001EB600083B281B2A08834
:101B5000143882B2208801B01430BDE8F04380B25E
:101B600002F00CBE0095E1886088091A01EBD17182
:101B700000EB610083B281B2A088143882B2208861
:101B8000143080B202F048FEBDE8F88302200090D5
:101B9000E0886188401A00EBD07001EB600083B2EE
:101BA00081B2A088143882B22088143080B202F04A
:101BB00033FEE9E703200090E0886188401A00EBDB
:101BC000D07001EB600083B281B2A088143882B279
:101BD0002088143080B202F01FFED5E70420009068
:101BE000E1886088091A01EBD17100EB610083B2D2
:101BF00081B2A088143882B22088143080B202F0FA
:101C00000BFEC1E708200090E1886088091A01EB0B
:101C1000D17100EB610083B281B2A088143882B226
:101C20002088143080B202F0F7FDADE70096E1881D
:101C30006088091A01EBD17100EB610083B281B2B7
:101C4000A088143882B22088143080B202F0E4FDFB
:101C50009AE74146002003F0CBFBE1886088091A2F
:101C600001EBD17100EB610083B281B2A088401F0B
:101C700082B22088401D80B202F080FD002514E071
:101C8000E18860880523091A01EBD17100EB61003E
:101C900081B205EB850003EB4000104480B20123C4
:101CA000032202F0C3FC6D1CADB2A0882288801A0A
:101CB0000A3890FBF6F0A842E2DC65E700214046D6
:101CC00003F096FB0095E08861882823401A463887
:101CD00000EBD07001EB600085B2A08821881A4625
:101CE000401A283800EBD07001EB600080B2294622
:101CF00002F00CFE39464FF4784003F079FB0D48B2
:101D000003F07CFBE08861882288401A303800EBC1
:101D1000D07040102030084481B2A088BDE8F8435C
:101D2000801A403800EBD07002EB600080B202A253
:101D300002F09EBB58030020CFF0C6A400000000B4
:101D4000F8B51446069A1D46B52C26DDB52824DDC7
:101D500017790126E21EC31E092F1ED2DFE807F005
:101D600005101E2D3A495A6B8000002915DB01B081
:101D7000ABB2A2B2BDE8F04089B280B202F0FEBCC4
:101D8000621EB52A09DB421EB52A06DBABB2A2B23F
:101D900089B280B2009602F03FFDF8BDA21EB52ABE
:101DA000FBDB821EB52AF8DB02220092ABB2A2B2A4
:101DB00089B280B202F030FDF8BDB52AFCDBB52B4C
:101DC000FADB03220092ABB2A2B289B280B202F077
:101DD00023FDF8BD221FB52AFBDB021FB52AF8DB65
:101DE00004220092ABB2A2B289B280B202F014FD1A
:101DF000F8BDA4F10802B52AFADBA0F10802B52A61
:101E0000F6DB08220092ABB2A2B289B280B202F035
:101E100003FDF8BDA4F10A02B52AFADBA0F10A021B
:101E2000B52AF6DB0A220092ABB2A2B289B280B226
:101E300002F0F2FCF8BDB52AFCDBB52BFADB002979
:101E4000F8DBABB2A2B289B280B202F097FC01B06B
:101E5000A9B2A0B2BDE8F0400123032202F0E6BB24
:101E6000A4F114000746B528E4DB0D4814340088BB
:101E70008442DFDC0B4905F1140009888842D9DC73
:101E8000142DD7D44FF6FF70014603F0B1FA143D7C
:101E90002823A9B2B8B21A46009602F037FDF8BD61
:101EA00046030020480300202DE9F04707460E4670
:101EB000DFF8C0800121404601F074FF2E4C40F253
:101EC000FF752560DFF8B49006E02168491E2160A7
:101ED00011B9012000F0D4FB4946404601F098FEBC
:101EE0000128F2D1C1460022A121484602F034F86F
:101EF0002560DFF88C8006E02168491E216011B959
:101F0000022000F0BDFB4146484601F081FE012859
:101F1000F2D13946484602F028F82560184FBF1C18
:101F200006E02168491E216011B9032000F0A8FBDA
:101F30003946484601F06CFE0128F2D13146484648
:101F400002F013F8256006E02268521E226012B9E2
:101F5000042000F095FB3946484601F059FE01285F
:101F6000F2D10121484601F029FFBDE8F04706F013
:101F700071BB00000054004020030020010003005A
:101F8000820007002DE9FC410121022003F016FE2A
:101F90000121022003F012FE154F042207213846CA
:101FA00001F066F904220621384601F061F90126A4
:101FB0008DF8066000258DF8075002248DF8054045
:101FC0008DF80440802000906946384601F012F9EF
:101FD0008DF806608DF807508DF805408DF80440A7
:101FE000402000906946384601F004F9BDE8FC81C4
:101FF0000004024010B5FFF7C5FFBDE8104000F037
:1020000001B800001FB50121480503F0F3FD4FF4AE
:102010008060ADF80A000001ADF80C000C4800909B
:102020004BF6FF70ADF806000020ADF804007720F5
:10203000ADF80800074C6946204601F0CBFE0121AF
:10204000204601F0F1FD0121204601F0D5FD1FBD24
:10205000801A0600005400402DE9F04707460D465F
:102060001446DFF8D8A00121504601F09BFE344E03
:1020700040F2FF79C6F80090DFF8C88006E03168CA
:10208000491E316011B90C2000F0FAFA4146504661
:1020900001F0BEFD0128F2D10022A121504601F03D
:1020A0005BFFC6F80090DFF8A08006E03168491EAB
:1020B000316011B90D2000F0E3FA4146504601F0BD
:1020C000A7FD0128F2D139465746384601F04DFFA9
:1020D000C6F80090DFF8708008F1020806E030686A
:1020E000401E306010B90E2000F0CAFA4146384652
:1020F00001F08EFD0128F2D114E02978384601F074
:1021000034FFC6F8009006E03068401E306010B919
:102110000F2000F0B5FA4146384601F079FD01285C
:10212000F2D16D1C641EE4B2E7D20121384601F001
:1021300045FEBDE8F04706F08DBA000000540040AF
:102140002003002001000300820007002DE9F04772
:1021500081460D46DFF81C810121404601F022FE38
:10216000454C40F2FF762660444F06E02068401E52
:10217000206010B9052000F083FA3946404601F08E
:1021800047FD0128F2D10022A121404601F0E4FEE2
:102190002660DFF8ECA006E02068401E206010B941
:1021A000062000F06DFA5146404601F031FD01284D
:1021B000F2D14946C146484601F0D7FE2660DFF815
:1021C000C08008F1020806E02168491E216011B9AB
:1021D000072000F055FA4146484601F019FD012854
:1021E000F2D10121484601F0DDFD266006E02168BC
:1021F000491E216011B9082000F042FA39464846CC
:1022000001F006FD0128F2D10122A121484601F08A
:10221000A3FE2660194F7F1C06E02168491E21603D
:1022200011B9092000F02CFA3946484601F0F0FCBB
:102230000128F2D10021484601F0DEFC26600F4E55
:102240003F3606E02168491E216011B90A2000F0DE
:1022500017FA3146484601F0DBFC0128F2D1484626
:1022600001F03BFE28700121484601F0A7FD002047
:10227000BDE8F08700540040200300200100030067
:10228000820007002DE9F05F83460D461446DFF813
:1022900040910121484601F085FD4E4E40F2FF7706
:1022A0003760DFF8348106E03068401E306010B9D6
:1022B000102000F0E5F94146484601F0A9FC01284C
:1022C000F2D10022A121484601F046FE3760DFF836
:1022D0000CA106E03068401E306010B9112000F0FB
:1022E000CFF95146484601F093FC0128F2D15946F6
:1022F000484601F03AFE3760DFF8E0A00AF1020A32
:1023000006E03168491E316011B9122000F0B8F9B9
:102310005146484601F07CFC0128F2D10121484693
:1023200001F040FD376006E03168491E316011B9A7
:10233000132000F0A5F94146484601F069FC012848
:10234000F2D1C8460122A121404601F005FE3760C6
:10235000DFF8849009F1010906E03168491E316017
:1023600011B9142000F08CF94946404601F050FCA8
:102370000128F2D121E04CB10121404601F03CFCA2
:102380003760DFF8549009F13F090BE00021404627
:1023900001F032FCF4E73068401E306010B91520BF
:1023A00000F06EF94946404601F032FC0128F2D1B6
:1023B000404601F092FD05F8010B641EA4B2DAD28A
:1023C0000121404601F0FAFC0020BDE8F09F00002A
:1023D0000054004020030020010003008200070099
:1023E0002DE9F04105460E46C2F3071402F00F072F
:1023F00009E0102231462846FFF72EFE06F02AF9A2
:102400001035EDB21036641EE4B2F2D23A463146CF
:102410002846FFF721FE06F01DF90020BDE8F081F7
:102420002DE9F04105460E4605F00F00002812D0B8
:10243000C0F11000C7B2D01BC0B2040900F00F08F1
:102440003A4631462846FFF707FE06F003F9E81939
:10245000C5B23E4423E0C2F3071402F00F0709E0BF
:10246000102231462846FFF7F7FD06F0F3F8103545
:10247000EDB21036641EE4B2F2D23A463146284636
:10248000FFF7EAFD06F0E6F813E010223146284691
:10249000FFF7E2FD06F0DEF81035EDB21036641EEF
:1024A000E4B2F2D2424631462846FFF7D5FD06F0A7
:1024B000D1F80020BDE8F08170B586B00121084652
:1024C00003F07CFB0121C80403F094FB214E082299
:1024D0000121304600F0CCFE08220021304600F0F9
:1024E000C7FE00248DF8164001218DF81710022533
:1024F0008DF815508DF81450049104A9304600F061
:1025000079FE8DF81450049504A9304600F072FE4F
:102510004FF4E1300090ADF80440ADF80640ADF85E
:102520000840ADF80C400C20ADF80A000A4C694692
:10253000204605F0B5FF03F0B3FA012240F2255121
:10254000204605F092FF0121204605F051FF06B01C
:1025500070BD000000000240004C004010B54FF478
:102560008054204600F01EF8002806D001F0DCF967
:102570002046BDE8104000F00FB810BD10B54FF474
:102580000074204600F00EF8002804D02046BDE874
:10259000104000F001B810BD01490860704700000C
:1025A000143C014001460020024A12680A4200D051
:1025B00001207047143C014030B51B4A8379016803
:1025C000002B2AD013688B431360111D0B6804681D
:1025D000A3430B60017911440B68046823430B602B
:1025E000114C08342168036899432160231D196840
:1025F0000568A94319604179102905D011440A687A
:10260000006802430A6030BD2168026811432160FE
:10261000196800680143196030BD007910440268F0
:102620008A43026030BD0000003C01407FB50121BB
:10263000022003F0C3FA0121880303F0F7FA4FF4F4
:102640000075029500248DF80C408DF80F4002A90A
:102650000A4800F0CFFD0921012005F04BF8009554
:102660008DF8044008208DF8050001208DF8060043
:102670006846FFF7A1FF03F0EDF97FBD00040240BB
:1026800010B50446214602A006F02CF8204610BDE5
:102690000D0A49324331206572726F72206F636395
:1026A0007572726564202C20636F6465203D20255F
:1026B0006400000070477047704700B5FFF7FAFFED
:1026C000FFF7FAFF5DF804EBFFF7F5BF2DE9F041E6
:1026D000C4B2C0F30725C0F3074600F0CBFB00F0FF
:1026E000A1FBDFF838804FF400673946404600F020
:1026F000D6FD202000F048F9304600F045F9284684
:1027000000F042F9204600F03FF93946404600F01B
:10271000C8FDBDE8F04100F085BB00000014024098
:1027200010B50446214602A005F0DCFF204610BD8E
:102730000D0A535049206572726F72206F63637582
:1027400072726564202C20636F6465203D202564CF
:10275000000000002DE9F0470446154601F0FF088F
:10276000C1F30729C1F3074A104F4FF40066314601
:10277000384600F094FD032000F006F9504600F0C2
:1027800003F9484600F000F9404600F0FDF803E088
:1027900000F054F804F8010B6D1EADB2F8D23146CA
:1027A0003846BDE8F04700F07CBD00000014024050
:1027B00070B50E4D4FF400642146284600F06FFDC1
:1027C000AB2000F0E1F8FF2000F0DEF8FF2000F081
:1027D000DBF8FF2000F0D8F800F030F8064621467C
:1027E000284600F05EFD304670BD00000014024037
:1027F0002DE9F041DFF840804FF40067394640464C
:1028000000F04DFD9F2000F0BFF8FF2000F0BCF865
:102810000446FF2000F0B8F80546FF2000F0B4F8A9
:1028200006463946404600F03CFD200440EA0520BB
:102830003043BDE8F081000000140240FF2000F0AA
:10284000A3B800007CB50121084603F0B7F90121C7
:10285000084603F0B3F90121084603F0AFF901215E
:10286000202003F0ABF90121042003F0A7F9264E44
:1028700005220621304600F0FBFC052207213046E8
:1028800000F0F6FC05221146304600F0F1FC002471
:102890008DF806408DF8074002258DF805508DF81B
:1028A0000450202000906946304600F0A3FC8DF8CB
:1028B00006408DF807408DF805508DF804508020B3
:1028C00000906946304600F095FC8DF806408DF882
:1028D00007408DF805508DF804504020009069465F
:1028E000304600F087FC8DF806408DF807408DF8E3
:1028F000055001208DF80400C0020090694603488D
:1029000000F078FC7CBD0000000002400014024092
:1029100010B5FFF797FF4FF40061034800F0C1FCCA
:10292000BDE8104000F002B80014024010B586B0B7
:102930000121080303F07AF90020ADF8100001210D
:10294000ADF80C100221ADF80A100721ADF81410F3
:10295000ADF80800ADF80400ADF812004FF4827035
:10296000ADF806004FF40070ADF80E00054C01A95B
:10297000204604F016FC0121204604F0FBFB06B0C3
:1029800010BD0000003001402DE9F0410746194C10
:1029900040F2FF752560184E04E02068401E20605C
:1029A000206858B10221304604F0F0FB0028F4D032
:1029B0003946304604F0F3FB256009E0BDE8F041FC
:1029C0000120FFF7ADBE2068401E2060206858B18E
:1029D0000121304604F0DAFB0028F4D0304604F040
:1029E000DCFBC0B2BDE8F081BDE8F0410220FFF79A
:1029F00097BE000008030020003001402DE9F04799
:102A000006460D46E8B24142CFB2140B02F0FF0970
:102A10004FF48058002812D0E8B24042C0B205EB13
:102A2000000A34B3D01B80B2040B00F0FF093A4611
:102A30002946304600F04CF855463E4439E074B91A
:102A400029463046BDE8F04700F042B842462946E4
:102A5000304600F03DF805F5805506F58056641EB9
:102A6000E4B2F3D24A4629463046BDE8F04700F0CA
:102A70002FB8B9450ED9A9EB0700C4B23A4629468A
:102A8000304600F025F85146F0192246BDE8F047DF
:102A900000F01EB829463046BDE8F04700F018B8EF
:102AA00042462946304600F013F805F5805506F5F4
:102AB0008056641EE4B2F3D2B9F1000F06D04A4644
:102AC00029463046BDE8F04700F002B8BDE8F0877F
:102AD0002DE9F84F07460C461546002600F0CAF9C6
:102AE0004FF40068DFF8809033E004F0FF0AC4F38D
:102AF000072BC4F307400090761C4FF480508542AA
:102B000003D9054619A005F0EDFD012E04D0F0B261
:102B1000012801D0200517D14146484600F0C1FBED
:102B200000F080F900F0A6F94146484600F0B7FBF6
:102B30000220FFF729FF0098FFF726FF5846FFF70E
:102B400023FF5046FFF720FF3878FFF71DFF7F1C5B
:102B5000641C6D1EADB2C8D24146484600F0A1FBD0
:102B6000BDE8F84F00F05EB9001402403C3C2D4631
:102B70004C4153482D4552524F522D3E3E2053500A
:102B8000495F464C4153485F5061676557726974AD
:102B90006520746F6F206C61726765210A00000008
:102BA0008000A0F1C040002904D0016841F001017B
:102BB000016070470168024A1140016070470000DF
:102BC000FEFF0F0070B501688900A1F1C0410B68DC
:102BD000344A1340D0E901242243D0E903452C4371
:102BE00022434469224384692243C4692243046A1C
:102BF0002243446A2243846A2243C46A2243046B08
:102C000022431A430A608168082907D101688900B4
:102C1000A1F1C0410A6842F040020A600168491C03
:102C20008A00A2F1C042116801F04044416BD1E931
:102C3000003543EA05138D688E892D0245EA064565
:102C40002B430D8A43EA05530D7D896943EA0563E9
:102C50000B4323431360C16AB1F5804F08D000686D
:102C60006FF070418000A0F1C040C0F8041170BD49
:102C700001688900A1F1C041D1F804210A4B1A4032
:102C8000806BD0E9003443EA041384688589240208
:102C900044EA05448069234303431343C1F80431E4
:102CA00070BD00008000F7FF0000F0CF2DE9FC4769
:102CB0000E460024002700970197574D4FF0080A51
:102CC000C5F800A0102068604FF04009C5F80890D2
:102CD000EF604FF48068C5F81080284603F0FAFBD7
:102CE0001020FEF7ABFA002832D14C4800890004CE
:102CF000286037206860C5F80890EF60C5F810803C
:102D0000284603F0E7FB3720FEF798FA00281FD18A
:102D1000411E05F114000160C0F804A0302181605B
:102D20000221C16007610121416103F057FB2F605F
:102D300033206860C5F80890EF60C5F81080284619
:102D400003F0C8FB3320FEF779FA0546280001D0CE
:102D5000BDE8FC874FF4001A6F46DFF8C48040F2EC
:102D60002A6908E0504603F063FB20B103F0ACFB96
:102D700047F82400641CD8F8000010EA090FF1D0CD
:102D8000082003F055FB20B1082003F00FFB0420BE
:102D9000DEE7022003F04CFB20B1022003F006FB2B
:102DA0000220D5E7202003F043FB20B1202003F0D0
:102DB000FDFA0620CCE74FF40074204603F038FB00
:102DC00020B1204603F0F2FA0720C1E740F2FF509D
:102DD00003F0ECFA00980099000601F47F4140EA04
:102DE0000120009901F47F0140EA1120009940EA96
:102DF0001160706001980199000601F47F4140EA7A
:102E00000120019901F47F0140EA1120019940EA73
:102E10001160306028469BE7184F00202C030020EB
:102E2000342C014070B5114E4FF4006529463046F0
:102E300000F035FA0520FFF7A7FDFFF7FFFC0C4C6B
:102E4000681E2060FFF7FAFCC00708D02068401E0B
:102E5000206020680028F5D10320FFF761FC294697
:102E60003046BDE8704000F01CBA0000001402407B
:102E70000803002070B5084D4FF400642146284631
:102E800000F00DFA0620FFF77FFD21462846BDE839
:102E9000704000F006BA00000014024010B500F0C7
:102EA00004F8BDE8104000F023B83EB504460D46D6
:102EB0000121084602F09EFE0194ADF8005000206A
:102EC000ADF80800ADF802004FF080446946204696
:102ED00005F06CF80121204604F0EEFE01221146B7
:102EE000204605F02FF80121204604F0EBFE3EBD00
:102EF00008B54FF4E06002F01BFE1C208DF80000C6
:102F000000208DF8010003208DF8020001208DF8CB
:102F10000300684602F0D8FD08BD10B500F004F8C3
:102F2000BDE8104000F024B83EB504460D4601212E
:102F3000022002F05FFE0194ADF800500020ADF8D1
:102F40000800ADF80200094C6946204605F02EF84D
:102F50000121204604F0B0FE01221146204604F073
:102F6000F1FF0121204604F0ADFE3EBD000400400B
:102F700008B54FF4E06002F0DBFD1D208DF8000085
:102F800000208DF8010003208DF8020001208DF84B
:102F90000300684602F098FD08BD70B504460D4672
:102FA00000F046F829462046BDE87040AFF30080A7
:102FB00070B586B004460D460121042002F01AFEC9
:102FC0001A4E304604F08AFE03A805F02DF804944A
:102FD000ADF80C500024ADF81440ADF80E4003A934
:102FE000304604F0E3FF0A231A460321304604F07A
:102FF0004BFF684604F09EFFADF808406946304636
:1030000004F067FF01221146304604F09BFF0121C6
:10301000304604F051FE47F6FF71304604F09CFF45
:103020000121304604F04EFE06B070BD000800409D
:1030300008B51E208DF8000000208DF80100032047
:103040008DF8020001208DF80300684602F03CFD77
:1030500008BD00007FB504460D460121082002F09E
:10306000C9FD0294ADF804500024ADF80C40ADF851
:1030700006400E4D01A9284604F098FF0122114692
:10308000284604F05FFF32218DF800108DF80140D2
:1030900003218DF8021001218DF80310684602F01B
:1030A00013FD0121284604F00DFE7FBD000C0040F9
:1030B0002DE9F0470F46002A70D00C2A6ED806681A
:1030C00044688568C168D0F81090D0F814A0BBB3EC
:1030D00001EB0208B8F1180F19D3A8F11808012C58
:1030E00016D0032C14D0052C12D0072C10D0082C8D
:1030F0000ED00A2C0CD0042C11D0062C0FD0092C89
:103100000DD00B2C0BD0022C10D00C2C1CD066E058
:103110001F2D01D26D1C62E00125641C5FE01E2D95
:1031200001D26D1C5BE00125641C58E01D2D08D008
:103130001C2D03D1F0B202F039F910B16D1C4EE034
:103140000AE0012503244AE01F2D01D26D1C46E050
:1031500001250124761C42E0914202D3A1EB020832
:103160003DE0A1EB020808F11808022C17D0042C4E
:1031700015D0062C13D0082C11D0092C0FD00B2CF5
:103180000DD0052C12D0072C10D00A2C0ED00C2CF0
:103190000CD0032C11D0012C1AD020E028E0012DF6
:1031A00001D96D1E1BE01F25641E18E0012D01D9F9
:1031B0006D1E14E01E25641E11E0012D03D1F0B236
:1031C00002F0F4F808B16D1E09E01C25022406E0A7
:1031D000012D01D96D1E02E01F250C24761E3E60D4
:1031E0007C60BD60C7F80C80C7F81090C7F814A0C9
:1031F000BDE8F0872DE9F041002201274FF0030CD4
:1032000007FA02F50B682B40AB422CD1066853003D
:103210000CFA03F4A64306600E79D0F800809E40B5
:1032200046EA080606600E79012E01D0022E12D160
:103230008668A64386604E79D0F808809E4046EAAC
:10324000080686604668AE43466045688E799640BB
:10325000B6B235434560C568A543C560CC799C408E
:10326000C3681C43C460521C102AC9D3BDE8F08156
:1032700010B54B07DB0E9A40C90800EB8100016ACC
:103280000F249C40A1430162016A1143016210BDF9
:103290000246002012690A4200D001207047418393
:1032A000704701837047000010B590B00121880578
:1032B00002F084FC1F4C2046FEF778F92046FEF70A
:1032C00017FA0028FAD14FF0206001901A480290B6
:1032D0001A480390002004904FF400710591069065
:1032E000490007910890099089100A9109020B91F1
:1032F0000C9003210D910E900F9001A92046FEF72E
:1033000043FA00F01DF8012218212046FEF722FAA8
:1033100001212046FEF73EF92046FEF7E9F9012893
:10332000FAD1054801224021001F05F06DF810B0C8
:1033300010BD00002864024004140140644C0020C9
:1033400008B54FF4C06002F0F3FB39208DF800009F
:1033500001208DF8010000218DF802108DF8030086
:10336000684602F0B1FB08BD70B586B0012120208F
:1033700002F05CFC0121042002F020FC1E4E082219
:1033800007213046FFF774FF082206213046FFF779
:103390006FFF00248DF8164001208DF817000225DC
:1033A0008DF81450402104918DF8155004A9304631
:1033B000FFF720FF8DF814508020049004A93046B8
:1033C000FFF718FF4FF416500090ADF80440ADF829
:1033D0000640ADF80840ADF80C400C20ADF80A00EE
:1033E000064C6946204605F05BF80121204604F0B2
:1033F000FFFF06B070BD000000080240001401404D
:10340000FEB50020009001900290224C224F2078BF
:1034100000EB400007EB40008088401C010A8DF85B
:1034200000108DF801000A226946BA2000F054F815
:10343000002801DA0020FEBD9DF802009DF803106F
:1034400000EB012085B29DF804009DF8051000EB0B
:10345000012086B2207800EB400007EB4000808816
:10346000801D010A8DF800108DF8010003226946C5
:10347000BA2000F031F8002801DA0020FEBD9DF8E6
:10348000020000F003033246294604A005F02AF9A1
:103490000120FEBD6C030020904B04083C3C2D47EE
:1034A00054502D494E464F2D3E3E20585F4D4158B9
:1034B000203D2025642C20595F4D4158203D20257A
:1034C000642C2054524947474552203D20307825EE
:1034D0003032780A00000000F0B587B00E4617467B
:1034E0004FF0FF3500240021ADF806108DF80400E0
:1034F0000221ADF8081003960121ADF812108DF8E5
:103500001000B81EADF81400B01C069007E00221B0
:1035100001A800F035FD0546022D02D0641C052CE3
:10352000F5DB052C08DB707831782B4640EA012169
:10353000BA1E034805F0D6F807B02846F0BD0000D3
:10354000A051040838B5002000901248007800EB24
:103550004001114800EB41008088010A8DF80010FD
:103560008DF801000024651E0DE003226946BA2093
:10357000FFF7B2FF45B2002D01DD284638BD2146D8
:1035800006A005F0AFF82046641CE4B20528ECD391
:10359000284638BD6C030020904B04083C3C2D4766
:1035A00054502D4552524F522D3E3E2047545020EC
:1035B0006932632074657374206661696C65642088
:1035C00074696D652025642E0A000000FEB50E4664
:1035D00017464FF0FF3500240021ADF802108DF89A
:1035E0000000ADF80470029607E00121684600F083
:1035F000C7FC0546012D02D0641C052CF5DB052C0B
:1036000008DB707831782B4640EA0121BA1E024867
:1036100005F068F82846FEBDF051040810B500F02A
:10362000A6FCFFF78FFF0446002C04DA06A005F085
:1036300059F8204610BD00F071F800F07DFBFFF74F
:10364000DFFE002010BD00003C3C2D4754502D45AE
:1036500052524F522D3E3E2049324320636F6D6DD2
:10366000756E69636174696F6E204552524F5221C5
:103670000A0000002DE9F047002801DB002902DAEA
:103680000020BDE8F087224C234D94F80090214C97
:10369000B5F80080B4F800C0A8EB0005ACEB00045E
:1036A000A8EB0106ACEB0107641E6D1E761E7F1EA3
:1036B000B9F1080F28D2DFE809F004070A0D10134A
:1036C00016191060196013E01160186010E01460A2
:1036D00019600DE011601D600AE010601E6007E0D7
:1036E0001760186004E014601E6001E017601D6040
:1036F0001068002806DB1968002903DB604501DA41
:10370000414503DB0020BCE70020BAE70120B8E711
:1037100044030020460300204803002030B585B054
:103720005048C1688068CDE90301082203A9BA2086
:10373000FFF7D2FE0446200005D54BA004F0D2FFCF
:10374000204605B030BD9DF80E10524D352918D0D9
:103750009DF81120002A37D0372A51D09DF8133018
:103760009DF81200CDE9002302909DF810309DF8DD
:103770000F2049A004F0B6FF9DF80E00392860D054
:103780006DE09DF813209DF81130CDE900329DF8D1
:10379000120002909DF810309DF80F204AA004F00E
:1037A000A1FF9DF80E00352859D19DF80F0036284D
:1037B00055D19DF81000382851D19DF811003828B6
:1037C0004DD1022028704AE09DF812009DF8132088
:1037D000CDE900209DF810309DF80F2046A004F0A0
:1037E00081FF9DF80E00392839D19DF80F0031284E
:1037F00035D19DF81000312831D1012028702EE0FC
:103800009DF813309DF81200CDE9002302909DF839
:1038100010309DF80F2020A004F064FF9DF80E00EA
:1038200039281CD19DF80F00312818D19DF81000BF
:10383000342814D19DF81100372810D103202870A6
:103840000DE09DF80F00312809D19DF810003528B2
:1038500005D19DF81100372801D104202870204699
:103860006FE70000804B04083C3C2D4754502D4529
:1038700052524F522D3E3E20475450207265616493
:103880002076657273696F6E206661696C65640A83
:10389000000000006C0300203C3C2D4754502D4993
:1038A0004E464F2D3E3E2049433320566572736984
:1038B0006F6E3A2025632563256325635F253032CB
:1038C00078253032780A00003C3C2D4754502D4971
:1038D0004E464F2D3E3E2049433120566572736956
:1038E0006F6E3A2025632563256325635F2530329B
:1038F00078253032780A00003C3C2D4754502D4941
:103900004E464F2D3E3E2049433220566572736924
:103910006F6E3A202563256325635F253032782555
:103920003032780A0000000000F070B82DE9F8434A
:1039300004460D461646B1B2A8B204F089FB0B4FFF
:1039400009480090A7F10A0833B22AB237F91410D7
:1039500038F914001E461546FEF7F2F928F81450FF
:1039600027F81460BDE8F88398030020880300203E
:1039700070B50446074EA6F10A0536F8141035F85E
:10398000140004F0F5FC4FF0FF3025F8140026F881
:10399000140070BD88030020F8B504460D46134E90
:1039A0003078002803D1FEF7B3FF01203070280AD9
:1039B000E9B2A138C0EB001202EB401001EB40006D
:1039C000A1388002C11700EB5170C0100849802255
:1039D00001442046FEF7BEFEE0780090A3786278AE
:1039E000217804A004F07EFE0020F8BD68030020CA
:1039F00000604E0025303278202530327820253086
:103A0000327820253032780A000000002DE9F04F8E
:103A100097B059A00068169028210DF12C0A0CA827
:103A2000FCF758FC554D28680B904FF0BA0B00245A
:103A30000C220BA95846FFF74FFD0146002905DA75
:103A40004FA004F04FFE17B0BDE8F08F9DF82E0098
:103A5000DFF85C91A9F10C0808B3010670D500F0FD
:103A60000F06052E7DD8012E14D9242101AF381D53
:103A7000FCF730FC68680190701E022101EBC00267
:103A8000054601A95846FFF727FDEA00B91C0EA814
:103A9000FCF707FCB8F80200B04226D829E0B8F8D5
:103AA000020028B9CFE719F80400FFF761FF641C92
:103AB000B8F802008442F6DB0020A8F80200C2E752
:103AC0000025771E0EE00AEBC500C07800F00F015C
:103AD00019F80400884207D0BD4201DBFFF748FF18
:103AE0006D1CEDB2B542EED3641CB8F802008442FE
:103AF000E6DB36B3002420E00AEBC400C17801F015
:103B00000F0509F804500179427941EA022C8179C4
:103B1000C27941EA0221027A407A42EA0027244B24
:103B200060461B1F1A1FFFF7A5FD28B1D8E9011237
:103B30003B462846FFF7FAFE641CB442DCDB0EE08D
:103B40000FE0B8F8020050B1002404E019F80400B6
:103B5000FFF70EFF641CB8F802008442F6DBA8F8F9
:103B60000260032216A95846FFF730FD002899DAB3
:103B700010A004F0B7FD66E7814E0000804B0408FA
:103B80003C3C2D4754502D4552524F522D3E3E2025
:103B9000493243207472616E736665722065727279
:103BA0006F722E206572726E6F3A25640A200A00C9
:103BB000780300203C3C2D4754502D494E464F2D54
:103BC0003E3E2049324320777269746520656E64F9
:103BD0005F636D64206572726F72210A00000000DD
:103BE00001A004F07FFDFEE7486172642046617524
:103BF0006C740D0A00000000002904D0018841F413
:103C0000806101807047018821F4806101807047E4
:103C1000034600209A8A1B8B1B041A4322F07F4222
:103C2000914300D101207047002904D0018841F060
:103C3000010101807047018821F001010180704776
:103C40002DE9FC410121462001F0B8FF0121880344
:103C500001F0ECFF1020009001258DF804500224A3
:103C60008DF805408DF8065000268DF80760144F3A
:103C700069463846FFF7BEFA20210091694638466A
:103C8000FFF7B8FAE00100908DF804508DF8054078
:103C90008DF806608DF8074069460A48FFF7AAFAD2
:103CA000E00200908DF804508DF805408DF8066014
:103CB0008DF8074069460448FFF79CFABDE8FC818F
:103CC00000080240001802400004024030B585B0F0
:103CD0004FF48055009500248DF8044002208DF8A3
:103CE00005008DF8074069461248FFF783FA0C215A
:103CF000012003F0FFFC03958DF8104008208DF89B
:103D000011008DF8124003A8FEF756FC4FF4C06076
:103D100001F00EFF28208DF8080001208DF8090021
:103D20008DF80A008DF80B4002A801F0CDFE05B019
:103D300030BD00000004024030B585B04FF480551E
:103D4000009500248DF8044002208DF805008DF8C0
:103D5000074069461248FFF74DFA0C21012003F095
:103D6000C9FC03958DF8104008208DF8110001243E
:103D70008DF8124003A8FEF71FFC4FF4C06001F05D
:103D8000D7FE28208DF808008DF809408DF80A40EC
:103D90008DF80B4002A801F097FE05B030BD000081
:103DA00000040240002904D0018841F480710180A0
:103DB0007047018821F4807101807047002904D088
:103DC000018841F4007101807047018821F400717D
:103DD000018070477FB504460D46A08820F03F065D
:103DE000684601F03FFF02982749B0FBF1F189B224
:103DF0000E43A680228822F001022280234B2A68EB
:103E00009A4209D85200B0FBF2F080B2042800D2E6
:103E10000420491C218423E0EB88A3F53F46FF3EA4
:103E20000BD002EBC20303EB0212B0FBF2F080B244
:103E300040F48040020506D007E002EB4202B0FBEE
:103E4000F2F080B2F6E740F0010040F400404FF499
:103E5000967251434FF47A72B1FBF2F1491C2184FE
:103E6000A083208840F00100208020884FF6F531A3
:103E70000840A9886A89114301432180A8892989BA
:103E8000084320817FBD000040420F00A086010052
:103E900070B506460D4614460AF0CEFD46F0010008
:103EA0000AF09EFD0AF0F8FD88B10AF0E1FD01205C
:103EB00070BD012C03D10AF059FD0AF0D9FD0AF0BA
:103EC0006DFD05F8010B641EA4B20AF02DFD002C57
:103ED000EFD10AF0CDFD002070BD008AC0B270475E
:103EE0002DE9FC474FF48056009601208DF8040020
:103EF00002248DF8054000258DF806508DF8074006
:103F0000124F69463846FFF775F9DFF844904FF4D1
:103F1000807841464846FFF7C2F9DFF838A050469E
:103F2000FDF7B8FC41464846FFF7BBF95046FDF7A0
:103F3000B1FC00968DF804508DF805408DF80750BF
:103F400069463846FFF756F9BDE8FC870004024091
:103F500000180240FFFF0F00002A02D041F00101CB
:103F600001E001F0FE01018270470182704710B547
:103F7000FFF766FEFFF7B4FFBDE81040FFF7DCBEB9
:103F800070B505460E460024002014E004EB440002
:103F900005EB80039978C90706D09A8815F82000A8
:103FA0009968FFF775FF05E01A7915F82000996800
:103FB00000F008F8641C08B9B442E7D1002800D129
:103FC000204670BD2DE9F04180460E4615460AF0A8
:103FD0004FFD00244FF47A770AF02EFD40460AF098
:103FE000FFFC0AF059FD18B1641CA4B2BC42F3D323
:103FF000BC4206D00BE030780AF0F2FC0AF04CFD2F
:1040000020B10AF035FD0120BDE8F081761C6D1E5F
:10401000EDB2F0D20AF02CFD0020F5E770B50B4CA4
:10402000002525600A48016821F44001016001680B
:1040300041F48001016065600220FDF735FC01203C
:1040400020600220FDF730FC256070BDA882404250
:10405000000402401CB50121022001F0AFFD4FF425
:104060004060009001248DF8044000208DF8060087
:1040700003208DF805008DF8074069460348FFF7D7
:10408000B9F80348046044601CBD0000000402400D
:10409000A882404270B50B4C002525600A48016893
:1040A00021F440010160016841F4800101600126B2
:1040B00066600220FDF7F8FB26600220FDF7F4FBA6
:1040C000256070BDA8824042000402402DE9F047FF
:1040D000814600241548016821F44001016001680F
:1040E00001600025124E00274FF00108C6F8A872A3
:1040F0000220FDF7D9FBC6F8A8826006040ED6F8A8
:104100002C0208B1641CE4B20120FDF7CDFB6D1C4C
:10411000EDB2082DEAD3B9F1000F04D0FFF77EFF0E
:104120002046BDE8F087FFF7B5FFF9E7000402403D
:10413000008040422DE9F04105461448016821F411
:1041400040010160016841F480010160104E4FF0B0
:104150000008C6F8A88200240127E809C6F8AC02C6
:104160006806050E0220FDF79FFBC6F8A872022024
:10417000FDF79AFBC6F8A8820220FDF795FB641CA8
:10418000E4B2082CE9D3BDE8F0810000000402404D
:104190000080404270B50B48016821F44001016085
:1041A000016841F480010160074C012060602060DB
:1041B0000420FDF779FB002565600420FDF774FB02
:1041C000256070BD00040240A882404210B50C4832
:1041D000016821F440010160016841F4800101603F
:1041E000084C0020206060600420FDF75DFB01208A
:1041F00020606060BDE810400420FDF755BB000062
:1042000000040240A882404270B5002411480168B1
:1042100021F440010160016801600F4D0126C5F8DD
:10422000AC620120FDF740FBC5F8A8620120FDF754
:104230003BFB07E0641CE4B2FA2C03D9FFF7C6FF8E
:10424000012070BDD5F82C020028F3D1C5F8A802D2
:1042500070BD00000004024000804042054A4FF457
:104260000071002802D01046FFF71BB81046FFF778
:1042700016B800000014024070B514461D462B46C7
:10428000224600F017FD044904FB05F00989BDE84A
:10429000704000F09FBB00004403002001B502E025
:1042A0000098401E009000980028F9D108BD000039
:1042B0002DE9F041154620231A4600F0FBFC2C2086
:1042C0004FF0D044208029461548FFF765FB0021B8
:1042D000134E144F250116F82100030206EB81004E
:1042E00042781A431202837813431A0290F803C0EB
:1042F0004CEA020C0020FA883B8925FA00F818EAFB
:104300000C0F01D0628000E06380401CC0B2202806
:10431000F3D3491CC9B22029DDD3BDE8F0810000E8
:1043200044930020440300202DE9F043203A97B243
:10433000184EF568AA88EB8802FB03F44FEAE47C88
:1043400004EB5C74C4F3C7042D6807FB045500F04C
:10435000B1FC2C204FF0D04CACF80000002115E04F
:104360000020F3883289802715F8018027FA00F9A8
:1043700018EA090F02D0ACF8023001E0ACF80220D4
:10438000401CC0B20828EFD3491CC9B2A142E7D3F0
:10439000BDE8F08344030020F0B505460E46002436
:1043A0000F4F19E0F8687B8881882144994203D92E
:1043B0000024C18829448DB2C088B9882844884225
:1043C00001D90024002529462046FFF7ADFF761CC1
:1043D000F8688088204484B23278002AE2D1F0BDA7
:1043E000440300202DE9F04105460E4600241F4FEE
:1043F00037E07E2A1AD8F8687B8881882144994260
:1044000003D90024C18829448DB2C088B9882844C2
:10441000884201D90024002529462046FFF784FF61
:10442000F8688088204484B2761C1AE0798804F108
:104430002000884202D900242035ADB2B98805F1A8
:104440002000884201D9002400253088010201EBB8
:10445000102082B229462046FFF72AFF2034A4B25A
:10446000B61C3278002AC4D1BDE8F0814403002094
:104470002DE9F04104460D4616461F4F37E07E2ACF
:104480001AD8F8687B8881882144994203D900248E
:10449000C18829448DB2C088B9882844884201D98E
:1044A0000024002529462046FFF73EFFF868808853
:1044B000204484B2761C1AE0798804F120008842F6
:1044C00002D900242035ADB2B98805F12000884218
:1044D00001D9002400253088010201EB102082B2AE
:1044E00029462046FFF7E4FE2034A4B2B61C3278F9
:1044F000002AC4D1BDE8F081440300202DE9FE4F1D
:104500000446DDE90C5A0F46904699464646DFF8C8
:10451000C0B057E02F49A2194B889A4203D9002412
:1045200007EB090297B2898807EB09028A4201D991
:104530000024002780281FD946462888010201EB65
:10454000102081B22448FFF727FA234A0121CDE940
:104550000028029120214B463246084600F0FCFC20
:10456000CDE900BA4B4632463946204600F038F8CD
:10457000A01984B2AD1C25E04FEA58062038C1B21C
:1045800016480023C288B0F804C0006802FB0CF291
:104590004A43D11702EB5171CDE9018300EBE100F1
:1045A00000904B4632462021102000F0D5FCCDE98A
:1045B00000BA4B4632463946204600F011F8A019A1
:1045C00084B26D1C28780028A4D1BDE8FE8F0000BD
:1045D000444F00204403002044930020580300204F
:1045E0002DE9F0431746DDE90748994600254B467B
:1045F0003A4600F05FFB2C204FF0D04210800A4B6F
:104600000EE000201989DE8807E014F801CBC445CC
:1046100001D1518000E05680401CB842F5D36D1C9A
:104620004D45EED3BDE8F083440300202DE9FF4F54
:1046300085B007468846002416B20320A0EB42004E
:104640000FFA80F994E00898E8B3254642E038195B
:1046500008EB050A04901FFA8AF180B200F068FCAA
:104660001FFA8AF1A7EB040A1FFA8AF000F060FC37
:1046700008EB040081B2A7EB050B03901FFA8BF047
:1046800000F056FCA8EB040081B202901FFA8BF0F8
:1046900000F04EFCA8EB050B1FFA8BF11FFA8AF015
:1046A00000F046FC04981FFA8BF180B200F040FC49
:1046B000029807EB050A81B21FFA8AF000F038FC75
:1046C000039881B200E008E01FFA8AF000F030FCA5
:1046D0006D1C2DB2B542BADD37E0381908EB06057E
:1046E0000190A9B280B200F023FCA7EB040AA9B2A2
:1046F0001FFA8AF000F01CFC08EB040081B2A7EB63
:10470000060B00901FFA8BF000F012FCA8EB0405DA
:10471000A9B21FFA8BF000F00BFCA8EB060B1FFAF6
:104720008BF11FFA8AF000F003FC01981FFA8BF15D
:1047300080B200F0FDFBA9B2BD19A8B200F0F8FBF1
:10474000009881B2A8B200F0F3FB641C24B2B9F166
:10475000000F05DA09EB8400801D0FFA80F907E0ED
:10476000A01B09EB80000A300FFA80F9761E36B2E2
:10477000B4427FF768AF09B0BDE8F08F2DE9FE4F76
:1047800000250026171AA3EB010882468B46681EF7
:10479000002F03DD4FF00101019107E003D14FF03D
:1047A0000001019102E00190C7F10007B8F1000F8C
:1047B00003DD4FF00100009007E003D14FF000004F
:1047C000009002E00090C8F10008474501DD3C463A
:1047D00000E044464FF00009601C029017E0594683
:1047E000504600F0A5FB3D444644A54204DD2D1B88
:1047F000019850441FFA80FAA64204DD361B009847
:1048000058441FFA80FB09F101091FFA89F902983F
:104810008145E4DDBDE8FE8F2DE9FF5F84460E9FF4
:104820000E464FF00008A2EB0C00002801DCACEBB8
:10483000020000B2991B002900DCF11A09B20FFA3C
:104840008CF435B24FF0FF39624504D34FF0010AC2
:104850004FF0010B01E0CA46CB46B34203D301221D
:104860000392029203E0CDF80C90CDF808908842B4
:104870000ADB4FF0000A0022029200EBD0725210C5
:1048800016B20191814638E04FF0000B00220392EE
:1048900001EBD172521016B2019089462DE01949F0
:1048A000E0190988884224DCE01B22D41649E81963
:1048B000098888421DDCE81B1BD401207A00009087
:1048C000A9B2A0B2134600F021F80198304406B214
:1048D0004E4508DBA6EB090006B204EB0A0004B261
:1048E0000398284405B204EB0B0004B20298284454
:1048F00005B208F101080FFA88F8C845CFDDBDE818
:10490000FF9F000046030020480300202DE9F041EE
:10491000064606980F4614461D4600280DD02B4625
:1049200022463946304600F0C5F9134904FB05F02C
:10493000C988BDE8F04100F04DB83444641EA2B20D
:104940003B4639463046FFF719FF3D446D1EABB27A
:10495000A2B2A9B23046FFF711FFABB232463946D8
:104960003046FFF70BFFABB2A2B2A0B23946BDE8AA
:10497000F041FFF703BF00004403002000B597B0EB
:104980000121084601F028F9042101910B20039030
:1049900088060790002002900490059006900891E8
:1049A000099008210A9110210B910C900E900F9004
:1049B00010900902119112901390149001A8159073
:1049C000169008A8FEF7FEF801210420FEF7E8F88B
:1049D00017B000BD10B500222C244FF0D0431C802E
:1049E00001E05980521C8242FBD310BD2DE9FC5FCF
:1049F0000121782001F0E2F84FF000088DF80680E0
:104A000001248DF8074002258DF8045003208DF80D
:104A100005004FF48049CDF8009069467648FEF7CE
:104A2000E9FB0C220E217448FEF722FC4FF4004AE9
:104A3000CDF800A069467048FEF7DCFB0C220F2180
:104A40006D48FEF715FC009469466B48FEF7D2FBF3
:104A50000C2200216848FEF70BFC00956946664869
:104A6000FEF7C8FB0C2201216348FEF701FC802001
:104A7000009069466148FEF7BDFB0C2207215F48A4
:104A8000FEF7F6FB4FF4807BCDF800B069465B483B
:104A9000FEF7B0FB0C2208215848FEF7E9FB66023E
:104AA000009669465548FEF7A5FB0C22092153489C
:104AB000FEF7DEFBA702009769465048FEF79AFB17
:104AC0000C220A214D48FEF7D3FBE0020090694614
:104AD0004A48FEF78FFB0C220B214848FEF7C8FB23
:104AE0002003009069464548FEF784FB0C221146DE
:104AF0004248FEF7BDFB6003009069463F48FEF761
:104B000079FB0C220D213D48FEF7B2FBCDF8009059
:104B100069463A48FEF76EFB0C220E213748FEF735
:104B2000A7FBCDF800A069463448FEF763FB0C22D2
:104B30000F213248FEF79CFBCDF800B069462E48A5
:104B4000FEF758FB0C2208212B48FEF791FB00963C
:104B500069462948FEF74EFB0C2209212648FEF73C
:104B600087FB009769462448FEF744FB0C220A2184
:104B70002148FEF77DFB1020009069461E48FEF795
:104B800039FB0C2204211C48FEF772FB2020009008
:104B900069461948FEF72EFB0C2205211648FEF740
:104BA00067FB0097164F69463846FEF723FB0C2239
:104BB0000A213846FEF75CFB0094124F69463846DE
:104BC000FEF718FB0C2200213846FEF751FB8DF84A
:104BD00004408DF806808DF807408DF80550802040
:104BE000009069463846FEF705FB00966946384650
:104BF000FEF700FBBDE8FC9F000C024000100240E5
:104C0000001802400014024010B500F08DF9BDE814
:104C1000104000F063B9000010B5072829D8174AE2
:104C20001070C4074FF4F0714FF4487322D05380D2
:104C3000918036234FF0D0410B80400148802A20DC
:104C400008800020488048805088401EC0F3072319
:104C50004B80C0B248802B200880002048804880CC
:104C60009088401EC0F307224A80C0B248802C20A2
:104C7000088010BD51809380DBE7000044030020D2
:104C800010B5FFF7B3FEFFF779FE00F037F900F03B
:104C90002DF8074C2078FFF7BFFF0021A38862881A
:104CA0000846FFF7E9FABDE810400120FFF7D6BA41
:104CB0004403002030B52A254FF0D0442580050A52
:104CC0006580C5B265801044401E020A6280C0B291
:104CD00060802B202080080A6080C8B26080C818DD
:104CE000401E010A6180C0B2608030BD10B5FF2057
:104CF0004FF0D04420806080982060800620608043
:104D0000BA20208060206080BC202080012060804C
:104D10000E20608061206080FB2060801020608019
:104D200060800B2060800F2060802E2060807320C8
:104D30006080FF20608060800E20608060800020A6
:104D40006080032060806620608063206080012096
:104D50006080002060806080BD2020800120608015
:104D60002320608045206080672060800120608073
:104D7000232060804520608067206080BE202080E6
:104D80000020608021206080AB20608060206080F7
:104D9000222060806080608060806080C7202080EA
:104DA0006F206080ED2020807F2060800F20608059
:104DB00000206080C0202080372060800B20608031
:104DC0000A206080FC2020800A206080DF20208074
:104DD0000020608060806080608060802020608033
:104DE000F320208074206080B42020800020608028
:104DF00060806080F72020808A206080B120208041
:104E0000002060801220608013206080F2202080CB
:104E1000802060805B20608040206080282060804F
:104E2000C1202080172060807D2060807A206080F3
:104E300020206080E02020800020608011206080A1
:104E40001C2060800E2060800F2060800C2060801D
:104E5000C72060800620608060800A20608010206B
:104E60006080122060800A20608010206080022014
:104E7000608000206080E12020800020608012207F
:104E80006080182060800C2060800F2060800A20E5
:104E900060807720608006206080072060800A2084
:104EA00060800E2060800B206080102060801D20BC
:104EB00060801720608000206080352020800020E6
:104EC00060803A20208055206080112020804FF49F
:104ED000A040FFF7E3F92920208010BD2E214FF0DC
:104EE000D040018041884188428840886FF30A01A0
:104EF000800A41EA401040EAD220704770B5094C60
:104F000080212046FEF7CBF947F230552846FFF7BF
:104F1000C5F980212046FEF7C4F92846BDE8704057
:104F2000FFF7BCB90014024001231A46FFF7C2BEC6
:104F300010B5084C628890420AD2A288914207D2EA
:104F4000FFF7F2FFE188BDE810400120FFF742BD06
:104F500010BD0000440300202DE9F04F099F0B9D78
:104F6000040494FBF2F909F101090C0494FBF3FA2F
:104F70000AF1010A0026302866D800FB01F4002C53
:104F800062D0B4F5106F5FDC02FB03F4002C5BD041
:104F9000B4F5804F58DA2D4C41434FEAE17C4FF095
:104FA000800B01EB5C7E0DB100252FE0002514E0A5
:104FB000002117F805802BFA01FC18EA0C0F02D02B
:104FC0004FF0010C01E04FF0000C04F801CB491C3C
:104FD00089B20829EDD36D1CADB2B5EBEE0FE7DB5E
:104FE00017E0002117F805802BFA01FC18EA0C0FD6
:104FF00002D04FF0010C01E04FF0000C04F801CB9F
:10500000491C89B20829EDD36D1CADB2B5EBEE0F8A
:10501000E7DBDFF83880A8F58045002712E00024A0
:10502000310C00FB018C002107E00CEB144B9BF8CA
:1050300000B005F801B04C44491C9142F5D35644E8
:1050400015447F1C9F42EAD3BDE8F08F448F0020B7
:1050500010B500F00BF8BDE8104000F077B810B5BF
:1050600000F0FEF8BDE8104000F02CB92DE9FC413D
:105070000121084600F0A2FD1020009003248DF8C5
:10508000044000258DF8075069462D48FEF7B2F818
:105090000121022000F092FD012600968DF80440C7
:1050A0008DF80750DFF89C8069464046FEF7A2F86D
:1050B0000121022000F082FD022700978DF80440B4
:1050C0008DF8075069464046FEF794F80121042008
:1050D00000F074FD00968DF804408DF807501A4ECC
:1050E00069463046FEF786F80121042000F066FD8F
:1050F00000978DF804408DF8075069463046FEF75A
:1051000079F80121042000F059FD042000908DF869
:1051100004408DF8075069463046FEF76BF80121D0
:10512000042000F04BFD082000908DF804408DF81D
:10513000075069463046FEF75DF8BDE8FC81000087
:10514000000002400004024000080240F0B599B09F
:1051500001210D02284600F069FD0121880500F0BB
:105160002DFD3C480B903C480C9000240D940726E4
:105170000E960F94A9001091490011918800129089
:105180001395000114901594012516951794189401
:105190000A94324F0AA93846FCF7F6FA012138463C
:1051A000FCF7F8F900942804019002944FF4706021
:1051B00003906846FBF726FF04A8FBF7B4FF0494AE
:1051C0008DF814508DF815500694079408948DF8B6
:1051D0002460204C04A94C3C2046FBF73FFF0023F1
:1051E000012204212046FBF75FFF00230222082151
:1051F0002046FBF759FF0023032209212046FBF735
:1052000053FF002304220A212046FBF74DFF002311
:1052100005220B212046FBF747FF002306220C2125
:105220002046FBF741FF002307220D212046FBF714
:105230003BFF01212046FBF705FF01212046FBF73C
:10524000F5FE01212046FBF7D0FE2046FBF766FF66
:1052500019B0F0BD4C200140644E00207064024043
:105260007CB50121202000F0A9FC402000900325FE
:105270008DF8045000248DF80740114E69463046E1
:10528000FDF7B8FF0121202000F098FCB115009136
:105290008DF804508DF8074069463046FDF7AAFFA7
:1052A0000121202000F08AFC301500908DF8045078
:1052B0008DF8074069463046FDF79CFF7CBD000035
:1052C00000140240F0B599B001218D02284600F08B
:1052D000ADFC0121880500F071FC31490B91314989
:1052E0000C9100240D9403260E960F9410956800DF
:1052F0001190800012904011139040021490159468
:10530000012516951794189440020A90264F0AA971
:105310003846FCF739FA01213846FCF73BF900948E
:105320002804019002944FF4706003906846FBF7E4
:1053300069FE04A8FBF7F7FE04948DF814508DF86D
:1053400015500694079408948DF82460144C04A911
:105350004C3C2046FBF782FE00230122042120461C
:10536000FBF7A2FE0023022206212046FBF79CFE4B
:105370000023032208212046FBF796FE0121204648
:10538000FBF760FE01212046FBF750FE012120467D
:10539000FBF72BFE2046FBF7C1FE19B0F0BD000065
:1053A0004C220140240300201064024000F5FA6002
:1053B000810701D0002070474FF4C871B0FBF1F2B3
:1053C00001FB120131B16421B0FBF1F201FB1200CB
:1053D0000028F0D0012070470148C06870470000E5
:1053E0004403002001490881704700004403002065
:1053F000014AD08011817047440300200149C860F0
:1054000070470000440300200149C8807047000035
:10541000440300202DE9F041884690B0044611462F
:105420000122444806F09AFF4349087030B1014612
:1054300042A003F057F910B0BDE8F08149A003F095
:1054400051F901AB022202A93A4807F089F9BDF8E7
:105450000800A0F59A41423903D046A003F042F972
:10546000E9E74AA003F03EF901AB0C220DA931484F
:1054700007F076F90DA80DF083FE01AB282203A9F1
:105480002C4807F06DF903A80DF0BAFE049D059EA7
:10549000BDF81A0068431F30C11700EBD1604011FE
:1054A0008700B7F5707F03DD3EA003F01BF9C2E76C
:1054B000B3B2AAB241462046FFF7FCFB2C204FF0C6
:1054C000D048A8F80000BDF81A0018282ED30024F0
:1054D00026E0301B0F99401E00FB0711154806F00F
:1054E000F7FA01AB3A463A49124807F039F9002079
:1054F000DFF8DCC011E000EB40010CEB0102937817
:1055000052781CF80110DB08DB02920843EA4212D1
:1055100042EAD101A8F80210401CA842EBDB641C4F
:10552000B442D6DB034806F04CFA84E729A003F026
:10553000D9F880E78497002054030020B4F2BFAA72
:10554000CEC4BCFECAA7B0DC21B4EDCEF3B4FAC21F
:10555000EBA3BA626D70726573203D202564200D47
:105560000A000000B4F2BFAACEC4BCFEB3C9B9A6FB
:105570000D0A0000D5E2B2BBCAC7D2BBB8F6202ED6
:10558000626D7020CEC4BCFE210D0A00D5E2CAC7F0
:10559000D2BBB8F6202E626D7020CEC4BCFE0D0AC0
:1055A000000000000A20B1BECDBCC6ACCCABB4F349
:1055B000A3ACCEDEB7A8D4DAD2BABEA7C6C1C9CFD3
:1055C000CFD4CABE20283C3D333230290A00000027
:1055D000C4930020D5E2B2BBCAC7D2BBB8F63234FE
:1055E000CEBBD5E6B2CAC9AB424D50CEC4BCFEA3B9
:1055F000A10000002DE9FC410121062000F0DEFAA7
:105600004FF48075009501218DF8041000208DF86D
:1056100006008DF807108DF805000B4E69463046E0
:10562000FDF7E8FD6C010094084F69463846FDF728
:10563000E1FD29463046FDF734FE21463846FDF7A8
:1056400030FEBDE8FC81000000040240000802407A
:1056500008B56B4602224121682000F088F89DF8C9
:1056600001009DF8001040EA012000B2FBF724F889
:105670009FED0C1B53EC112BFAF7AFFF9FED0B1BAB
:1056800053EC112BFAF790FEFBF78AF800EE100AA4
:10569000DFED080A20EE200ABDEEC00A10EE100A67
:1056A00000B208BD0000000000407540A4703D0A33
:1056B000D74342400000C84210B5FEF7CBFC802122
:1056C0006B2000F0C4F81A48FCF7EEF800216B20BC
:1056D00000F0BDF8032000F087F8002000F07FF80C
:1056E000322000F09EF80021382000F0B0F80021B0
:1056F0006A2000F0ACF80021232000F0A8F88021F7
:10570000372000F0A4F8752000F014F8682801D0C4
:10571000012010BD01216B2000F099F800216C20C0
:1057200000F095F8322000F07CF8002010BD000059
:10573000A086010010B50446FEF72CFDD020FEF730
:10574000F9FCFEF761FD2046FEF7F4FCFEF75CFD78
:10575000FEF720FDD120FEF7EDFCFEF755FD002001
:10576000FEF7B4FC0446FEF731FD204610BD2DE9DE
:10577000F04106460F4615461C46FEF70BFD700627
:10578000000EFEF7D7FCFEF73FFD20B1FEF71EFD31
:105790000120BDE8F0813846FEF7CCFCFEF734FD71
:1057A000FEF7F8FC012000EB4600C0B2FEF7C2FC99
:1057B000FEF72AFD08E0012D0CD00120FEF786FC43
:1057C00020706D1EEDB2641C002DF4D1FEF7FEFCBE
:1057D0000020DEE70020FEF779FC2070F1E7C0062C
:1057E000010E1C2000F033B8C006010E1B2000F093
:1057F0002EB8BC2801D3012110E0622801D3022178
:105800000CE02A2801D3032108E0142801D3042145
:1058100004E00A2801D3052100E006211A2000F047
:1058200016B810B504464FF47A70844200D9044685
:10583000042C00D20424B0FBF4F0401EC1B21920A5
:1058400000F005F86008BDE81040FFF7D2BF70B562
:1058500005460C46FEF79EFCD020FEF76BFCFEF7DB
:10586000D3FC18B1FEF7B2FC012070BD2846FEF74C
:1058700061FCFEF7C9FC2046FEF75CFCFEF7C4FCA9
:1058800018B1FEF7A3FC012070BDFEF79FFC0020BD
:1058900070BD2DE9F04104460F4616461D46FEF741
:1058A00079FC6006000EFEF745FCFEF7ADFC20B16A
:1058B000FEF78CFC0120BDE8F0813846FEF73AFC8B
:1058C000FEF7A2FC00240BE0285DFEF733FCFEF798
:1058D0009BFC18B1FEF77AFC0120ECE7641CE4B2F3
:1058E000B442F1D3FEF772FC0020E4E7FEE7704714
:1058F00010B505220C49302001F0B0FC0A49052200
:10590000491D102001F084FC00200749491D0A5C54
:10591000C22A03D1401CC0B20528F8D3052801D003
:10592000002010BD012010BD160300202DE9F0411C
:1059300088B00121022000F041F90121102000F07F
:105940003DF92027019701258DF8085000248DF896
:105950000A408DF80B508DF80950DFF8EC8001A952
:105960004046FDF747FC402001908DF808508DF827
:105970000A408DF80B508DF8095001A94046FDF7FB
:1059800039FC102601968DF808408DF80A408DF8F4
:105990000B508DF8095001A94046FDF72BFC012161
:1059A000C80300F027F9294D062203212846FDF7F8
:1059B0005FFC062204212846FDF75AFC0622052139
:1059C0002846FDF755FC0820019002218DF80910AA
:1059D0008DF808108DF80A408DF80B4001A9284673
:1059E000FDF708FC019601A92846FDF703FC019785
:1059F00001A92846FDF7FEFB20214046FDF751FC9A
:105A0000ADF80C404FF48270ADF80E00ADF81040C8
:105A1000ADF81240ADF814406815ADF81600182026
:105A2000ADF81800ADF81A400720ADF81C00084C7E
:105A300003A9204601F0B5FB0121204601F09AFBA5
:105A400008B0BDE8F08100000010024000040240F0
:105A5000003C004008B54FF4C06000F069F8172022
:105A60008DF8000001208DF801008DF802008DF8FE
:105A70000300684600F028F808BD08B54FF4A060A0
:105A800000F056F825208DF8000001208DF8010067
:105A90008DF802008DF80300684600F015F808BD87
:105AA00008B54FF4A06000F043F834208DF80000F2
:105AB00001208DF801008DF802008DF80300684682
:105AC00000F002F808BD000030B50F23C2780125B0
:105AD0000178002A1FD0154A126802F4E062C2F56C
:105AE000E062C2F30722C2F10404D3404278A2402C
:105AF00084781C401443220101F1E02181F8002444
:105B0000007800F01F018D404009800000F1E02086
:105B1000C0F8005130BD01F01F00854048098000E9
:105B200000F1E020C0F8805130BD00000CED00E035
:105B30000249084302490860704700000000FA0566
:105B40000CED00E0014908627047000000000E42C1
:105B500070B5FFF761F81449012008704FF6FF7027
:105B6000FFF740FC114800210388114802880846CD
:105B7000FEF782FB02F0A0FA0B4D00202D1D2860DD
:105B8000287100240B4E04EB440006EBC0000169B1
:105B90008847641CE4B2122CF5D32888BDE8704015
:105BA00080B2FFF731BC00009403002048030020BE
:105BB00046030020A8A7002070470000054A0029DE
:105BC00003D011680143116070471168814311606F
:105BD0007047000030380240054A002903D01168A0
:105BE00001431160704711688143116070470000E4
:105BF00038380240054A002903D01168014311607A
:105C000070471168814311607047000040380240BE
:105C1000054A002903D011680143116070471168DB
:105C2000814311607047000020380240054A002976
:105C300003D01168014311607047116881431160FE
:105C40007047000044380240054A002903D011681B
:105C50000143116070471168814311607047000073
:105C60002438024070B5244B196801F00C01234C14
:105C700000291ED0661004291DD008291DD00460FB
:105C8000196801F0F00109091D4A545C0168E140FE
:105C900041601C6804F4E054A40A145D21FA04F481
:105CA00084601B6803F460435B0BD25CD140C1602D
:105CB00070BD0460E4E70660E2E70F4A121F116856
:105CC000C1F38055116801F03F0135B1B6FBF1F128
:105CD0001468C4F38814614305E0B4FBF1F114685F
:105CE000C4F3881461431268C2F30142521C52008B
:105CF000B1FBF2F10160C3E7083802400024F40070
:105D0000A803002002460020510901290BD00229D6
:105D10000DD00949096802F01F02012393400B428C
:105D200000D001207047044974390968F3E702493B
:105D3000091F0968EFE70000743802400649002295
:105D40000A700A70012804D0042801D105200870C7
:105D500070470120087070477038024001490860A0
:105D6000704700003C0E4742C0F30121032907D1D0
:105D7000074B196821F4F8120649014011431960D4
:105D8000034A68321168C0F30B0001431160704789
:105D900008380240FFFCFF0F010901EB81014900B7
:105DA00000F00F000844C0B27047002103E0491C16
:105DB000C9B20A38C0B20A28F9D2090740EA11600C
:105DC000704700000EB501210807FFF713FF0120FF
:105DD000FFF7B8FE0120FFF7B1FF4120FFF792FF68
:105DE0000028FAD04FF48070FFF7BEFF0120FFF7C4
:105DF000B5FF00F03BFA7F200190FF2002900020C9
:105E00000090684600F0DAF8002802D101A002F004
:105E100069FC0EBD0A0D2052544320CAB1D6D3B33B
:105E2000F5CABCBBAFCAA7B0DC200D0A0000000059
:105E300010B5FFF7C7FF002000F0E8F8A0F54851C3
:105E4000F23903D0BDE8104000F090B97B20FFF795
:105E500059FF18B10CA002F045FC06E07A20FFF7CC
:105E600051FF10B10EA002F03DFC13A002F03AFC6D
:105E700001210807FFF7BEFE0120FFF763FEBDE822
:105E8000104000F0F3B900000D0A20B7A2C9FAB51E
:105E9000E7D4B4B8B4CEBB2E2E2E2E0D0A000000CF
:105EA0000D0A20B7A2C9FACDE2B2BFB8B4CEBB2E5C
:105EB0002E2E2E0D0A0000000D0A20B2BBD0E8D213
:105EC000AAD6D8D0C2C5E4D6C35254432E2E2E2E05
:105ED0000D0A000008B5002000900E490868400631
:105EE00015D44FF0FF3008608B13086800F04000B5
:105EF000009A521C0092009A9A4201D00028F4D0D5
:105F00000868400601D5012008BD002008BD012019
:105F100008BD00000C2800400248016821F0800103
:105F2000016070470C28004010B502460C460E4830
:105F300001680E480140080CE070C1F3042363704F
:105F400001F03F03A370C1F342312170002A0AD14E
:105F5000FFF722FFE0706078FFF71EFF6070A07807
:105F6000FFF71AFFA07010BD042800403FFFFF009C
:105F700010B502460C460F4801680F480140C1F3B6
:105F800005402070C1F30623637001F07F03A37006
:105F900001F48001090CE170002A0AD1FFF7FCFE30
:105FA00020706078FFF7F8FE6070A078FFF7F4FECD
:105FB000A07010BD002800407F7F7F0070B50446B0
:105FC0000025114ECA20306053203060FFF782FF59
:105FD000A8B10D481C38016821F04001016001683A
:105FE0002268114301600848A16814380160016803
:105FF000A28841EA02410160FFF78EFF0125FF20E0
:106000003060284670BD00002428004008B50349D0
:1060100001EB800000900098006808BD5028004007
:1060200070B505460C460026002D06D16078C106E5
:1060300003D520F010000A3060702DB16078FFF7B2
:10604000ABFEA078FFF7A8FE55B1A078E17840EA52
:10605000014560782178000240EA413005430FE0B5
:10606000E078FFF7A2FE05046078FFF79EFE45EAA0
:106070000025A078FFF799FE0543207845EA4035D2
:106080000E4CCA20206053202060FFF723FF88B108
:106090000B480540094820380560FFF73DFF0748D9
:1060A0001C380068800604D400F0E0F810B1012626
:1060B00000E00126FF202060304670BD242800400B
:1060C0003FFFFF002DE9F04105460C460026002069
:1060D000244F002D06D03968490608D52078FFF7EF
:1060E0005BFE05E03968490602D4E07000E0E0702C
:1060F00055B1A078217840EA01456078E178000246
:1061000040EA014005430FE02078FFF74EFE05040A
:106110006078FFF74AFE45EA0025A078FFF745FEC4
:106120000543E07845EA00450E4CCA201C34206047
:1061300053202060FFF7CEFE78B10B480540094898
:1061400008380560FFF7E8FE3868800604D400F0E0
:106150008DF810B1012600E00126FF2020603046B6
:10616000BDE8F081082800407F7F7F001CB500203B
:106170008DF807000F218DF8041029218DF80510E6
:106180008DF8060001A9FFF79DFF43F2F224214696
:10619000002000F091F807208DF8000006208DF80F
:1061A00002000A208DF8010018208DF803006946CE
:1061B0000020FFF735FF2146002000F07DF81CBDD0
:1061C0000EB502A90020FFF7D3FE01A90020FFF7BA
:1061D000ABFE9DF80A00002816D09DF80400009040
:1061E0009DF806309DF805209DF8071007A002F0E5
:1061F00079FA9DF80A309DF809209DF8081011A041
:1062000002F070FA184800680EBD0000546865205E
:1062100044617465203A2020593A323025302E32BC
:1062200064202D204D3A25302E3264202D20443A12
:1062300025302E3264202D20573A25302E32640D21
:106240000A0000005468652054696D65203A2020DA
:1062500025302E32643A25302E32643A25302E32E3
:1062600064200D0A0D0A00000428004018B5002023
:106270000090104BCA201860532018600D4918393F
:10628000086820F0A00008604FF40034086800F0AF
:106290002000009A521C0092009AA24201D00028CD
:1062A000F4D00868800601D5012000E00020FF211D
:1062B000196018BD2428004008B5034A02EB80008D
:1062C00000900098016008BD502800402DE9FC476F
:1062D0000646002400940194002000F0C5F88001D7
:1062E00002D50E20BDE8FC872E4D6946288980B274
:1062F000FCF7DCFC0028F5D137202B4F4FF0060AC5
:106300004FF040094FF48068012E22D00199C90353
:1063100045D52989090439607860C7F80890FC6080
:10632000C7F81080384600F0D5F83720FAF786FF16
:106330000028D7D13C60C7F804A0C7F80890FC60DB
:10634000C7F81080384600F0C5F80620FAF776FF47
:10635000C8E70199490320D5298909043960786083
:10636000C7F80890FC60C7F810800F4800F0B2F83A
:106370003720FAF763FF0028B4D102203860C7F84D
:1063800004A0C7F80890FC60C7F81080064800F029
:10639000A1F80620FAF752FFA4E72520A2E725205E
:1063A000A0E700002C030020184F002001490860DE
:1063B00070470000382C0140014908607047000018
:1063C000382C01400149086070470000A080254238
:1063D00001490860704700008C85254210B50A4AC3
:1063E00001681160121D41681160141D216821F0BF
:1063F000F701D0E902231A43D0E9043003431A43DA
:106400000A43226010BD0000242C014010B5012178
:10641000CC022046FFF718FC2046BDE810400021C2
:10642000FFF712BC01480068C0B27047102C014051
:1064300001460020024A12680A4200D0012070473B
:10644000342C014001460020024A12680A4200D062
:1064500001207047342C01400248006800F003001E
:1064600070470000002C014008B503490844009023
:106470000098006808BD0000142C014000F07ABCB0
:10648000054A002903D01168014311607047116863
:1064900081431160704700003C2C014030B5094B2E
:1064A000196847F6FF629143027D8468C5682243FC
:1064B00044682C43224304680069224302430A4390
:1064C0001A6030BD042C014001480068704700008C
:1064D000802C014010B5084A01681160141D216824
:1064E0006FF30A01D0E901231A43D0E903300343D3
:1064F0001A430A43226010BD082C0140014908607C
:1065000070470000002C014008B5012000909DF864
:10651000000008BD2DE9F041014600241C484068F8
:10652000032805D038B1012805D0022803D02DE07A
:106530002720BDE8F081B1F5805F0CD04FF40067F3
:106540000026144DB94212D10120FFF7BFFE0446C8
:10655000200002D01AE02720EBE72E752E606E6037
:10656000AE60EF602E610B48FFF798FF0EE0002051
:10657000FFF7ACFE0446200008D12E752E606E6039
:10658000AE60EE602E610348FFF788FF2046D0E73B
:106590002C030020004F00202DE9F04397494E685E
:1065A00080F856600989A0F85410DFF854C2DCF86E
:1065B00000100A0E93090370C2F38303437002F0C4
:1065C000030282700A0CC2700A0A02714171DCF87F
:1065D0000420110E0901C180C2F30741C38843EAB8
:1065E0001113C38001F00F010172C2F30721CB091F
:1065F0004372C1F380138372C1F34013C372C1F3BA
:10660000001303730023437364460127D4F8088002
:10661000002E4FEA1864C8F30745C8F3072904D0D1
:10662000012E02D0022E3AD051E08907090D0161F6
:10663000D1B2026942EA81010161016941EA941122
:106640000161C4F3C201017504F0070141756909D4
:106650008175C5F38201C175A907490F01764946C5
:10666000027E42EAD11202760269521C047EA41C08
:1066700007FA04F6A2FB0649F51703FB069602FB90
:106680000565027A07FA02F9C0F85090A4FB0926C2
:1066900005FB096504FB0354C0E9122417E09106C9
:1066A000890A0161016941EA042101610169294303
:1066B000016149460269521C43F10004E40444EAC2
:1066C0005234D204C0E912244FF4007202651C3027
:1066D000C1F3801200F8032C8906490E00F8021C51
:1066E00008F0FF0110F8022C42EAD11200F8022C47
:1066F00001F07F0100F8011CDCF80C20110ECC0920
:106700000470C1F341144470C1F38204847089079A
:10671000090FC170C2F30741C47844EA9114C470F0
:10672000C1F340140471437101F001018171C2F39E
:106730000721CC09C471C1F380140472C1F3401461
:106740004472C1F300148472C1F38104C47201F075
:1067500003010173D1B2490841738773284A10328B
:1067600011680C0E04740C0C24024482C1F307243B
:10677000458A254345820906416151680C0E4569E9
:1067800045EA04444461C1F30744456945EA0424E9
:106790004461C1F307244569254345610176916849
:1067A0000C0E44760C0C2406C461C1F30724C569A1
:1067B00045EA0444C461C9B2C46944EA0121C16123
:1067C000D1680A0EC4691443C461C1F3074290F84A
:1067D000204044EA121480F820401207120D42842F
:1067E000C1F30722448C14434484C9B2490880F899
:1067F000241080F825701846BDE8F0832C03002093
:10680000784E002008B500200090FFF77DFE01289B
:1068100001D0FF2008BD684600F078FB08B1FF20DA
:1068200008BD0098C0F3432008BD10B5FFF7EAFF8C
:10683000042803D0FF2803D0012010BD002010BD84
:10684000022010BD7CB5002401944FF4C060FFF716
:106850006FF931208DF8000001258DF801508DF879
:1068600002408DF803506846FFF72EF93B208DF863
:1068700000008DF801506846FFF726F900F052F944
:10688000FFF7C4FD00F0A0F901909DF8040010B1DD
:106890009DF804007CBD00F02FF801909DF80400E5
:1068A00010B19DF804007CBD12480475046044607A
:1068B0008460C4600461FFF7F1FD0E485838FFF7AB
:1068C0006BFE01909DF8040040B90A480021583839
:1068D000B0F85400000400F003FB01909DF80400A0
:1068E00020B94FF40060FFF715FE01909DF80400F9
:1068F0007CBD0000004F00202DE9F84F002401204E
:106900000090FFF7A9FDE0B1DFF8FC8000263F4DC5
:10691000D8F804004FF0C0094FF4806704282AD04B
:106920002E6002206860C5F80890EE602F6128464E
:10693000FFF7D0FDFAF700FD0446200003D0BDE8C4
:10694000F88F2520FBE70020FFF78EFDDFF8BCA0C5
:10695000AAF1900ACAF800000420FFF785FDCAF8E2
:1069600004000820FFF780FDCAF808000C20FFF79C
:106970007BFDCAF80C00D8F8040028B1012803D028
:10698000062801D0022811D12E6003206860402023
:10699000A860EE602F611D48FFF79CFD694603204B
:1069A000FAF706FD0446200000D0C8E7D8F8040036
:1069B000042826D0BDF80000C8F8080000042860AC
:1069C00009206860C5F80890EE602F610F48FFF756
:1069D00081FDFAF7B1FC0446200000D0AFE70020AB
:1069E000FFF742FD094DA03D28600420FFF73CFD64
:1069F00068600820FFF738FDA8600C20FFF734FD21
:106A0000E86020469BE700002C030020184F002080
:106A100030B58FB004461E4D4FF0FA512846FAF7B4
:106A20008DFD00212846FAF7B5FD2846FAF7BEFD90
:106A30004FF00060009017480190029400200390EE
:106A4000012104910590890206918900079189002E
:106A5000089109904FF440300A9004200B900320D5
:106A60000C9048020D9080100E9069462846FAF767
:106A70008BFE012210212846FAF76CFE20212846C1
:106A8000FAF72AFE01212846FAF784FD0FB030BD3F
:106A900058640240802C014030B58FB004461F4D31
:106AA0004FF0FA512846FAF749FD00212846FAF737
:106AB00071FD2846FAF77AFD4FF000600090184803
:106AC0000190029440200390012004900020059042
:106AD00029150691890007918900089109904FF4C2
:106AE00040300A9004200B9003200C9048020D9037
:106AF00080100E9069462846FAF746FE01221021C2
:106B00002846FAF727FE20212846FAF7E5FD01215D
:106B10002846FAF73FFD0FB030BD00005864024030
:106B2000802C01407CB501210C20FFF747F8244D53
:106B30000C2208212846FCF79BFB0C220921284641
:106B4000FCF796FB0C220A212846FCF791FB0C224D
:106B50000B212846FCF78CFB0C2211462846FCF73B
:106B600087FB184E0C2202213046FCF781FB4FF4C4
:106B70007060009002218DF805108DF8041000243B
:106B80008DF8064001218DF8071069462846FCF76C
:106B900031FB0421009169463046FCF72BFBA81419
:106BA00000908DF8074069462846FCF723FB012139
:106BB000C802FFF73BF801218805FEF7FFFF7CBD07
:106BC00000080240000C02402DE9F84F0027009712
:106BD000BB460024A246002559487621017507606E
:106BE00047608760C7600761FFF758FC0320FFF725
:106BF00085FC0120FFF7E6FB514E183637607760C1
:106C0000B760F7604FF48069C6F810903046FFF720
:106C100061FCFAF7FEFA00909DF8000018B19DF8AB
:106C20000000BDE8F88F4FF4D57030600820706028
:106C30004FF04008C6F80880F760C6F8109040484A
:106C40001830FFF747FCFAF7F3FB00909DF80000BF
:106C500018B3376037207060C6F80880F760C6F850
:106C6000109037481830FFF735FC3720FAF7E6FA6E
:106C70000090376037207060C6F80880F760C6F86B
:106C800010902F481830FFF725FC3720FAF7D6FA76
:106C900000909DF8000090B34FE02A480121416028
:106CA0008D07E6E7376037207060C6F80880F76028
:106CB000C6F8109022481830FFF70CFC3720FAF77E
:106CC000BDFA00909DF8000010B19DF80000A8E703
:106CD0001D482843306029207060C6F80880F7609E
:106CE000C6F8109016481830FFF7F4FBFAF746FB89
:106CF00000909DF8000018B19DF8000091E706E0B3
:106D00000020FFF7B1FB83464FEADB7A641CBAF13F
:106D1000000F03D14FF6FF708442C3D34FF6FF70CC
:106D2000844204D31B2000909DF8000079E71BF0FB
:106D3000804F02D00348022141609DF8000070E7B7
:106D4000004F00202C03002000001080074800683E
:106D500010F0C05F08D006490120486103484FF099
:106D6000C2515830FAF7EABB704700000064024095
:106D70002C03002070B54FF480752846FFF762FBA6
:106D8000214C38B1002020702846FFF715FB012068
:106D9000206132E00220FFF755FB28B10220FFF707
:106DA0000BFB0220207028E00820FFF74BFB28B1E6
:106DB0000820FFF701FB042020701EE02020FFF7D1
:106DC00041FB28B12020FFF7F7FA0620207014E0DD
:106DD0001020FFF737FB28B11020FFF7EDFA052050
:106DE00020700AE04FF400752846FFF72BFB20B116
:106DF0002846FFF7E1FA0720207000214CF23A30D4
:106E0000FFF73EFB207870BD2C0300202DE9F05FDA
:106E10008346DDE90A6714461D46DFF8B8A04FF047
:106E200000088AF80080CAF810804FF00109CAF8FB
:106E30000C902948C0F80080012140F22A30FFF769
:106E40001FFB07FB06F15846FFF7E2FD0120FFF7A5
:106E5000BFFADAF80400022803D10602640A44EA01
:106E6000C5541E4D2E60102068604FF0400AC5F8D2
:106E700008A0C5F80C804FF4806BC5F810B0284608
:106E8000FFF728FB1020FAF7D9F9002820D1411E7E
:106E900005F1140001607743476090218160022171
:106EA000C160C0F81080C0F81490FFF797FA2C600A
:106EB00012206860C5F808A0C5F80C80C5F810B0AD
:106EC0002846FFF707FBBDE8F05F1220FAF7B6B9D6
:106ED000BDE8F09F2C0300202C2C0140184F00200F
:106EE00010B5094A106007205060402090600020D3
:106EF000D0604FF4806010611046FFF7EBFABDE8F8
:106F000010400720FAF79AB9184F002070B50546CF
:106F1000002D16D00F48008901040F4801600D2193
:106F20004160402181600021C1604FF480610161B6
:106F3000FFF7D0FA0D20FAF781F904461CB120467C
:106F400070BD262070BD0020FFF78EFA2860204615
:106F500070BD00002C030020184F002010B5084819
:106F6000002101600C22426040228260C160110158
:106F70000161FFF7AFFABDE810400C20FAF75EB9E7
:106F8000184F00202DE9F04100256C1E2146154EBA
:106F900000E0491E706928B9306918B9307808B91D
:106FA0000029F6D1002777610F4800E0641E0168D0
:106FB000890401D5002CF9D1F068012803D1FFF72D
:106FC000CDFF0546F7602C4300D1042540F2FF5069
:106FD000FFF7ECF9307810B13078BDE8F081284641
:106FE000FBE700002C030020342C01402DE9F04188
:106FF00000256C1E2146154E00E0491E706928B917
:10700000306918B9307808B90029F6D100277761BE
:107010000F4800E0641E0168C90401D5002CF9D1B5
:10702000F068012803D1FFF799FF0546F7602C436C
:1070300000D1042540F2FF50FFF7B8F9307810B1C5
:107040003078BDE8F0812846FBE700002C030020E3
:10705000342C01402DE9F05F8246DDE90A671446D1
:107060001D46DFF804914FF0000889F80080C9F848
:1070700010800120C9F80C003C48C0F800800121B4
:1070800040F21A30FFF7FCF907FB06F15046FFF714
:1070900003FD0120FFF79CF9D9F80400022803D171
:1070A0000602640A44EAC554314D2E60102068601F
:1070B0004FF0400BC5F808B0C5F80C804FF4806A5B
:1070C000C5F810A02846FFF705FA1020FAF7B6F821
:1070D000002847D1B9F8080000042860372068600C
:1070E000C5F808B0C5F80C80C5F810A02846FFF711
:1070F000F1F93720FAF7A2F8002833D12F601720D2
:107100006860C5F808B0C5F80C80C5F810A028461E
:10711000FFF7E0F91720FAF791F8002822D12C6048
:1071200019206860C5F808B0C5F80C80C5F810A033
:107130002846FFF7CFF91920FAF780F8002811D177
:1071400005F11402401E1060774357609020906054
:10715000C2F80C80C2F81080012050611046FFF781
:107160003DF94046BDE8F09F2C0300202C2C014047
:10717000184F0020002904D0018841F0400101800F
:107180007047018821F040010180704702460020CD
:1071900012890A4200D0012070478089704781819E
:1071A000704730B5028802F441530A884C88CD8874
:1071B00022438C882C4322430C8922434C8922434E
:1071C0008C892243CC8922431A430280828B22F489
:1071D00000628283098A018230BD000070B50546D5
:1071E0000A4C02212046FFF7D1FF0028F9D029469A
:1071F0002046FFF7D4FF01212046FFF7C7FF0028F4
:10720000F9D02046FFF7C9FFC0B270BD003C004076
:107210002DE9F04104460D4616460F4F40213846F1
:10722000FCF73DF820213846FCF739F82046FFF7F7
:10723000D5FF8046002405E0FF20FFF7CFFF28554B
:10724000641CE4B2B442F7D320213846FCF729F895
:107250004046BDE8F0810000001002402DE9F041F9
:1072600004460D4616460F4F40213846FCF717F8E6
:1072700020213846FCF713F82046FFF7AFFF804681
:10728000002405E015F8010BFFF7A8FF641CE4B229
:10729000B442F7D320213846FCF703F84046BDE856
:1072A000F08100000010024000B597B000F02AF80D
:1072B00001210846FEF790FC00200790019008216C
:1072C00003910290049005900690129010900E90F9
:1072D0000F9014900C900D90062108910990139036
:1072E00010210B910A900802119001A81590169098
:1072F00008A8FBF767FC01210620FBF751FC17B03B
:1073000000BD00002DE9FC5F01217820FEF756FC4E
:1073100000208DF8060001208DF8070002248DF86A
:10732000044003208DF80500012000906946DB48E9
:10733000FBF760FF0C220021D848FBF799FF00946F
:107340006946D648FBF756FF0C220121D348FBF7CC
:107350008FFF4FF0040BCDF800B06946CF48FBF724
:1073600049FF0C220221CD48FBF782FF0820009044
:107370006946CA48FBF73EFF0C220321C748FBF7CA
:1073800077FF102600966946C448FBF733FF0C22AE
:107390000421C248FBF76CFF202700976946BF48CD
:1073A000FBF728FF0C220521BC48FBF761FFE50233
:1073B00000956946B948FBF71DFF0C221146B748F6
:1073C000FBF756FF4FF40058CDF800806946B348EC
:1073D000FBF710FF0C220D21B048FBF749FF4FF4DB
:1073E0008049CDF800906946AC48FBF703FF0C22BA
:1073F0000E21AA48FBF73CFF4FF4004ACDF800A04D
:107400006946A648FBF7F6FE0C220F21A348FBF7BE
:107410002FFF012000906946A148FBF7EBFE0C22EC
:1074200000219F48FBF724FF009469469C48FBF726
:10743000E1FE0C2201219A48FBF71AFFCDF800B0BB
:1074400069469748FBF7D6FE0C2202219448FBF7C9
:107450000FFF0820009069469148FBF7CBFE0C22F5
:1074600003218F48FBF704FF009669468C48FBF721
:10747000C1FE0C2204218A48FBF7FAFE00976946F8
:107480008748FBF7B7FE0C2205218548FBF7F0FE85
:10749000A002009069468348FBF7ACFE0C220B214A
:1074A0008048FBF7E5FE009569467E48FBF7A2FEA3
:1074B0000C2211467B48FBF7DBFECDF800806946C5
:1074C0007848FBF797FE0C220D217648FBF7D0FE9B
:1074D000CDF8009069467348FBF78CFE0C220E2114
:1074E0007048FBF7C5FECDF800A069466D48FBF774
:1074F00081FE0C220F216B48FBF7BAFE01200090A1
:1075000069466848FBF776FE0C2200216548FBF7C8
:10751000AFFE009469466348FBF76CFE0C22012124
:107520006048FBF7A5FE8020009069465E48FBF7A7
:1075300061FE0C2207215C48FBF79AFEE0010090F7
:1075400069465948FBF756FE0C2208215648FBF7BE
:107550008FFE2002009069465348FBF74BFE0C2239
:1075600009215148FBF784FE4FF4806BCDF800B041
:1075700069464D48FBF73EFE0C220A214A48FBF7BC
:1075800077FEA002009069464748FBF733FE0C22C5
:107590000B214548FBF76CFE009569464248FBF716
:1075A00029FE0C2211464048FBF762FECDF8008010
:1075B00069463D48FBF71EFE0C220D213A48FBF7B9
:1075C00057FECDF8009069463748FBF713FE0C22B2
:1075D0000E213548FBF74CFECDF800A06946324835
:1075E000FBF708FE0C220F212F48FBF741FEE001BC
:1075F000009069462B48FBF7FDFD0C220821294825
:10760000FBF736FE2002009069462648FBF7F2FDA4
:107610000C2209212348FBF72BFECDF800B0694668
:107620002048FBF7E7FD0C220A211E48FBF720FE4D
:10763000009569461A48FBF7DDFD0C2211461848F3
:10764000FBF716FE009769461648FBF7D3FD0C22A0
:1076500005211448FBF70CFE009669461148FBF71C
:10766000C9FD0C2204210F48FBF702FE0094694675
:107670000D48FBF7BFFD0C2201210B48FBF7F8FD7D
:107680000120009069460848FBF7B4FD0C22002158
:107690000548FBF7EDFDBDE8FC9F0000001402402B
:1076A00000180240000C0240001002407CB501218D
:1076B0001820FEF783FA0420009000208DF80400C3
:1076C0008DF80700084D69462846FBF793FD08240E
:1076D000009469462846FBF78DFD009469460348EF
:1076E000FBF788FD7CBD000000100240000C02404A
:1076F0007047000010B58A07120F0F23934021F046
:1077000003040649214401F608010C689C430C60FF
:107710000B68904003430B6010BD00000030014037
:107720002DE9F04F93B082461C9C8B4617461E46AF
:1077300038224AA105A8F8F7B4FD0020009007FB05
:1077400006F000EB4000363007F0030906FB0900A5
:107750008DF81600010A8DF81710010C8DF818101D
:10776000000E8DF819008DF82670380A8DF8270064
:10777000380C8DF82800380E8DF829008DF82A6015
:10778000300A8DF82B00300C8DF82C00300E8DF85F
:107790002D000A2221463F4804F0E0FDDFF8F88082
:1077A00088F800003B4804F00CF9022221463948D1
:1077B00004F0D4FD88F8000020B14FF0FF3013B082
:1077C000BDE8F08F01AB362205A9324805F0F6F985
:1077D00088F8000000253AE000242AE00BEB0600C0
:1077E000401B401E81B20AEB040080B2FDF70CFA88
:1077F000C10AC9000491410989000391C0000290A7
:1078000001AB012202A9234805F0D8F988F800004D
:1078100001AB012203A91F4805F0D0F988F8000048
:1078200001AB012204A91B4805F0C8F988F8000043
:10783000641CBC42D2DBB9F1000F07D001AB4A4651
:107840006946144805F0BAF988F800006D1CB54285
:10785000C2DB104804F0B5F80020B0E7424D00004C
:1078600000000000000036000000280000000000BA
:1078700000000000000001001800000000000000EF
:1078800000000000000000000000000000000000F8
:107890000000000084970020540300200CB5002253
:1078A000019200922749086840F4803008604FF444
:1078B000A043086800F4003000900198401C01903B
:1078C000009810B901989842F3D10868800302D556
:1078D0000120009000E000920098012831D1194861
:1078E0004030026842F0805202601748026842F459
:1078F000404202601348083002680260026842F4A5
:1079000000420260026842F4A0520260021F0F4B64
:1079100013600A6842F080720A600A689201FCD51E
:107920000B4A40F205711160016821F0030101600A
:10793000016841F0020101600168C1F3810102297F
:10794000FAD10CBD003802400070004008544007D6
:10795000003C024000F072BB0C480D490068B0FBCF
:10796000F1F0401EB0F1807F01D301200AE04FF01A
:10797000E0214861074AF02010700020886107204C
:1079800008610020002800D0FEE77047D0030020E7
:1079900040420F0023ED00E010B51248016841F4A9
:1079A000700101601048016841F0010101600E4A58
:1079B00000210832116002680C4B1A400260031D5E
:1079C0000B4A1A60026822F48022026006480C30DA
:1079D0000160FFF763FF03494FF0006080390860E2
:1079E00010BD000088ED00E000380240FFFFF6FE09
:1079F0001030002470B5048C24F001040484058B3D
:107A0000048C25F0F3054FF6FF7606EA03131343C3
:107A10002B4324F00A020A4342F00101038301844C
:107A200070BD70B5048C24F010040484058B068CA2
:107A30004FF6FF7404EA011125F4734504EA033399
:107A40002B4304EA02221A4326F0A0030B4343F01F
:107A500010010283018470BDF0B5048C24F480749D
:107A60000484868B058C4FF6FF7707EA012426F005
:107A7000F30607EA03111143314325F42062224340
:107A800042F4807281830284F0BD70B5048C24F4CA
:107A900080540484858B068C4FF6FF7404EA013110
:107AA00025F4734504EA02222A4304EA033313430C
:107AB00026F420420A4342F480518383018470BD3E
:107AC00010B501218C07204600F0F7F9002863D09B
:107AD000324A10883249000A487013888B705088E7
:107AE000000AC87053880B719088000A487190880A
:107AF0008871D088000AC871D08808721089000A7D
:107B00004872108988725089000AC87250890873B7
:107B10009089000A487390898873224A1088000A65
:107B2000C873108808745088000A48745088887494
:107B30009088000AC8749088087548781A4A1070AE
:107B400088785070C87890700879D0704879107132
:107B500088795071C8799071087AD071487A10721A
:107B6000887A5072C87A9072087BD072487B107302
:107B7000887B5073C87B9073087CD073487C1074EA
:107B8000887C5074C87C9074087DD0742046BDE811
:107B90001040012100F093B810BD0000644E002099
:107BA000B8030020240300208815002010B5054CE0
:107BB0000121204600F081F92046BDE81040012156
:107BC00000F07DB80004004010B5054C01212046AE
:107BD00000F073F92046BDE81040012100F06FB8B5
:107BE0000008004070B5204C0121204600F065F9E6
:107BF000002837D01D48012202701D4B1878401C08
:107C0000C1B21970C80701D11A4802700520B1FB32
:107C1000F0F500FB151008B9174802700A20B1FBF7
:107C2000F0F500FB151008B9144802701420B1FBE0
:107C3000F0F500FB151008B9114802703220B1FBB5
:107C4000F0F500FB151008B90E480270642903D145
:107C5000002018700C4802702046BDE870400121D9
:107C600000F02DB870BD0000000C004005000020A1
:107C7000B8030020040000201800002003000020AA
:107C800002000020010000200000002010B5084C78
:107C90000121204600F011F9002808D005490120F3
:107CA00008702046BDE81040012100F008B810BD62
:107CB0000010004006000020C94301827047C943FC
:107CC00001827047002904D0018841F00101018040
:107CD0007047018821F001010180704710B55D49AE
:107CE000884209D101210846FDF7AEFF0021BDE819
:107CF00010400120FDF7A8BFB0F1804F0CD05649CD
:107D0000884213D101210220FDF782FF0021BDE846
:107D100010400220FDF77CBF01210846FDF778FFE7
:107D20000021BDE810400120FDF772BF4B49884299
:107D300009D101210420FDF76BFF0021BDE81040AF
:107D40000420FDF765BF4649884209D1012108207A
:107D5000FDF75EFF0021BDE810400820FDF758BF89
:107D60004049884209D101211020FDF751FF00212F
:107D7000BDE810401020FDF74BBF3B49884209D1B8
:107D800001212020FDF744FF0021BDE81040202004
:107D9000FDF73EBF3549884209D101210220FDF798
:107DA00053FF0021BDE810400220FDF74DBF3049D0
:107DB00088420AD101210C042046FDF745FF2046E8
:107DC000BDE810400021FDF73FBF2A4988420AD193
:107DD00001214C042046FDF737FF2046BDE8104046
:107DE0000021FDF731BF244988420AD101218C04CA
:107DF0002046FDF729FF2046BDE810400021FDF791
:107E000023BF1E49884209D101214020FDF700FF10
:107E10000021BDE810404020FDF7FABE1849884215
:107E200009D101218020FDF7F3FE0021BDE81040BB
:107E30008020FDF7EDBE134988420AD18415012147
:107E40002046FDF7E5FE2046BDE810400021FDF785
:107E5000DFBE10BD000001400004004000080040EB
:107E6000000C0040001000400014004000040140DD
:107E7000004001400044014000480140001800401B
:107E8000001C00400020004070B50589048B068C62
:107E900025F007050D434FF6FC410C4040F201115F
:107EA0000C4326F022064FF6FF7101EA031111433D
:107EB000314305810483018470BD02460020138A8A
:107EC0000B4092890A40002B02D0002A00D00120EA
:107ED000704770B506460C4625886188A2882389BC
:107EE000002D0CD0042D13D0082D1AD03046FFF7EA
:107EF000CCFDE1883046BDE8704000F04BB830461C
:107F0000FFF778FDE1883046BDE8704000F026B804
:107F10003046FFF786FDE1883046BDE8704000F04E
:107F200025B83046FFF798FDE1883046BDE870403F
:107F300000F028B800210180418001228280C180A8
:107F400001817047002A03D082890A4382817047E9
:107F500082898A438281704741627047028B22F096
:107F60000C020283028B0A4302837047028B22F4C5
:107F700040620283028B4FF6FF7303EA01210A433A
:107F800002837047828B22F00C028283828B0A4329
:107F900082837047828B22F440628283828B4FF609
:107FA000FF7303EA01210A438283704730B50288D8
:107FB000164C174DA0420DD0A8420BD0B0F1804F07
:107FC00008D0144B984205D0134B984202D0134B63
:107FD000984203D122F070034A881A43104B98420A
:107FE00006D0104B984203D022F440730A891A43FA
:107FF00002804A68C2620A880285A04201D0A84273
:1080000001D1897A01860121818230BD00000140C1
:10801000000401400004004000080040000C004043
:1080200000100040001400404FF0FF31416000217B
:1080300001800181418081727047000003484168DE
:10804000002902D04168491E41607047A00300200A
:108050002DE9F04106460F460025DFF8588005EB74
:10806000450038F83010B14215D808EBC004A1889B
:10807000B14210D96188B9420DD8E188B9420AD914
:10808000207B88B9012020732169204688476169D7
:108090002046884708E008EBC000017B012903D196
:1080A00000210173016988476D1CEDB2122DD6D3F2
:1080B000BDE8F081A8A700202DE9F04FA4480021D9
:1080C00020F8D01C20F8CE1C5A2120F8CC1C3225D8
:1080D00020F8CA5C002240F8C82C00F8C42C9D4A45
:1080E00040F8C02C9C4B40F8BC3C002420F8B84C15
:1080F00020F8B65C20F8B41C642620F8B26C46F276
:108100000C3440F8B04C002400F8AC4C40F8A82CDB
:1081100040F8A43C20F8A04C20F89E6C20F89C1C51
:10812000962720F89A7C1F2440F8984C002400F8E9
:10813000944C40F8902C40F88C3C20F8884C20F867
:10814000867C20F8841C4FF0C80C20F882CC1024C8
:1081500040F8804C002400F87C4C40F8782C40F823
:10816000743C20F8704C20F86ECC20F86C1C4FF05A
:10817000FA0820F86A8C4FF4784440F8684C0024E0
:1081800000F8644C40F8602C40F85C3C20F8584CF7
:1081900020F8568C20F8541C4FF4967920F8529C05
:1081A0004FF61F0440F8504C002400F84C4C40F8A7
:1081B000482C40F8443C20F8404C20F83E9C20F8E5
:1081C0003C1C4FF4AF7A20F83AAC4FF4FC6440F812
:1081D000384C002400F8344C40F8302C40F82C3C4B
:1081E00020F8284C20F826AC20F8241C4FF4C87B3B
:1081F00020F822BC40F2FF7440F8204C002400F824
:108200001C4C40F8182C40F8143C002220F8102C8C
:1082100020F80EBC20F80C1C504AB2F800E020F800
:108220000AEC4DF6FB6240F8082C002200F8042C02
:108230004B4A02604B4A4260018100224281B422D3
:108240008281C581002303610375474B8361474CDD
:10825000C461018445848284C68401258562002529
:1082600080F82C5003634463018746878287C78761
:1082700002250564002580F844508364C464A0F896
:108280005010A0F85270A0F85420A0F856C0032552
:108290008565002580F85C5003664466A0F8681088
:1082A000A0F86AC0A0F86C20A0F86E8004250567CD
:1082B000002580F874508367C467A0F88010A0F888
:1082C0008280A0F88420A0F886900525C0F8885008
:1082D000002580F88C50C0F89030C0F89440A0F889
:1082E0009810A0F89A90A0F89C20A0F89EA00625CF
:1082F000C0F8A050002580F8A450C0F8A830C0F8FD
:10830000AC40A0F8B010A0F8B2A0A0F8B420A0F83B
:10831000B6B00725C0F8B850002580F8BC50C0F8AA
:10832000C030C0F8C440A0F8C810A0F8CAB0A0F887
:10833000CC20A0F8CEE00821C0F8D010002180F8B1
:10834000D410C0F8D830C0F8DC40BDE8F08F000091
:1083500078A80020051A0008BD1400084803002072
:108360000119000875140008791A0008A5140008FE
:1083700070B50024074D002604EB440005EBC00057
:10838000017B11B1067301698847641CE4B2122CA9
:10839000F2D370BDA8A7002010B5094C40F22551BA
:1083A000204600F042F8002808D0204600F0D6F819
:1083B000C1B22046BDE8104000F0D4B810BD0000A6
:1083C000004C004010B5094C40F22551204600F009
:1083D0002CF8002808D0204600F0C0F8C1B2204692
:1083E000BDE8104000F0BEB810BD00000010014014
:1083F000002904D0818941F400518181704781892D
:1084000021F4005181817047002A03D0828A0A43F7
:1084100082827047828A8A438282704702460020A5
:1084200012880A4200D00120704770B5002440F63F
:108430006A12C1F3421301F01F05012606FA05F284
:10844000012B0CD0022B0DD0838A1340090A8E40D9
:10845000008830400BB100B10124204670BD8389F3
:108460001340F3E7038A1340F0E710B540F66A13B0
:10847000C1F3421301F01F040121A140012B07D0D9
:10848000022B07D014303AB102680A43026010BDD3
:108490000C30F8E71030F6E702688A43026010BD3E
:1084A0007FB504460D46208A20F44051E8880843F1
:1084B0002082A08941F20C618843A9882A8911434E
:1084C0006A8902431143A181A08A20F44071A889DE
:1084D0000843A0826846FDF7C5FB1E48844202D0CF
:1084E0001D48844201D1039800E00298A189090443
:1084F00008D500EBC00101EB001029684900B0FB72
:10850000F1F007E000EBC00101EB001029688900E1
:10851000B0FBF1F06422B0FBF2F109010B096FF03E
:1085200018056B4300EB8300A3891D044FF0320351
:1085300007D503EBC000B0FBF2F000F007000843E2
:1085400006E003EB0010B0FBF2F000F00F00084370
:1085500020817FBD00100140001401408088C0F3DD
:1085600008007047C1F30801818070470FB430B52F
:1085700085B005460AA800900EE05C2914D0252994
:108580002CD0521C28460992FFF7ECFF8021284688
:10859000FFF744FF0028F9D0099A11780029ECD19F
:1085A00005B030BC5DF814FB521C099210786E289F
:1085B0000CD0722802D0521C0992E7E70D21284600
:1085C000FFF7D0FF0998401C0990DFE70A212846F1
:1085D000FFF7C8FF0998401C0990D7E7521C099281
:1085E0001078642819D0732802D0521C0992CDE764
:1085F000009810C8009009E02846FFF7B3FF8021DB
:108600002846FFF70BFF0028F9D0641C21780029C9
:10861000F2D10998401C0990B8E7009800990068C9
:10862000091D00910A2201A906F0A4FA01AC09E093
:108630002846FFF797FF80212846FFF7EFFE002826
:10864000F9D0641C21780029F2D10998401C0990C6
:108650009CE7FEE72DE9F04140F6FF746610DFF875
:1086600074801D4D26E001214046FBF79BFB2E60E8
:108670001A4F06E02A68521E2A6012B90B20F9F739
:10868000FFFF39464046FBF7C3FA0128F2D100222A
:10869000A1214046FBF760FC2E60114F05E03946F2
:1086A0004046FBF7B5FA01280ED02A68521E2A6010
:1086B000521CF4D1641E601CD5D101214046FBF749
:1086C0007DFB0120BDE8F08101214046FBF776FBF0
:1086D0000020F7E7005400402003002001000300C1
:1086E000820007000FB4054B10B503A9044A029895
:1086F00000F062FE10BC5DF814FB0000CDDD000848
:10870000E40300200FB4084B10B504A902AA039893
:1087100000F052FE044602A9002001F0DBF92046D9
:1087200010BC5DF814FB0000D59A00087CB50C0065
:108730001D461646014601D0601E00E00020CDE92E
:108740000010064B6A462946304600F035FE002CE4
:1087500002D0009A002111707CBD0000BF9A000871
:1087600003B401984100009850EAC12018BF0420CA
:108770004A0D18BF40F0010040F2FF72B2EB515FAA
:1087800008BF40F00200012808BF052002B0704772
:1087900000487047F003002070B5C1482DED020B72
:1087A0002DED0E8B82B0119D25F000449FEDBEDBB8
:1087B0009FEDBFEB84423EDBA4F140511098A1F144
:1087C0007F6108430FD0BC48844202DC28D1109856
:1087D00030B39DED100B02B0BDEC0E8B02B0BDE8C6
:1087E000704000F085BC9DED100B53EC1D2B51EC3F
:1087F000100BF7F780FE9DED100B41EC180B53ECBE
:108800001E2B51EC100BF7F776FE53EC182BF7F7F5
:10881000CBFD41EC100B02B0BDEC0E8B02B070BD75
:10882000012000F0A9FC02B0BDEC0E8B02B0BDE847
:10883000704000F071BCA1489FEDA18B844256DAD4
:108840009DED100BB4F1795F0ADA51EC100BFFF7D4
:1088500087FF042808BF00F06FFC9DED100BDAE7DE
:1088600053EC102B51EC100BF7F745FE41EC190BB4
:1088700095480621B0EE490AF0EE690A784400F006
:10888000BBFB53EC192B51EC100BF7F734FE41EC0A
:108890001A0B8E48B0EE490AF0EE690A04217844BA
:1088A00000F0AAFB53EC192B51EC100BF7F723FE49
:1088B00053EC182BF7F778FD41EC100B51EC1A0B29
:1088C00053EC102BF7F789FECDE900019DED000B6D
:1088D00053EC102B9DED100B51EC100BF7F70BFE2A
:1088E0009DED101B53EC112BF7F75EFDD2E09DEDD3
:1088F000100B51EC100B04F03EFA53EC182BF7F769
:10890000F7FD9FED730BCDE9000153EC102B9DEDAE
:10891000000B51EC100BF7F7EEFD41EC190B6E4814
:108920000621B0EE490AF0EE690A784400F064FBD3
:1089300053EC192B51EC100BF7F7DDFD41EC1B0B41
:108940006648B0EE490AF0EE690A0421784400F066
:1089500053FB53EC192B51EC100BF7F7CCFD53ECF8
:10896000182BF7F721FD41EC1C0B51EC190B0AF009
:10897000FDFC41EC180B5A489FED5BABA04222DC9A
:1089800053EC1C2B51EC1B0BF7F727FECDE9000134
:108990009DED000B51EC180B53EC102BF7F7ABFDD2
:1089A00053EC182BF7F700FD53EC1A2BF7F7A3FD48
:1089B00053EC1D2BF7F799FD53EC1E2BF7F798FDA1
:1089C00041EC100B5FE08DED008B002000909DEDE1
:1089D000000B51EC180B53EC102BF7F7E5FC9DED59
:1089E000000B41EC1E0B53EC102B51EC100BF7F766
:1089F00082FD53EC192BF7F77BFD53EC1E2BF7F799
:108A0000ECFD41EC190B53EC1C2B51EC1B0BF7F755
:108A1000E4FD41EC1B0B53EC1A2B51EC190BF7F74F
:108A20006AFD53EC1D2BF7F763FD41EC190B53EC7A
:108A30001A2B51EC180BF7F75EFD53EC1B2BF7F7D5
:108A40005AFD53EC192BF7F750FD9DED000B41EC4F
:108A5000180B53EC1A2B51EC100BF7F74CFD9FED54
:108A6000249B53EC192BF7F743FD41EC100B51EC11
:108A7000180B53EC102BF7F738FD53EC192BF7F7C5
:108A800037FD41EC100B002D3FF7C5AE51EC100B3C
:108A900081F0004141EC100BBDE600000000000039
:108AA0000000F03F00000000075C143326A6913C54
:108AB000182D4454FB21F93F0000F07F0000E03FF7
:108AC000000000000000F03F20C303002EC303009D
:108AD000000000000000E03F72C2030080C20300FB
:108AE0003333EF3F000000000000000000000040B2
:108AF000182D4454FB21E93F70B59B482DED020B26
:108B00002DED068B079D25F00044A04218DC974808
:108B1000844202DC0AD1069840B19DED060BBDEC03
:108B2000068B02B0BDE8704000F0E2BA002DCCBF69
:108B30009FED8F0B9FED900BBDEC068B02B070BDCF
:108B40008F48A04215DD8F48A042D8BF4FF0FF34B8
:108B500058DD9DED060B51EC100BFFF701FE0428CC
:108B600008BF00F0E9FA9DED060BBDEC068B02B0E4
:108B700070BD9DED060B51EC100B04F0FCF8CDE937
:108B8000060181489FED828BA0423CDD8248A042D5
:108B90001FDD00249FED82AB9DED060B53EC1A2BDD
:108BA00051EC100BF7F700FC9DED060B41EC190B97
:108BB00053EC1A2B51EC100BF7F79DFC53EC182BD0
:108BC000F7F793FC53EC192BF7F707FDCDE90601F6
:108BD00049E09DED060B012453EC182B51EC100BD2
:108BE000F7F7E2FB9DED060B41EC190B53EC182B4C
:108BF00051EC100BF7F779FC53EC192BF7F7EDFC60
:108C0000CDE906012FE06848A0421FDD02249FED58
:108C1000689B9DED060B53EC192B51EC100BF7F7ED
:108C20006AFC53EC182BF7F7BFFB9DED060B41ECEC
:108C3000180B53EC192B51EC100BF7F756FC53ECB7
:108C4000182BF7F7CAFCCDE906010CE09DED060BE9
:108C5000032453EC102B9FED580B51EC100BF7F73E
:108C6000BCFCCDE906019DED060B53EC102B51EC3D
:108C7000100BF7F740FC41EC180B53EC182BF7F7EF
:108C80003AFC41EC190B4E480621B0EE490AF0EED1
:108C9000690A784400F0B0F953EC182B51EC100B32
:108CA000F7F729FC41EC180B4648B0EE490AF0EE04
:108CB000690A0521784400F09FF953EC192B51EC17
:108CC000100BF7F718FC41EC100B51EC180B53ECA0
:108CD000102B002C0EDAF7F767FB9DED061B53EC0B
:108CE000112BF7F708FC9DED061B53EC112BF7F742
:108CF000FFFB35E0F7F758FB9DED061B53EC112BFE
:108D0000F7F7F9FB41EC100B2F48784400EBC40057
:108D100090ED001B51EC100B53EC112BF7F7E5FB1A
:108D20009DED061B53EC112BF7F7DFFB41EC100B0D
:108D30002648784400EBC40090ED001B51EC100B6A
:108D400053EC112BF7F7D4FB41EC100B002DA2BF15
:108D5000BDEC068B02B070BD51EC100B81F00041F0
:108D600041EC100B01E70000000010440000F07F10
:108D7000182D4454FB21F93F182D4454FB21F9BF11
:108D80000000DC3F0000203E0000F33F0000000038
:108D9000000000000000F03F0000E63F000000007F
:108DA00000000000000000400080034000000000C0
:108DB000000000000000F83F000000000000F0BFCD
:108DC000C2BF030078BF030002BF0300BABE0300A6
:108DD00070B56F4E2DED040B2DED048B82B0DDF8D8
:108DE00024C0DDE907235C422CF000411C4341EA2A
:108DF000D474069D22F00040B44205D86C422C4346
:108E000040EAD474B4420BD99DED081B9DED060BCE
:108E100002B0BDEC048B04B0BDE8704000F072B944
:108E2000ACF14054A4F17F641C430BD0022404EA4B
:108E3000AC7444EAD27405439FED578B9FED582BD9
:108E400007D015E09DED060B51EC100B00F0A0FED5
:108E500042E0002C11BF012C9DED060B02B0BDECD1
:108E6000048B04BF04B070BD022C38D0032C3BD05F
:108E70000B439FED4D1B9FED4E0B0AD0B14218D115
:108E8000B04209D121F0804120F080400991079043
:108E90000FE0002A15DA10E0474B7B44002C08BF96
:108EA00093ED000B0DD0012C10D0022C17D0032C09
:108EB0001AD0B0421DD1002A03DAB0EE410AF0EE1A
:108EC000610A02B0BDEC048B04B070BD93ED000BE1
:108ED00051EC100B81F0004141EC100BF1E7B0EECA
:108EE000480AF0EE680AECE7B0EE420AF0EE620AD9
:108EF000E7E7401A00159FED329B3C28C8BF8DED77
:108F0000000B17DCBCF1000FBCBF10F13C0F8DED66
:108F1000009B0FDB9DED080B53EC102B9DED060B1A
:108F200051EC100BF7F759FB03F025FF00F030FE72
:108F3000CDE90001B4B1012C10D0022C9FED220B21
:108F400053EC102B9DED000B51EC100B19D0F7F7E3
:108F5000CCFA53EC182BF7F7C8FABDE7019880F06C
:108F6000004001909DED000B53EC192B51EC100BC0
:108F7000F7F7E6FB04BF022000F0FEF89DED000BC2
:108F80009FE7F7F7B2FA53EC182BF7F7B1FAA3E71C
:108F90000000F07F00000000182D4454FB21094020
:108FA000182D4454FB2109C0182D4454FB21F9BF4E
:108FB000182D4454FB21F93F72BE0300000000004D
:108FC0000000000000000000075C143326A6A13C4E
:108FD00000B583B09FED060B0A4601468DED000BF0
:108FE0006846F7F7AAFC9DED000B03B000BD00003A
:108FF000000000000000000070B504462DED028B5B
:109000004D1E00EBC500B0EE408AF0EE608A90ED98
:10901000000B35F0060017D053EC182B51EC100B59
:10902000F7F769FA41EC100B6D1E04EBC50090EDEB
:10903000001B51EC100B53EC112BF7F7B5F941EC79
:10904000100B35F00600E7D1022D36D0042D1CD0D0
:10905000062D1CBFBDEC028B70BD53EC182B51ECE0
:10906000100BF7F748FA94ED0A1B53EC112BF7F7A6
:109070009BF953EC182BF7F73EFA94ED081B53ECD1
:10908000112BF7F791F941EC100B53EC182B51EC25
:10909000100BF7F730FA94ED061B53EC112BF7F792
:1090A00083F953EC182BF7F726FA94ED040B53ECE5
:1090B000102BF7F779F941EC100B53EC182B51EC0E
:1090C000100BF7F718FA94ED021B53EC112BF7F77E
:1090D0006BF953EC182BF7F70EFA94ED001B53ECD9
:1090E000112BF7F761F9BDEC028B41EC100B70BD51
:1090F00010B553EC102B51EC100BF7F755F941EC70
:10910000100B10BD10B553EC112B51EC100BF7F7F1
:109110004BF941EC100B10BD9FED050B10B553EC56
:10912000102B51EC100BF7F758FA41EC100B10BD57
:1091300000000000000000009FED050B10B553EC8F
:10914000102B51EC100BF7F7D6F941EC100B10BDBA
:10915000000000000000001002E008C8121F08C153
:10916000002AFAD170477047002001E001C1121FA8
:10917000002AFBD1704700000149086070470000D9
:10918000F00300202DE9FF5F82B00021DDE904300B
:10919000020DDDF840B0034318D044F61050A2F29F
:1091A000FF3242431514119801281FD0A5EB0B0084
:1091B000401C5FEA000A4FF000064E4FDFF838917E
:1091C000B046504615D5CAF1000413E011980124A9
:1091D0004AA3012801D16FEA0B010298119AC0E954
:1091E0000031C0E9024206B0BDE8F09FCBF10000BB
:1091F000DFE704460021404A491842EB0450CDE91C
:10920000001012E0E00707D032463B464046494690
:10921000F7F771F98046894632463B4610461946B3
:10922000F7F769F906460F466410002CEAD1DDE92C
:109230000401DDE90023BAF1000F06DAF7F75BF964
:1092400042464B46F7F757F905E0F7F7C6F94246AD
:109250004B46F7F7C2F904460E460022284BF7F7B3
:1092600087FA03D84FF0FF30014607E00022254B74
:1092700020463146F7F798F8F7F777FC102409E015
:10928000002C0ADB0A220023F6F79CFF039B3032F6
:109290001A55641E50EA0102F2D1641C039AC4F10B
:1092A00011031444119A012A03D0012208430DD15D
:1092B0000AE0084304D000204FF0110B119072E730
:1092C000A3EB0B056D1E0DE05B4504DD4FF00002C6
:1092D00005F1010504E003DA4FF00002A5F10105F4
:1092E000002AECD002981199C0E90231C0E900458A
:1092F00079E70000000014400000F03F300000005B
:109300000000F0430000E03F30380A2801D201207D
:109310007047002070470000FEB5002402F11405DC
:109320002E1F331F06290BD0082914D0092912D06B
:109330000A2910D010A008F0E5F8CCB10020FEBD3D
:10934000CDE9006515A209F03BFA032801D00024FD
:10935000F3E70124F1E71832CDE90065029212A289
:1093600009F02EFA042801D00024E6E70124E4E7FE
:109370004FF0FF30FEBD00005061727365206F66D4
:109380002074696D65206572726F722028666F7235
:109390006D6174206572726F722921002532642517
:1093A000326425326400000025326425326425329F
:1093B000642E2564000000002DE9FF4F95B09A4609
:1093C000884606460025EEE1252877D10024274669
:1093D000F94A0121039400E0044316F8013F203BC1
:1093E00001FA03F01042F7D130782A2811D06FF03B
:1093F0002F033078A0F13002092A16D8039A44F0DE
:10940000020402EB820203EB42021044761C03903A
:10941000EFE758F8042B0392002A03DA504244F491
:109420000054039044F00204761C30782E2816D1A4
:1094300016F8010F44F004042A280DD06FF02F0213
:109440003078A0F13003092B09D807EB870302EB32
:109450004303C718761CF3E758F8047B761C307872
:109460006C280FD006DC4C2817D068280DD06A284D
:1094700014D104E0742810D07A280FD10DE044F400
:1094800000140AE044F4801401E044F440147278BB
:10949000824202D104F58014761C761C307866284E
:1094A0000BD013DC582877D009DC002875D045286C
:1094B000F6D04628F4D047281AD193E118E0632863
:1094C00035D0642879D0652812D18BE1702873D00B
:1094D00008DC6728F1D069286FD06E280DD06F287E
:1094E00006D1ACE073282CD0752874D0782853D0DE
:1094F0005246179990476D1C54E1C4F3025002285C
:1095000009D003280DD0D8F8001004280DD00D6024
:1095100008F1040846E1D8F80010EA17C1E9005242
:10952000F6E7D8F800100D80F2E70D70F0E718F8B4
:10953000041B8DF8001000208DF80100EB4601207F
:1095400003E058F804BB4FF0FF3061074FF0000113
:1095500002D40DE009F101018946B9420FDA8145D3
:10956000F8DB1BF809100029F4D108E009F101012A
:1095700089468142FADB1BF809100029F6D10398CD
:109580005346A0EB090721463846179A00F080FAA7
:10959000284400EB090507E044E008E10DE01BF872
:1095A000010B524617999047B9F10109F7D253467A
:1095B00021463846179AF2E039E00A21C4F30252F4
:1095C0004FF0000B0091022A06D058F8040BC11787
:1095D000032A09D00AE023E008F1070020F007027F
:1095E000F2E80201904605E000B2C117042A01D159
:1095F00040B2C117002906DA0A460021404261EB59
:1096000002012D2202E0220504D52B228DF8042030
:10961000012203E0E20701D02022F7E7914657E05C
:109620000A2100E010214FF0000B00910BE0102107
:109630004FF0000B44F004040827009103E00820D9
:109640004FF0000B0090C4F30252022A05D058F8E4
:10965000040B0021032A08D008E008F1070020F0DD
:109660000702F2E80201904603E080B2042A00D12A
:10967000C0B24FF0000922072AD53278702A07D0ED
:10968000DDF800C08CF0100C5CEA0B0C05D00EE08D
:1096900040228DF80420012208E050EA010306D0A0
:1096A00030238DF804308DF8052002229146009B6E
:1096B00083F0080353EA0B030AD150EA010201D1F7
:1096C000620705D530228DF804204FF001097F1E76
:1096D0003278582A04D039A20C920CAA02920BE0DC
:1096E0003BA2F9E75B46009AF6F76CFD0C9B9B5C8E
:1096F000029A521E0292137050EA0102F2D10298AD
:1097000004A9081A00F1200B600702D524F4803464
:1097100000E001275F4502DDA7EB0B0000E0002021
:1097200000EB0B01009003984944401A0390E003BA
:1097300006D453462146179A039800F0A9F9054428
:10974000002706E001A85246C05D179990476D1C9E
:109750007F1C4F45F6DBE0030CD553462146179A94
:10976000039800F095F9054404E03020524617991B
:1097700090476D1C0099481E00900029F5DC08E018
:109780000298029952460078491C02911799904715
:109790006D1CBBF10001ABF1010BF1DC5BE100F0F2
:1097A00065F90544761C307800287FF40DAE19B0B9
:1097B0002846BDE8F08F000009280100303132331F
:1097C00034353637383961626364656600000000FD
:1097D00030313233343536373839414243444546E7
:1097E00000000000600700D4062708F1070020F001
:1097F0000700F0E80223804603F0004C5FEA0C000B
:1098000001D097A009E0200501D596A005E0E0076A
:1098100001D095A001E0AFF24C001390307823F016
:10982000004365280CD006DC452809D046281DD009
:1098300047287FD13BE0662818D067287AD136E0E8
:109840000021112F01DB112000E0781CCDE900017F
:1098500004A90CA8FFF796FCDDE90D010C9A4FF066
:10986000000B07F10109109200914EE04FF000400B
:109870000097CDE9011004A90CA8FFF783FCDDE9EE
:109880000D020C9B0F994FF0000B91461093009224
:1098900011B9791C00EB0109B7EB090003D4C0F141
:1098A000FF3B07F10109A9EB0700019042E0012FFE
:1098B00000DA01270021112F01DD112000E03846D8
:1098C000CDE9000104A90CA8FFF75CFCDDE90D015E
:1098D0000C9A00914FF0000BB946109221070FD45B
:1098E000009A4A4503DA914601E0A9F10109B9F16C
:1098F000010F05DD109AA9F10101515C3029F4D066
:10990000B84202DA10F1040F03DA0121CDE90110A7
:1099100010E0002803DC8344A9EB000102E0411CB5
:10992000494500DD8946A0EB0B00401C01904FF03B
:1099300000400290200705D40198484502DB4FF013
:10994000FF30019000208DF84B0002980DF14B077D
:10995000B0F1004F25D002200C902B200D900298E2
:1099600000280CDA404202902D200D9007E00A21D9
:109970000298F6F731FF3031029007F8011D0C997B
:10998000481E0C900029F2DC02980028EFD1791EC5
:109990000D980870307800F0200040F0450007F87E
:1099A000020D11A8C01BC01D02901398007800B1D1
:1099B000012000EB0901019801EBE07102980144DC
:1099C0000398401A401E0390E00306D453462146F4
:1099D000179A039800F05CF805441398007818B1C2
:1099E0005246179990476D1CE00323D553462146F4
:1099F000179A039800F04CF805441BE0BBF1000FE8
:109A000007DB0098584504DD1098179910F80B00F3
:109A100001E0179930205246904701980BF1010B55
:109A2000401E05F10105019004D12E2052461799E0
:109A300090476D1CB9F10001A9F10109DEDC05E0D8
:109A400017F8010B5246179990476D1C0299481E52
:109A500002900029F4DC53462146179A03989EE6AB
:109A60002D0000002B000000200000002DE9F04137
:109A7000044600251E461746880404D405E03946EE
:109A80002020B0476D1C641EF9D52846BDE8F08142
:109A90002DE9F041044600251E469046C80301D535
:109AA000302700E02027880404D505E041463846E9
:109AB000B0476D1C641EF9D52846BDE8F0814A68A0
:109AC000002A06D00A68531C0B6010704868401EBC
:109AD000486070470A68531C0B60107070470000A4
:109AE000FEB505460E460024684604F0F5F900224E
:109AF0009FED1C1A6946012355F8220056F8227082
:109B0000C01B00D5404200EE100AB8EEC00A20EE9D
:109B1000010A01EB8200D0ED000AF5EEC00AF1EE79
:109B200010FA10D0C0EE201AB7EE000A31EEC00ACB
:109B30000D4FB0EEC00A10EE100AB8420DDD03FA68
:109B400002F0044309E010EE100A084F3844084FB1
:109B5000B84202D303FA02F00443521C032ACBDBBF
:109B60002046FEBD00008037295C0F3E666666C158
:109B70009A99D9000022C91C21F00301036F8B427E
:109B800004D35A1A0267C26E1144C1661046704768
:109B900010B541EC100BFEF7AFFF51EC100B10BDF0
:109BA0002DE9F04706468946357B30687468217890
:109BB0000027B846FDB960B1641C401EB8F1000F23
:109BC00015D04FF00008217871B16FF00500BDE8A5
:109BD000F087B468736F4FF400722146304698479F
:109BE0000028EAD1801EF2E7FF21217002E02178EF
:109BF000FF290FD080257F00294200D07F1C6D08EF
:109C0000A9F10109B9F1000FD4D135733060746046
:109C10003846DCE74FF00108F4E700002DE9F04F8B
:109C200000230468026CD0F88060D0F8C050A719F7
:109C3000A41B561B4FF4B55C06FB0CF636132A44E6
:109C4000B51ABE18A7EB02082F19A4EB050CD0F823
:109C5000E020056AD0F8A090D0F860A0AC1A2A44A1
:109C6000A9EB0A05CA44A2EB0A094FF4B55B09FB4C
:109C70000BF94FEA2939524404EB050A41F6905B8F
:109C80000AFB0BFA4FEA2A3A41F2511B04FB0BF490
:109C9000AAEB243442F6CF1B05FB0BF5AAEB2535C6
:109CA000AD1AA9EB0509A4EB090406EB020AC0F8FA
:109CB00000A0B21AC0F8E0207A1902627A1BC0F83C
:109CC000C0200CEB09020264ACEB0902C0F8A02032
:109CD00008EB04020266A8EB0402C0F88020001D15
:109CE0005B1C082B9DD320380023DFF80CB10268E1
:109CF00002F500428468056986695719551BA21B45
:109D00004FF4B55C02FB0CF24FEA223C3219ACEB8B
:109D10000204BE18A7EB02086719A5EB040CC5697D
:109D2000D0F804A04269D0F80C90AAEB0504AA442C
:109D3000A2EB09054A44AAEB02094FF4B55E09FB00
:109D40000EF94FEA2939524404EB050A41F6905EB8
:109D50000AFB0EFA4FEA2A3A41F2511E04FB0EF4B6
:109D6000AAEB243442F6CF1E05FB0EF5AAEB2535EF
:109D7000AD1AA9EB0509A4EB090406EB020ACAF324
:109D8000092A1BF80AA081F800A0B21AC2F309221E
:109D90001BF80220CA717A19C2F309221BF80220AB
:109DA0004A707A1BC2F309221BF802208A710CEB5D
:109DB0000902C2F309221BF802208A70ACEB0902E7
:109DC000C2F309221BF802204A7108EB0402C2F315
:109DD00009221BF80220CA70A8EB0402C2F3092270
:109DE0001BF802200A71083120305B1C082BFFF49D
:109DF0007EAFBDE8F08F00005649010800EB8100FE
:109E0000C2607047032005F063BD70B50446A168C9
:109E1000207988470146E078420702D02288521C08
:109E20002280B1EBD01F10D04FF0005202EBB010E7
:109E30004FEAB060C0F3C202E070032A08D361F3B6
:109E4000C71020F03800E07002E020F03800E07029
:109E5000E078002500F00701062975D2DFE801F05F
:109E60000322498BCEAFC0F38011B1EBD01F13D1C9
:109E7000A07820F0F000A070E16809B12046884782
:109E80002580A07820F00F00401CA070E07820F022
:109E90000700401CE07070BDA07820F0F00080301A
:109EA000A07070BDC0F38011B1EBD01F0FD0A078AF
:109EB00020F0F0001030A070216909B120468847D9
:109EC0002580E07820F00700801CE07070BD2088BD
:109ED0003228FBD9A07820F0F0005030A070216A21
:109EE00009B120468847E07820F00700401DE07067
:109EF00070BDC0F38011B1EBD01F1AD1A07820F053
:109F0000F000A070E16809B120468847A0784FF0C2
:109F1000805101EB30104FEA3070A070616909B1D7
:109F2000204688472580E07820F00700C01CE070BC
:109F300070BD20880328FBD9A07800F00F0101290B
:109F400003D002290AD011E058E020F0F0003030B0
:109F5000A070A16951B12046884707E020F0F000C9
:109F60004030A070E16909B120468847E07820F0D0
:109F70000700E07070BDC0F38011B1EBD01F17D0A7
:109F8000A07820F0F0001030A070216909B12046BF
:109F900088472088032806D22580E07820F0070033
:109FA000801CE07070BDE07820F00700E07070BDAC
:109FB00021880329FBD920F00700E07070BDC0F3B1
:109FC0008011B1EBD01F0BD1A07820F0F0006030F1
:109FD000A070616A0029F1D02046BDE870400847B2
:109FE000A07820F0F0001030A070216909B120465F
:109FF0008847E07820F00700E07070BD20F007008F
:10A00000E07070BD2DE9F04104460D4617461E462E
:10A010002C212046F6F75EF9A07820F0F000803081
:10A02000A070A5603046A8470146E07861F3C710EC
:10A0300067F38610E0702671BDE8F081002005F01E
:10A0400047BC022005F044BC012005F041BC0000E3
:10A05000074B19680A4605E0814202D14FF0FF30F4
:10A060007047896A0029F7D1826218600020704722
:10A07000A000002010B50548046803E02046FFF763
:10A08000C4FEA46A002CF9D110BD0000A00000207D
:10A0900010B5044600202071401EE062204605F005
:10A0A000BBFD08B1032010BD94F82E0294F82F12C6
:10A0B00040EA0120A0F52A41553901D0022010BD07
:10A0C00014F8660FE178627840EA0161A078663C96
:10A0D000000440EA022001430B48B0EB012F01D1FC
:10A0E000002010BD14F8821FE278637841EA026113
:10A0F000A278120442EA03221143B0EB012F01D1EE
:10A10000002010BD012010BD0046415400E0401C5D
:10A1100002780AB18A42FAD100787047891E4269F2
:10A12000921E8A4201D800207047826A807801FB23
:10A13000002070472DE9F05F81460E46B07EF17E2B
:10A1400050EA012002D00020BDE8F09F307800F0F6
:10A150003F00401E00EB800101EBC0040120002500
:10A16000DFF860A006F101081AF80510725C11F81A
:10A17000081042EA012788B1FF2C0BD2384603F0C1
:10A1800071FA83462046641C39F8100003F06AFA1D
:10A19000834501D00020D7E7384605E0A7F57F4189
:10A1A000FF3901D00020CFE76D1C0D2DDCD33178B5
:10A1B000490605D520B139F8140008B10020C3E7DD
:10A1C0000120C1E716FE03082DE9F04106460F46BF
:10A1D000002F08D03946304603F0DAFE022809D2B3
:10A1E0000120BDE8F081F56815B17069A84207D873
:10A1F000012505E0411CF4D071698142F1D83D464A
:10A200002C46641C7069A04204D80224022D01D29D
:10A210000020E6E72146304603F0BAFE38B1411C83
:10A22000DFD00128DDD0AC42EBD10020D9E76FF0C0
:10A2300070422146304608F07BFC28B927B12246FF
:10A240003946304608F074FC20B101280DD00124B5
:10A250002046C6E7F4603069411CF9D0401E3061E9
:10A26000707940F001007071F2E74FF0FF34EFE7D2
:10A270002DE9F74F0C46174669E0112F02D2062050
:10A28000BDE8FE8F113F14F8010B060900F00F0521
:10A2900010F0EE0F01D00620F2E710210098FFF732
:10A2A00069FC81465FEA090009D0009800EBC5000F
:10A2B00000EB8608C8F824900020054607E003203C
:10A2C000DEE714F8011B09F800100D44401C1028AB
:10A2D000F7D369000098FFF74DFC84465FEA0C0055
:10A2E00007D0C8F834C00021002003464FF6FF7A9B
:10A2F0000FE00320C4E719F8032005E08346401C63
:10A300002CF81B10491C89B2521EF7D20AEA4101EF
:10A310005B1C102BEFD3AF4201D20620B0E77F1BAE
:10A3200029460098FFF726FC18B1C8F84400002120
:10A330000BE00320A4E714F8013B1EB90B2B01D955
:10A3400006209DE700F8013B491CA942F3D3002FEA
:10A3500093D1002094E700002DE9F35F8846D8F8F8
:10A36000006000E0761C30782F28FBD05C28F9D004
:10A370000098D0F81CA00024254628466D1C305CAF
:10A38000202808D32F2806D05C2804D0FF2C09D31E
:10A390000620BDE8FC9F7119C8F8001020282AD2B9
:10A3A000042532E0C0B2A0F181017D290ED82946F2
:10A3B0006D1C715C01EB002080B2A1F140023F2ACC
:10A3C00004D380397F2901D30620E2E7012103F07D
:10A3D0001DF9074647B1802F08D2394665A0FFF71F
:10A3E00095FE18B10620D4E70620D2E72046641C6B
:10A3F0002AF81070C1E7002507E0601E3AF8100047
:10A40000202801D02E2802D1641E002CF5D154B191
:10A4100000202AF8140000980B222021806905F002
:10A42000D1F9002702E00620B3E77F1C3AF81700B5
:10A430002028FAD02E28F8D01FB145F0030500E0FF
:10A44000641E24B1601E3AF810002E28F8D14FF097
:10A450000008C1464FF0080B38467F1C3AF81060E0
:10A4600006B3202E03D02E2E04D1A74202D045F0F1
:10A470000305F1E7D84501D2A74219D1BBF10B0F73
:10A480000ED0A74201D045F003050BD827464FF068
:10A4900008084FF00B0B4FEA89604FEA1069DBE7C1
:10A4A00045F00305009880690178E5293DD03EE03C
:10A4B000802E08D3304603F0D5F8002103F0A6F82B
:10A4C000064645F00205FF2E0FD9ABF1010080458D
:10A4D00003D345F00305D846BEE70098310A8269E8
:10A4E000404608F10108115418E026B1314624A075
:10A4F000FFF70CFE18B15F2645F003050EE0A6F14C
:10A500004100192802D849F0020907E0A6F16100CC
:10A51000192803D849F00109203EB6B20098816994
:10A52000404608F101080E5496E705210170BBF181
:10A53000080F03D14FEA89604FEA1069C9F381001F
:10A54000032803D06FEA0901890701D145F002050C
:10A55000A90709D409F00301012901D145F010052B
:10A56000012801D145F0080500988069C5720020D6
:10A570000FE70000222A3A3C3E3F7C7F00000000AB
:10A580002B2C3B3D5B5D00002DE9F04106460C465F
:10A59000154626E0412D02D20620BDE8F081413D5E
:10A5A00014F8010B010901D00620F6E700F00307BB
:10A5B0004FF480713046FFF7DDFAB0B106EB87014A
:10A5C000486500210A4A02F14007535C14F801CBA8
:10A5D00037F813800CFB08FC40F823C0491C4029C5
:10A5E000F3D3002DD6D10020D7E70320D5E7000014
:10A5F0009648010870B50446E07800F0C00500F008
:10A600003F006178094EC90707D0C30800F0070171
:10A61000491C32680AB1184690476078000703D594
:10A62000716809B1A8098847002070BDA8150020ED
:10A6300070B505460E460021284600F013FA88B989
:10A6400000242969286805F0E7FA58B9696909788A
:10A65000E5290BD051B100240121284600F06DF806
:10A660000028EED0042800D1072070BD641CB4423D
:10A67000F8D0F1E72DE9F04704460021204600F02C
:10A68000F1F9002857D1FF26B1464FF6FF7AA4F81A
:10A6900020A02169206805F0BFFA80465FEA080023
:10A6A00048D167693D7865B1F87A00F03F00E52D43
:10A6B00003D0010708D50F2806D0FF26A4F820A054
:10A6C00030E04FF0040835E00F2801D0CEB11DE096
:10A6D000E06938B3690606D597F80D9025F0400576
:10A6E0002E46E1882184B54208D1797B494505D1C0
:10A6F0003946FFF71FFD08B1761E00E0FF26F6B2CF
:10A7000010E0384608F03AFF484513D0A169C87AEE
:10A71000C00704D10B22384605F03EF850B1FF26A1
:10A72000A4F820A00021204600F007F880465FEA48
:10A730000800AED04046BDE8F0872DE9F041044660
:10A740000E46E7887F1C3804000C0AD0216941B10D
:10A75000206842895209B7FBF2F302FB13721AB167
:10A7600066E00420BDE8F081491C2161E16871B117
:10A77000428983785209B7FBF2F25B1E1A4257D125
:10A7800003F006FC0546012D06D80220EAE7008901
:10A79000B8424DD80420E5E7681C14D02068416910
:10A7A000A9423FD88EB1E168FFF70EFD05462800AB
:10A7B0000DD0012D0DD0681C0DD0206808F045FF8C
:10A7C00058B10120CEE70120CCE70420CAE70720DA
:10A7D000C8E70220C6E70120C4E7206800214289BB
:10A7E000303004F0EFFF29462068FFF797FC21681E
:10A7F000C86200264FF001080CE080F80480206851
:10A8000008F023FF08B10120ACE72068C16A491CA9
:10A81000C162761C20688178B142EED82168C96A8D
:10A82000891BC162E56029462068FFF777FC20613B
:10A83000E780206841894909B7FBF1F201FB1271F9
:10A84000302202EB41110844606100208AE72DE9C3
:10A85000F04705468946FF26B046042748E02868A9
:10A8600005F0DAF90746380045D1686904787CB10B
:10A87000C17A01F03F01E52C08D02E2C06D021F042
:10A880002002082A06D000224A4505D0FF261FE0F4
:10A89000042730E00122F7E70F2901D026BB1FE093
:10A8A000610606D590F80D8024F040042646E9881C
:10A8B0002984B4420AD1417B414507D1EA69014666
:10A8C000104608F0F7F808B1761E00E0FF26F6B251
:10A8D00000212846FFF731FF0746380008D00AE07C
:10A8E00008F04CFE404506D04FF6FF70288402E089
:10A8F00029690029B3D10FB1002028613846BDE88D
:10A90000F0872DE9FE430446A769E6690C22394623
:10A91000684604F04EFF9DF80B00C00718D00020D9
:10A92000F872E06101252B4632466946384603F04D
:10A9300087FA2046FFF79EFE10B96D1C642DF2D3F6
:10A94000642D0BD004280AD19DF80B00F872E66143
:10A950009DF80B0080070ED5002003E00720BDE81E
:10A96000FE83401C36F810100029FAD119300D2151
:10A97000B0FBF1F600E0012631462046FFF758FE15
:10A98000054601271DBB761E21D0E088811B20468D
:10A9900000F068F80546280019D1A06908F0EEFD1E
:10A9A00080462169206805F037F905467DB9F2B285
:10A9B00043466169E06903F0A9F820680771002146
:10A9C0002046FFF7BAFE05460DB9761EE9D1C5B996
:10A9D0002169206805F020F90546280011D12022C0
:10A9E0000021606904F0EEFED4E905010B2204F0B9
:10A9F000E0FEA0696169C07A00F018000873206861
:10AA000007712846ABE770B50446E688218CA1F5AE
:10AA10007F40FF3800D13146204600F023F805463C
:10AA200028001DD12169206805F0F6F80546A5B972
:10AA300020220021606904F0C5FE6169E5200870EC
:10AA4000216801200871E088B04206D2002120462A
:10AA5000FFF773FE0546002DE4D0042D00D102253A
:10AA6000284670BD70B504460D46E580A368012BED
:10AA700003D020684169994201D8022070BD1BB9FA
:10AA80000178032900D1436A2BB1418980784909B3
:10AA900011FB00F618E00189A94201D8022070BD1F
:10AAA000406A17E01946206803F072FA0346581C02
:10AAB00007D0022B03D320684069984203D80220B4
:10AAC00070BD012070BDAD1BB542EBD219462068A8
:10AAD000FFF724FBE36098B121684A895209B5FB6E
:10AAE000F2F21044206148894009B5FBF0F200FB06
:10AAF0001250302202EB401008446061002070BD0B
:10AB0000022070BD10B5002803D0012809D0012013
:10AB100010BDFBF797FE08B1012010BD24F0010025
:10AB200010BDF7F7F5FEBDE81040012000F084B835
:10AB300010B50346144604200122002B0BD0012B34
:10AB400008D149B301291DD0022920D0032901D100
:10AB50002260002010BD99B101290AD0022902D03B
:10AB600003290DD103E04FF40070208008E022603B
:10AB700006E00A490023483107C9F5F723FB2060A6
:10AB8000002010BD4FF420602060002010BD4FF465
:10AB900080502080002010BD002010BDA84E002055
:10ABA0002DE9F041ADF5007D07460E4614461D46E1
:10ABB0000420002F10D0012F0AD104F5C0644FF6F5
:10ABC000FF7000EA053221033046F7F7C3FD00208D
:10ABD0000DF5007DBDE8F081B0074FF4007816D088
:10ABE00000270FE02246641C012369460020FFF77E
:10ABF000D7FF07464FB9424669463046F5F751FB45
:10AC000006F500766D1E681CECD13846E0E7CDE90C
:10AC10000085620200233046FCF7F8F8044634B998
:10AC2000FCF7B0F90446FBF700FE0028FBD10CB19D
:10AC30000420CDE70020CBE710B50124002802D086
:10AC4000012808D101E0002405E0F7F7D1FD034910
:10AC5000884200D10024204610BD00001840EF00BB
:10AC60002DE9F041ADF5007D07460D4616461C4620
:10AC70000420002C07D05FB1012F05D106F5C06676
:10AC80004FF480583FE004200DF5007DBDE8F081D1
:10AC9000A8074FF4007715D000200FE03A46294668
:10ACA0006846F5F7FEFA3246761C01236946002015
:10ACB000FFF7D6FF0028E7D105F50075641E611C7B
:10ACC000ECD1E1E7CDE90074720200232846FCF7DD
:10ACD000C1F9044634B9FCF789F90446FBF7A5FD30
:10ACE0000028FBD10CB10420CEE70020CCE73003D4
:10ACF0000746F7F7EBFC394642462846F7F77EFE53
:10AD0000761C05F58055641E601CF0D1BCE708B5C3
:10AD100000280CD020208DF8000028208DF801009C
:10AD200030208DF8020038208DF8030004E0A322C3
:10AD300004216846F5F7C7FA6A46042140F69E20CA
:10AD400006F052F805F0D0FC08BD00003EB5044600
:10AD500002208DF80000CA208DF80100E3208DF854
:10AD6000020009208DF803006A460421682006F0DD
:10AD70003BF8A3208DF80000610609D5C0218DF8AD
:10AD80000110C8218DF80210C2218DF8031005E0D2
:10AD90008DF801008DF802008DF8030014F4C07FD7
:10ADA00009D0C4218DF80410CC218DF80510C621DE
:10ADB0008DF8061005E08DF804008DF805008DF87B
:10ADC00006008DF807008DF808008DF809006A4626
:10ADD0000A2140F6A72006F007F8A0074FF0D80593
:10ADE00003D020208DF8000001E08DF800506A4665
:10ADF000012140F6B62005F0F7FFA00603D501209B
:10AE000000F09AF802E0002000F096F814F4C07FF9
:10AE100020D0E0050CD5B2208DF800008B208DF8F5
:10AE20000100B6208DF802009B208DF803000BE096
:10AE3000B0208DF8000080208DF80100B4208DF83E
:10AE4000020090208DF803006A46042140F6A220FB
:10AE500005F0CAFFE0074FF40B6323D0F8208DF80C
:10AE600000006A460121184605F0BEFFFA210720BE
:10AE700000F0ACFB072000F07BFB012000F094FB0E
:10AE8000642000F071FC4FF4FA7000F07DFCC821E2
:10AE9000274800F035FB282000F04AFB0A2000F08C
:10AEA00057FB06E08DF800506A460121184605F070
:10AEB0009BFFA00703D5D9208DF8000001E08DF895
:10AEC00000506A46012140F23D7005F08DFF600799
:10AED00003D5012000F05CF802E0002000F058F8F3
:10AEE000E00603D50120FFF712FF02E00020FFF784
:10AEF0000EFF104D44F00800688105F0F5FB0020BE
:10AF0000A873600601D50620A87314F4C07F02D090
:10AF1000A87B801DA87314F0140F02D0A87B1030FA
:10AF2000A873A00702D0A87B001DA87300203EBD17
:10AF300009E3CA02A81500200EB54FF49763002854
:10AF40000CD00DA0D0E900128068CDE9001202906B
:10AF50006A460921184605F047FF0EBD09A0D0E951
:10AF600000128068CDE9001202906A460921184655
:10AF700005F03AFF0EBD0000B8AAB38DB4980D35A8
:10AF80005D000000B8AAAAAAB088C3C5C700000027
:10AF900008B500280CD0C0208DF80000C2208DF824
:10AFA0000100C4208DF80200C6208DF8030004E0E3
:10AFB0008B2204216846F5F786F96A46042140F69B
:10AFC000982005F011FF05F08FFB08BDC8234FF452
:10AFD0008062024940F6F63005F036BAA03C01081E
:10AFE0002DE9FF4F8DB01646DDE91A520746884617
:10AFF0000024A146A5F80090DFF864B105A99BF8EC
:10B000000E0005F0E3FA4FF0FF3A18B1504611B0C8
:10B01000BDE8F08FBBF80A3013F0140F61D09DF833
:10B0200017009DF814109DF8162040EA01609DF865
:10B030001510090441EA0221084330609DF81B10F5
:10B040009DF818209DF81A4041EA02619DF81920E8
:10B05000120442EA0422114371609DF81F209DF8FA
:10B060001C409DF81EC042EA04629DF81D40240465
:10B0700044EA0C242243B2609DF823409DF820C08E
:10B080009DF822B044EA0C6C9DF82140240444EA67
:10B090000B244CEA040CC6F80CC0102400140190D8
:10B0A00008140290101403904FEA2C400490019869
:10B0B0000299404301FB01010398049A404302FBBB
:10B0C00002000844A0F17060B0F1007F05D905F0DE
:10B0D0000BFBA5F80090504699E7288840F4807053
:10B0E0002880590605A818D50219065D517841EA4D
:10B0F0000621A8F80010D178967841EA0621A8F830
:10B1000002105179127941EA0221A8F80410A41D15
:10B11000E4B2298841F00801298013F4C07F15D0DA
:10B120000119065D4A7842EA06223A80CA788E788A
:10B1300042EA06227A804A79097942EA0121B980F5
:10B14000A41DE4B2298841F070012980990702D03A
:10B150002044FFF74FFA109804F00AFC002056E74D
:10B16000A815002030B587B00446684604F0EAFF11
:10B17000BDF80000420CC1033C48038903F0030002
:10B1800054F820000490580702D5049840420490D7
:10B19000C3F3C10054F820000590980602D5059825
:10B1A00040420590C3F3811054F820000690D80562
:10B1B00002D50698404206900498A0FB0145C317AB
:10B1C00003FB015300FB0230830043EA94700490B8
:10B1D0000598A0FB0145C31703FB015300FB023098
:10B1E000830043EA947005900698A0FB0145C317BD
:10B1F00003FB015100FB0210810041EA94700690AC
:10B200000498000E8DF804000498000C8DF80500D9
:10B210000498000A8DF8060004988DF80700059838
:10B22000000E8DF808000598000C8DF809000598AF
:10B23000000A8DF80A0005988DF80B000698000E9C
:10B240008DF80C000698000C8DF80D000698000A89
:10B250008DF80E0006988DF80F0001AA0C214FF40E
:10B26000257005F0C1FD07B030BD0000A815002015
:10B2700030B585B0044616A1D1E900028968CDE950
:10B28000032102904FF0FF35C82C02D9284605B0A3
:10B2900030BDC820B0FBF4F1491E080A8DF800004B
:10B2A0008DF801106A46022140F2162005F09CFD3F
:10B2B00008B12846EBE702AA0C2140F6C12005F0B0
:10B2C00093FD08B12846E2E7044884810020DEE7C8
:10B2D000FEF2ABC4AAF1DFDFBBAFDFDFA8150020B1
:10B2E0001FB53F49098901F0030250F8222001925D
:10B2F0004A0702D5019A52420192C1F3C10250F8A5
:10B30000222002928A0602D5029A52420292C1F388
:10B31000811250F822000390C80502D503984042DC
:10B3200003903048019981FB00218B0043EA927120
:10B330000191029981FB00218B0043EA92710291F5
:10B34000039981FB0001800F40EA8100039001987E
:10B35000000E8DF800000198000C8DF80100019896
:10B36000000A8DF8020001988DF803006A46042156
:10B370004FF4747005F038FD4FF0FF3410B12046E3
:10B3800004B010BD0298000E8DF800000298000C69
:10B390008DF801000298000A8DF8020002988DF8DD
:10B3A00003006A4604214FF4757005F01DFD08B1D5
:10B3B0002046E5E70398000E8DF800000398000C86
:10B3C0008DF801000398000A8DF8020003988DF8AB
:10B3D00003006A4604214FF4767005F005FDCFE7BF
:10B3E000A815002009E3CA0230B587B004463FA083
:10B3F000006804903EA0006803903EA000680290A0
:10B400003DA00068019004F0030004AB195C8DF8C6
:10B410001810C4F3C102995C8DF81910C4F381119E
:10B420005B5C8DF81A3003AB185C8DF81400985CE7
:10B430008DF81500585C8DF8160006AA032140F21D
:10B44000264005F0D1FC4FF0FF3510B1284607B07B
:10B4500030BD05AA032140F22A4005F0C5FC08B121
:10B460002846F4E7029806900198059060070BD5EE
:10B470009DF8180040F001008DF818009DF81400A8
:10B4800040F001008DF81400A0060BD59DF81900BE
:10B4900040F001008DF819009DF8150040F0010002
:10B4A0008DF81500E0050BD59DF81A0040F001005D
:10B4B0008DF81A009DF8160040F001008DF8160076
:10B4C00006AA03214FF4886005F08EFC08B12846D7
:10B4D000BDE705AA032140F2314005F085FC08B123
:10B4E0002846B4E7054804810020B0E74CCD6C0045
:10B4F0000CC92C003656760026466600A81500209A
:10B5000008B54FF47A7290FBF2F04843010E8DF8C3
:10B510000010010C8DF80110010A8DF802108DF851
:10B5200003006A4604214FF4AE7005F05DFC08BDCF
:10B5300008B50521B0FBF1F0010A8DF800108DF877
:10B5400001006A4602214FF4AD7005F04DFC08BDC4
:10B5500008B50521B0FBF1F0010A8DF800108DF857
:10B5600001006A4602214FF4AC7005F03DFC08BDB5
:10B5700008B500210091C10701D030210091810759
:10B5800004D59DF8001041F00C010091400704D54E
:10B590009DF8000040F0030000906A4601214FF43E
:10B5A000A47005F021FC08BD08B500280BD00428C4
:10B5B00000D90420401E00906A46012140F24F103D
:10B5C00005F012FC08BD0120F4E7000070B5044648
:10B5D0002DED028B82B060074FF0FF3602D0B1F53F
:10B5E000C86F04D9304602B0BDEC028B70BD00EECE
:10B5F000101AB8EE400ADFED530A80EE208A684642
:10B6000004F07EFD9DF80010022907D0042918D00F
:10B61000082929D010293AD03046E4E79FED4A0A9C
:10B6200028EE000ABCEEC00A10EE100A81B29FEDAF
:10B63000470A28EE000ABCEEC00A10EE100A82B2D9
:10B6400037E09FED430A28EE000ABCEEC00A10EE78
:10B65000100A81B29FED3F0A28EE000ABCEEC00A34
:10B6600010EE100A82B224E09FED3B0A28EE000A99
:10B67000BCEEC00A10EE100A81B29FED380A28EE27
:10B68000000ABCEEC00A10EE100A82B211E09FED73
:10B69000340A28EE000ABCEEC00A10EE100A81B28D
:10B6A0009FED300A28EE000ABCEEC00A10EE100A28
:10B6B00082B2080A8DF804008DF80510100A8DF882
:10B6C00006008DF80720E00701AD11D001AA022184
:10B6D0004FF4EA7005F088FB08B1304683E7AA1CF6
:10B6E00002214FF4927005F07FFB08B130467AE7F3
:10B6F000A00711D501AA02214FF4EC7005F074FBEC
:10B7000008B130466FE7AA1C02214FF4947005F08F
:10B710006BFB08B1304666E7600711D501AA02212C
:10B720004FF4EE7005F060FB08B130465BE7AA1CF1
:10B7300002214FF4967005F057FB08B1304652E7EE
:10B74000002050E7000048430000804600004046CB
:10B75000000000460000C045000080450000404554
:10B76000000000450000C04408B50521B0FBF1F021
:10B77000010A8DF800108DF801006A4602214FF48D
:10B78000EF7005F031FB08BD08B50521B0FBF1F005
:10B79000010A8DF800108DF801006A4602214FF46D
:10B7A000ED7005F021FB08BD30B5ADF5377D00200B
:10B7B000B4A90854401C80B20828FAD3002072A90A
:10B7C0000854401C80B2FF28FAD9002019A9085457
:10B7D000401C80B26428FAD33548FCF783FF35A0BB
:10B7E000FCF780FFEE210820F6F75EFBB6A90820E3
:10B7F000F6F7ACFC35A0FCF775FF9DF8D8123DA01C
:10B80000FCF770FF3DA0FCF76DFF0822B4A90020F3
:10B81000F6F722FC0822B2A90020F6F733FD3CA07F
:10B82000FCF760FF0024B2AD42A0295DFCF75AFF8F
:10B83000641CA4B2082CF7D340A0FCF753FF4FF4CC
:10B840008074224672A90020F6F7CAFD224632A96A
:10B850000020F6F717FD3FA0FCF744FF002432ADAF
:10B8600034A0295DFCF73EFF641CA4B2FF2CF7D97D
:10B8700042A0FCF737FF322219A90D20F6F7D0FDC0
:10B88000462269460020F6F7FDFC42A0FCF72AFF9D
:10B8900000246D4627A0295DFCF724FF641CA4B298
:10B8A000462CF7D34548FCF71DFF0DF5377D30BD1D
:10B8B000BC4D04080D0A0D0AB5A5D7D6BDDAB6C130
:10B8C000D0B4B2E2CAD4BFAACABC00000D0AB5A562
:10B8D000D7D6BDDAB6C1D0B4B2E2CAD4BDE1CAF897
:10B8E000A3AC526563656976656420446174613A0E
:10B8F0000D0A000030782530327800000D0A0D0A5C
:10B90000D2B3B6C1D0B4B2E2CAD4BFAACABC000096
:10B910000D0AD2B3B6C1D0B4B2E2CAD4BDE1CAF8FE
:10B92000A3AC526563656976656420446174613ACD
:10B930000D0A000030782530327820000D0A0D0AFB
:10B94000CBB3D0F2B6C1D0B4B2E2CAD45631BFAA9A
:10B95000CABC00000D0ACBB3D0F2B6C1D0B4B2E27B
:10B96000CAD45631BDE1CAF8A3AC526563656976A5
:10B97000656420446174613A0D0A00000D0A0D0AE5
:10B98000CBB3D0F2B6C1D0B4B2E2CAD45632BFAA59
:10B99000CABC00000D0ACBB3D0F2B6C1D0B4B2E23B
:10B9A000CAD45632BDE1CAF8A3AC52656365697664
:10B9B000656420446174613A0D0A0000104E040869
:10B9C000704710B50446204601F056F8002806D10D
:10B9D000204608F0F5F8002801D10021216010BDB3
:10B9E00010B50446204608F0EBF8002801D10021EC
:10B9F000216010BD2DE9F74F8B46144600226946A1
:10BA0000204601F0DFFE804626685FEA08005CD130
:10BA1000D6E90409A9F10201884202D8CBF8000056
:10BA200053E096F800A00025BAF1010F04D0376A60
:10BA300000200024B8B122E002242146304602F062
:10BA4000A7FA411C03D0012804D030B106E04FF022
:10BA5000010833E04FF0020830E06D1C7069641C8F
:10BA60008442EAD32AE039467F1C304604F0D4F8F9
:10BA700080465FEA080021D106F130047089BAF1EE
:10BA8000020F0CD02178E278637841EA0261A27853
:10BA9000120442EA03221143090109D009E0217886
:10BAA000627851EA022100D16D1CA41C801E02E0C4
:10BAB0006D1C241D001FB9F10109BBD135617079DE
:10BAC00040F001007071CBF800504046BDE8FE8F99
:10BAD0002DE9F04704460D46204608F071F88046EF
:10BAE0005FEA080001D0BDE8F087E0790028FAD1CC
:10BAF000E068A84203D2A179890700D40546A1686D
:10BB00000027A7604FF00109002D61D020688678DA
:10BB1000428956434FF0020A69B16A1E491EB2FBC0
:10BB2000F6F2B1FBF6F39A4205D3701E8143A16091
:10BB30006D1A61690BE0216941B90021FEF744FBF0
:10BB40000146012905D0481C07D02161616159BB1C
:10BB50003EE084F807A00220C5E784F807900120A2
:10BB6000C1E7A079800706D52068FEF72DFB0146C6
:10BB700029B935461AE0206802F00AFA0146481C45
:10BB800009D0012903D920684069884207D884F880
:10BB900007A00220A7E784F807900120A3E76161CE
:10BBA000A0683044A060AD1BB542DAD8A068284434
:10BBB000A06020684289B5FBF2F302FB13523AB150
:10BBC000FEF7ACFAF0B121684989B5FBF1F10F1825
:10BBD0002068A1684289B1FBF2F302FB131131B373
:10BBE000A269BA4223D0A17904F12405490611D5EE
:10BBF000407801232946FFF733F838B184F80790DD
:10BC0000012070E784F807A002206CE7A07920F0FB
:10BC10004000A071206801233A4640782946FEF78B
:10BC2000BFFF18B184F8079001205CE7A761D4E951
:10BC30000201884204D9E060A07940F02000A071A0
:10BC4000404650E72DE9F14FADF50E7D02F020FAA8
:10BC5000064601228EA984A801F0B4FD0446200006
:10BC60007DD181A88A9001A88B9084A88E9902F03A
:10BC700077F80446200000D10824042C6FD100215D
:10BC80008498FEF7A1FA80460024B8F1000F00D195
:10BC90000724B8F1010F00D10224B8F1FF3F00D111
:10BCA00001241CB9849807F0D0FC04464FF0100A18
:10BCB0004FF00109C4BB41468498FEF72FFA834632
:10BCC000849800F1300542890021284603F07AFD6E
:10BCD0000B222021284603F075FD2E272F7085F8B2
:10BCE0000BA0AE75300AE875300C2876300E6876F9
:10BCF0004146284607F03AFC05F12000202229465B
:10BD00008D9003F056FD85F821708699849802780D
:10BD1000032A03D1406A884200D100218D9807F0A0
:10BD200025FC8498877815E016E08498C0F82CB03C
:10BD30000BF1010B80F80490849807F086FC044610
:10BD4000200009D1849800214289284603F03AFD59
:10BD50007F1EFFB2002FE8D12CB984A800E01CE0C0
:10BD6000FEF7CFFD044624B14146849806F0BAFFA1
:10BD700013E0899880F80BA08675310AC175310CE3
:10BD80000176310E4176414607F0F0FB849880F849
:10BD90000490849807F0FFFB04460DF50F7D2046C4
:10BDA000BDE8F08F2DE9F74F88B09046099801283B
:10BDB00003D913200BB0BDE8F08F08A802F0DCF91E
:10BDC000002801DA0B20F5E7FE4951F8206056B152
:10BDD00000213170C0B205900598FEF793FEC107AF
:10BDE00003D00320E6E70C20E4E7400701D50A2052
:10BDF000E0E706F10A0202210598FEF799FE30B944
:10BE00007089B0F5805F02D8B0F5007F01D20120C3
:10BE1000D0E702AA01210598FEF78AFE10B9029820
:10BE2000802801D20120C5E7099911B14FF0000A1D
:10BE300001E04FF03F0AA0EB0A010291A8F10100D6
:10BE400018EA000F01D04FF00008B8F1000F13D12D
:10BE500070894FF4FA62400AB2FBF0F0B1FBF0F2E5
:10BE60000020D94B00E0401C33F810509542FAD81E
:10BE7000D54A163232F81080B8F5007F02D37089A7
:10BE8000B8FBF0F8B8F1000F01D14FF00108B8F19C
:10BE9000800F01D94FF08008B1FBF8F0012740F680
:10BEA000F672904200D302274FF6F672904200D30A
:10BEB0000327032F1BD0012F24D04200121D7089AD
:10BEC000521E0244B2FBF0F90125AA03B2FBF0F0C6
:10BED00001900AEB050B0BEB0900019A841804EBA7
:10BEE0000800A0EB0A00884212D90E2062E772898E
:10BEF000072303EB80001044B0FBF2F9202500205B
:10BF00000190E6E700EB4000401C4208D21CD6E757
:10BF100003AA03210598FEF70BFE20B9039810B180
:10BF2000B0F5004F01D90120039003982118491E54
:10BF3000401E8143081B0390032F0CD081440298BC
:10BF4000411BA1EB09020199511AB1FBF8F10491CF
:10BF5000022F03D007E005448344F0E7049940F63C
:10BF6000F672914206D3032F06D104994FF6F6726A
:10BF7000914201D20E201DE7032F02D0012F02D0E3
:10BF800006E00C240AE0B0F5803F01D2012405E070
:10BF9000B0F5803F01D2042400E00624099810B1D6
:10BFA000F020069039E0728906F1300000210790F8
:10BFB00003F008FC06F5F770012141708170002242
:10BFC000C2700471FE214171029943F6C16351446C
:10BFD000B1FBF3F103913F2343EA91048471C171F2
:10BFE000037242728272C272029901730A0A427328
:10BFF0000A0C8273090EC173552086F82E02AA20FE
:10C0000086F82F020123002207990598FEF728FEE3
:10C0100008B10120CEE6F820069006F130047289BE
:10C020000021204603F0CEFB0B2268A1204603F03E
:10C03000C0FB7089E072000A207384F80D80A5733C
:10C04000280AE07301202074032F0BD04002607493
:10C05000000AA0740298B0F5803F05D2E074000A8F
:10C0600020750AE00020F2E704F8200F010A617051
:10C07000010CA170000EE070203C069860753F2016
:10C08000207600206076FF21A176E07684F81CA05F
:10C090004FEA1A2060774FEA1A40A0774FEA1A60F9
:10C0A000E07701F0F5FF039080222921032F24D0AF
:10C0B00016346074030AA374030CE374000E207535
:10C0C00084F800904FEA19206070A2732174163C26
:10C0D000132241A104F12B0003F06BFB552084F8DF
:10C0E000FE01AA2084F8FF0101235246214605984B
:10C0F000FEF7B6FD60B301205CE62534A077030AA5
:10C10000E377030C84F82030000E84F8210004F853
:10C11000019C4FEA192020704FEA194060704FEAE5
:10C120001960A0700220E071002020726072A0727D
:10C130000123E372207306236373A073E2766177B1
:10C14000253C132229A104F1470003F032FBC5E787
:10C15000032F06D101230AF1060221460598FEF7B6
:10C160007FFD5D464FF0000B72890021204603F0F1
:10C1700029FB06980390032F12D0012F0ED06FF0E9
:10C18000FF010143039121700398000A6070039836
:10C19000000CA0700398000EE07039E01849F0E739
:10C1A00060F0FF00039020700398000A607003980D
:10C1B000000CA0700398000EE070FF2020716071E9
:10C1C000A0711FE0A800002024FE0308EBFE904DA4
:10C1D00053444F53352E30004E4F204E414D452095
:10C1E0002020204641542020202020004E4F204E69
:10C1F000414D45202020204641543332202020004C
:10C2000000FFFF00E07120726072A0720F20E072E8
:10C210002A466D1C012321460598FEF721FD08B131
:10C220000120C7E572890021204603F0CBFA0120E6
:10C2300003900CE02A466D1C012321460598FEF769
:10C240000FFD08B10120B5E50398401C0390039849
:10C250004845EFD30BF1010BBBF1000F84D0032F46
:10C2600001D0DDF804802A466D1C01232146059883
:10C27000FEF7F6FC08B101209CE5B8F10108F2D107
:10C28000032F3AD15220207060706120A0704121AC
:10C29000E170722284F8E42184F8E52184F8E61143
:10C2A00084F8E7010498401E84F8E801010A84F844
:10C2B000E911010C84F8EA11000E84F8EB01022068
:10C2C00084F8EC01002084F8ED0184F8EE0184F894
:10C2D000EF01552084F8FE01AA2084F8FF01012314
:10C2E0000AF1010221460598FEF7BAFC01230AF182
:10C2F000070221460598FEF7B3FC00221146059877
:10C30000FEF716FC08B1012054E5002052E50000BC
:10C3100017B581B0144602980090684601F02CFFD2
:10C32000002802DA0B2004B010BD0B4B53F820108C
:10C33000002201B10A700199002900D00A7043F867
:10C34000201001D0012C01D00020ECE7002202A92E
:10C3500001A801F037FAE6E7A80000202DE9F74729
:10C36000ADF50D7D0646002E0FD04FF00008C6F843
:10C37000008002F01F0727F001028EA984A801F0B7
:10C3800021FA0546280005D095E009200DF5107D1D
:10C39000BDE8F08781A88A9001A88B9084A88E9927
:10C3A00001F0DEFC0546899C0DB904B9062517F09D
:10C3B0001C0F50D04DB1042D03D184A8FEF7A1FA73
:10C3C000054647F00807899C08E0E07A10F0110F55
:10C3D00001D0072502E0780700D50825D5BB38072E
:10C3E00044D501F055FEA073010AE173020C2274DA
:10C3F000030E6374A075E1752276637684F80B8072
:10C4000084F81C8084F81D8084F81E8084F81F80C6
:10C410002146849802F012FE81460021204607F052
:10C42000A5F8849901200871B9F1000F1ED08498F5
:10C43000D0F82CA0494606F055FC0546280015D139
:10C440008498A9F10109C0F80C905146849803F032
:10C45000E3FB05460AE04DB9E07AC10601D50425A3
:10C4600004E0B90702D5C00700D007253DB9380759
:10C4700001D547F020078498C06AF0613462D5B9CD
:10C48000B77186F807802146849802F0D7FD3061A5
:10C49000207FE17F627F40EA0160A17F090441EAD9
:10C4A00002210843F060C6F80880C6F81880849816
:10C4B0003060C088B080284668E733B5ADF5057DAB
:10C4C0000546002D07D0002286A984A801F07AF93C
:10C4D000044624B126E009200DF5077D30BD84987F
:10C4E000286081A8A86101A8E8612846869901F022
:10C4F00037FC04469CB9696941B1C87AC00604D5C5
:10C50000849802F09BFDA86000E005243CB9849863
:10C51000C088A88000212846FEF7A4FA0446042C0F
:10C5200000D105240CB1002028602046D4E70FB4C8
:10C530002DE9F0479AB001904FF00008CDF808803F
:10C54000CDF80C8024A8199014AF239810F8011B83
:10C55000239000296ED0252903D001A806F07EFB88
:10C56000F3E700252E4610F8011B2390302902D056
:10C570002D2905D012E0012510F8011B23900DE0B4
:10C58000022510F8011B239008E006EB860001EB62
:10C590004006303E239810F8011B2390A1F1300093
:10C5A0000928F2D96C2901D04C2905D145F00405A0
:10C5B000239810F8011B239000293BD00A46A2F1D2
:10C5C0006100192801D8203AD2B24F2A46D006DCA1
:10C5D000422A41D0432A37D0442A06D140E0532A88
:10C5E00007D0552A3CD0582A3CD001A806F036FB8B
:10C5F000ABE7199850F8049B1990002400E0641CE4
:10C6000019F804000028FAD1A80704D50DE020216C
:10C6100001A806F023FB2046641CB042F7D304E0D7
:10C6200009F1010901A806F019FB99F80010002989
:10C63000F6D104E07BE0202101A806F00FFB2046A4
:10C64000641CB04281D2F6E7199810F8041B1990C7
:10C6500001A806F003FB78E7022304E0082302E0C8
:10C660000A2300E01023680705D51998199C006873
:10C67000241D199406E0442A07D01998199C0068D3
:10C68000241D1994442A06D00AE01998199C0068C0
:10C69000241D1994F6E7002802DA404245F0080507
:10C6A0000024B0FBF3F203FB1202D2B2B0FBF3F0B2
:10C6B000092A05D9782917D04FF0070C6244D2B265
:10C6C0003032A446641C07F80C2008B1102CE8D3C3
:10C6D000280703D52D222046641C3A54A146E807BA
:10C6E00005D04FF0300A09E04FF0270CE6E74FF095
:10C6F000200A03E0514601A806F0B0FAA80704D4C6
:10C70000484609F10109B042F4D3641E01A8395D1D
:10C7100006F0A4FA002CF8D103E0514601A806F077
:10C720009DFA484609F10109B04294D2F5E7CDF8E7
:10C7300064800298002810DBDDE9010218AB04A92F
:10C7400000F03CFA48B918990298884205D103983C
:10C750001AB0BDE8F0075DF814FB4FF0FF30F7E7C3
:10C760002DE9F84F04468846164699460020C9F838
:10C770000000204607F024FA002812D1E0790028B2
:10C780000FD1A079C0070BD0D4E90210401A86421D
:10C7900000D9064604F124004FF0010A009098E009
:10C7A0000720BDE8F88F2268A0685189B0FBF1F33B
:10C7B00001FB1303002B6DD1B0FBF1F193785B1EED
:10C7C0001940CDB275B940B11046616901F0E0FB86
:10C7D000022804D20220E071E3E72069F8E7411C57
:10C7E0001CD0606161692068FDF798FCD0B100EB56
:10C7F000050B20684189B6FBF1F74FB38178EA1940
:10C800008A4200D94F1B40783B465A464146FEF7C4
:10C81000C7F950B184F807A00120C2E784F807A047
:10C820000120BEE70220E071BBE7A07940060BD5EE
:10C83000A069A0EB0B00B84206D221684A89009992
:10C8400000FB028002F0B5FF206845897D4336E099
:10C85000A2695A451CD0A17949060DD5407801231B
:10C860000099FEF7FDF918B184F807A0012098E7B8
:10C87000A07920F04000A071206801235A4640783A
:10C880000099FEF78DF918B184F807A0012088E718
:10C89000C4F818B02068A1684089B1FBF0F200FB31
:10C8A0001212851AB54200D93546B1FBF0F200FBF1
:10C8B0001210011924312A46404602F07AFFA8449A
:10C8C000A0682844A060D9F800002844C9F80000F6
:10C8D000761B002E7FF467AF002062E770B5ADF5E0
:10C8E000047D04460E46204607F06AF9002810D160
:10C8F0005EB181A8A06101A8E06100212046FDF79A
:10C90000A6FF0025042807D008E000212046FEF7F6
:10C91000A9F80DF5047D70BD256100200028F8D12F
:10C920003146204601F0B8FB00212046FDF705FF07
:10C930000428EED125610020EBE773B5ADF51C7D31
:10C9400001229CA993A800F03DFF0446002C6DD164
:10C9500093988A9081A8999001A89A9093A89C99FD
:10C9600001F0FEF90446002C60D19898A8B198997E
:10C9700015220B3184A802F01CFF242293A98AA857
:10C9800002F017FF9DA801F0F7FB002807DB8AA83B
:10C990009D9901F0E5F9044602E0042446E00B24E9
:10C9A00004B90824042C41D18AA8FDF7AAFF044643
:10C9B000E4BB8F9D13220DF2122105F10D0002F050
:10C9C000F8FE9DF8100240F02000E87293980126CE
:10C9D0000671E87AC0061FD58C99959888421BD0BD
:10C9E0002946939802F02AFB01469398FDF796FB9F
:10C9F000014639B1939803F00FF9044693985030EB
:10CA000014B109E0022407E041782E2904D18C9961
:10CA100006F0ACFD9398067144B993A8FDF7F3FFB7
:10CA200004461CB9939806F0B6FD04460DF51E7D2C
:10CA3000204670BD33B5ADF50D7D0D4600228DA9A4
:10CA400084A800F0BFFE044694B981A88A9001A88A
:10CA50008B9084A88D9901F083F9044644B9899894
:10CA600028B12DB1294684A801F016FB00E0062468
:10CA70000DF50F7D204630BD70B50446204607F009
:10CA80009FF800280ED1A1798A060BD548060ED54D
:10CA90002068012304F124014078A269FEF7E0F840
:10CAA00008B1012070BDA07920F04000A071E169BB
:10CAB000206803F0B1F80028F4D1256AE87A40F044
:10CAC0002000E872207B2877A089000A6877E06858
:10CAD000000CA877E068000EE8772846216906F088
:10CAE00045FD01F0D5FAA875010AE975010C297612
:10CAF000000E68760020A874E874A07920F0200069
:10CB0000A0712168012008712068BDE8704006F01E
:10CB100042BD71B5ADF5157D0025012295A98CA802
:10CB200000F050FE0446F4BB80A89290CDF84CD2A1
:10CB30008CA8959901F014F90446A4BB919E2EB1DE
:10CB4000F07AC00700D0072414B120E00624FBE7E8
:10CB500031468C9802F072FA0546C5B1F07AC006EB
:10CB600015D524228CA983A802F023FE85950221E5
:10CB700083A8FDF777FF04464CB9002183A8FDF791
:10CB800066FE044604B90724042C00D1002454B9DD
:10CB90008CA8FDF738FF04463CB935B129468C987E
:10CBA00006F0A0F800E005E004461CB98C9806F0F9
:10CBB000F2FC04460DF5167D204670BD2DE9F84FB8
:10CBC00004468846164699460020C9F800002046CB
:10CBD00006F0F6FF002806D1E079002803D1A079FD
:10CBE000800702D40720BDE8F88FA068811900D320
:10CBF000002604F124004FF0010A0090ADE0226805
:10CC0000A0685189B0FBF1F301FB1303002B7DD128
:10CC1000B0FBF1F193785B1E1940CDB2F5B968B164
:10CC200010466169FDF7D0FA002870D001280DD0B8
:10CC3000411C0ED06061216979B10FE020690028A4
:10CC4000F2D100211046FDF7BFFAEDE70220E071B6
:10CC5000C9E784F807A00120C5E72061A079400654
:10CC60000FD520680123A26940780099FDF7F8FFED
:10CC700018B184F807A00120B5E7A07920F04000A2
:10CC8000A07161692068FDF749FAB0B100EB050BAE
:10CC900020684189B6FBF1F737B38178EA198A42F7
:10CCA00000D94F1B40783B465A464146FDF7D8FF16
:10CCB00030B184F807A0012095E70220E07192E7E7
:10CCC000A069A0EB0B00B8420AD221684A8900FB98
:10CCD0000281009802F06DFDA07920F04000A07163
:10CCE000206845897D432EE0A169594510D0D4E9DB
:10CCF000021291420CD2407801235A460099FDF766
:10CD00004FFF28B184F807A001206CE702E027E07C
:10CD1000C4F818B02068A1684089B1FBF0F200FBAC
:10CD20001212851AB54200D93546B1FBF0F200FB6C
:10CD30001210204424302A46414602F03AFDA079E0
:10CD400040F04000A071A844A0682844A060D9F831
:10CD500000002844C9F80000761B002E7FF44FAF76
:10CD6000D4E90201884200D9E060A07940F02000B7
:10CD7000A071002037E782B0CDE9000121F000402A
:10CD800001909DED000B02B051EC100B70470000BC
:10CD900070B56848FBF7A6FC67A0FBF7A3FC01226F
:10CDA0006CA16D48FFF7B4FA6C4C207001466CA082
:10CDB000FBF798FC20780D2815D10022114665A0BC
:10CDC000FEF7F0FF2070014669A0FBF78BFC012203
:10CDD00060A10020FFF79CFA207001225DA15E484F
:10CDE000FFF796FA20700B2265A16948FFF7B6FAA3
:10CDF0002070014667A0FBF775FC584B21220833D1
:10CE000068A16348FFF7DAFE2070014621226EA078
:10CE1000A368FBF767FC5E48FEF7D3FD2070014670
:10CE200071A0FBF75FFC0B2274A15948FFF796FA3B
:10CE30002070014657A0FBF755FC484B0E220833E3
:10CE400076A15348FFF7BAFE207001460E225EA07D
:10CE5000A368FBF747FC4E48FEF7B3FD2070014680
:10CE600061A0FBF73FFC0B2270A14948FFF776FA5F
:10CE70002070014647A0FBF735FC384B4FF4007596
:10CE800008332A4603F108014148FFF797FE207056
:10CE900001462A4669A0A368FBF724FC3C48FEF73C
:10CEA00090FD2070014650A0FBF71CFC01225FA101
:10CEB0003748FFF753FA2070284B28220C336B4970
:10CEC0003348FFF74DFC2070014669A0E268FBF78C
:10CED00009FC664DE06800262E546BA0FBF702FCAF
:10CEE00029466FA0FBF7FEFB2948FEF76AFD20707C
:10CEF000012223A12648FFF731FA2070174B642244
:10CF00000C3329462248FFF72BFC2070014658A01D
:10CF1000E268FBF7E7FBE0682E5462A0FBF7E2FB58
:10CF2000294665A0FBF7DEFB1948FEF74AFD207095
:10CF300070BD0000045004080A464C415348CEC45A
:10CF4000BCFECFB5CDB3D2C6D6B2B2E2CAD4313A66
:10CF5000200A0D00313A0000681A0020B0000020BD
:10CF60000D0A666D6F756E74207265733D256400E1
:10CF70000D0A665F6D6B6673207265733D256400F4
:10CF8000313A656E676C6973682E747874000000BE
:10CF9000982A00200D0A665F6F70656E20726573B7
:10CFA0003D256400656E676C697368206E616D6510
:10CFB0002066696C652C74657374206F6B6B6B6B8A
:10CFC0006B6B6B6B6B0000000D0A665F77726974A8
:10CFD000653A7265733D2564206C656E3D2564205D
:10CFE00062773D25640000000D0A665F636C6F7315
:10CFF00065207265733D256400000000313A61626E
:10D00000636465666768696A6B6C6D6E6F70717278
:10D0100073747576777A2E74787400006C6F6E670F
:10D02000206E616D652066696C650000313AD6D06E
:10D03000CEC4CEC4BCFE2E74787400000D0A665FA8
:10D0400077726974653A696E206368696E657365A5
:10D050002066696C65207265733D2564206C656E81
:10D060003D25642062773D2564000000681600209D
:10D070000D0A665F72656164207265733D256420E8
:10D0800062723D25640000000D0AB6C1C8A1B5BD9D
:10D09000B5C4CEC4BCFEC4DAC8DD3A0D0A00000037
:10D0A000257300000D0AB6C1C8A1B5BDB5C4CEC474
:10D0B000BCFEC4DAC8DD3A0025730D0A000000008A
:10D0C00010B519A0FBF70EFB01221FA11F48FFF7A7
:10D0D0001FF91F4C207038B101461EA0FBF702FB60
:10D0E00026A0FBF7FFFAFEE72FA0FBF7FBFA02F002
:10D0F00041FC207035A0FBF7F5FA00F0D9FA20705A
:10D100003FA0FBF7EFFA10A14A48F3F70CF94948A2
:10D1100005F094FE01220CA10020FFF7F9F8BDE80C
:10D1200010404548FBF7DEBA0D0A464C415348CE45
:10D13000C4BCFECFB5CDB3D2C6D6B2B2E2CAD432E9
:10D140003A200D0A00000000313A0000681A002061
:10D15000B00000200D0AA3A1A3A1CDE2B2BF466C8E
:10D16000617368B9D2D4D8CEC4BCFECFB5CDB3CA32
:10D17000A7B0DCA1A3282564290D0A000D0AA3A1EC
:10D18000A3A1BFC9C4DCD4ADD2F2A3BA5350492085
:10D19000466C617368B3F5CABCBBAFB2BBB3C9B967
:10D1A000A6A1A30D0A000000CEC4BCFECFB5CDB32E
:10D1B000B9D2D4D8B3C9B9A6A3ACBFC9D2D4BDF82B
:10D1C000D0D0B2E2CAD40D0A000000002A2A2A2ACE
:10D1D0002A2A2A2A2A2A2A2A2A2A2A20CEC4BCFE15
:10D1E000D0C5CFA2BBF1C8A1B2E2CAD4202A2A2A54
:10D1F0002A2A2A2A2A2A2A2A2A2A2A0D0A0000004A
:10D200002A2A2A2A2A2A2A2A2A2A2A2A2A2A2A2A7E
:10D210002A20CEC4BCFEC9A8C3E8B2E2CAD4202AE0
:10D220002A2A2A2A2A2A2A2A2A2A2A2A2A2A2A0D7B
:10D230000A000000BC3A00205C50040870B54E485B
:10D24000FBF750FA01224DA14D48FFF761F84D4C14
:10D2500020700D2809D0002829D001464AA0FBF7EC
:10D2600041FA52A0FBF73EFAFEE759A0FBF73AFA63
:10D270000022114641A0FEF795FD20706420F4F7CE
:10D2800013FB207818B15CA0FBF72CFAFEE75EA038
:10D29000FBF728FA012239A10020FFF739F82070A6
:10D2A000012236A13648FFF733F8207002E05DA076
:10D2B000FBF718FA65A0FBF715FA0A226EA174486D
:10D2C000FFF74CF82070734D4FF4007600281DD006
:10D2D00071A0FBF707FA77A0FBF704FA012266A119
:10D2E0006B48FFF73BF8207000282BD07BA0FBF7A2
:10D2F000F9F96748FEF765FB012220A10020FFF73E
:10D3000007F8BDE870407B48FBF7ECB97AA0FBF763
:10D31000E9F9604B324688495D48FFF74FFC2070C1
:10D3200038B1014685A0FBF7DDF95948FEF749FB06
:10D33000D1E788A02968FBF7D5F97F498EA0FBF7D4
:10D34000D1F9F2E794A0FBF7CDF9524B3246974959
:10D350004F48FFF705FA207020B1014694A0FBF773
:10D36000C1F9C6E798A02968FBF7BCF98F499FA0CF
:10D37000FBF7B8F9BDE700005C4F0408303A000045
:10D38000681A0020B0000020A3A1A3A15344BFA8A5
:10D39000B9D2D4D8CEC4BCFECFB5CDB3CAA7B0DC09
:10D3A000A1A3282564290D0A00000000A3A1A3A1C0
:10D3B000BFC9C4DCD4ADD2F2A3BA5344BFA8B3F5FD
:10D3C000CABCBBAFB2BBB3C9B9A6A1A30D0A0000CA
:10D3D0005344BFA8BBB9C3BBD3D0CEC4BCFECFB5EA
:10D3E000CDB3A3ACBCB4BDABBDF8D0D0B8F1CABD11
:10D3F000BBAF2E2E2E0D0A00B8F1CABDBBAFCAA717
:10D40000B0DC2E0D0A0000005344BFA8D2D1B3C92E
:10D41000B9A6B8F1CABDBBAFCEC4BCFECFB5CDB3C3
:10D420002E0D0A00A1B7CEC4BCFECFB5CDB3B9D284
:10D43000D4D8B3C9B9A6A3ACBFC9D2D4BDF8D0D093
:10D44000B6C1D0B4B2E2CAD40D0A00000D0A2A2A2D
:10D450002A2A2A2A20BCB4BDABBDF8D0D0CEC4BC89
:10D46000FED0B4C8EBB2E2CAD42E2E2E202A2A2A2D
:10D470002A2A2A0D0A000000303A4661744673B623
:10D48000C1D0B4B2E2CAD4CEC4BCFE2E747874004B
:10D49000403B0020B4000020A3A1A3A1B4F2BFAA86
:10D4A0002FB4B4BDA8CEC4BCFECAA7B0DCA1A30DE6
:10D4B0000A0000002A2A2A2A2A2A20BCB4BDABBDB1
:10D4C000F8D0D0CEC4BCFEB6C1C8A1B2E2CAD42E38
:10D4D0002E2E202A2A2A2A2A2A0D0A00A3A1A3A135
:10D4E000B4F2BFAACEC4BCFECAA7B0DCA1A30D0A89
:10D4F00000000000B04F0408A1B7B4F2BFAA2FB4D7
:10D50000B4BDA84661744673B6C1D0B4B2E2CAD401
:10D51000CEC4BCFE2E747874CEC4BCFEB3C9B9A60A
:10D52000A3ACCFF2CEC4BCFED0B4C8EBCAFDBEDD06
:10D53000A1A30D0A00000000C0000020A3A1A3A128
:10D54000CEC4BCFED0B4C8EBCAA7B0DCA3BA2825B1
:10D5500064290A00A1B7CEC4BCFED0B4C8EBB3C9DD
:10D56000B9A6A3ACD0B4C8EBD7D6BDDACAFDBEDD30
:10D57000A3BA25640A000000A1B7CFF2CEC4BCFE56
:10D58000D0B4C8EBB5C4CAFDBEDDCEAAA3BA0D0A9D
:10D5900025730D0A00000000A1B7B4F2BFAACEC4E3
:10D5A000BCFEB3C9B9A6A1A30D0A000068160020ED
:10D5B000A3A1A3A1CEC4BCFEB6C1C8A1CAA7B0DCBA
:10D5C000A3BA282564290A00A1B7CEC4BCFEB6C1FF
:10D5D000C8A1B3C9B9A62CB6C1B5BDD7D6BDDACAE4
:10D5E000FDBEDDA3BA25640D0A000000A1B7B6C1D7
:10D5F000C8A1B5C3B5C4CEC4BCFECAFDBEDDCEAAAB
:10D60000A3BA0D0A2573200D0A00000070B580280A
:10D610001FD345F2205409B1104D00E0104D0023F6
:10D620001022E11A01EBD17103EB610135F82160A1
:10D63000864207D001D20B4600E00C46A2F101025F
:10D64000002AEED132B14FF0010000EB410035F875
:10D65000100070BD4FF0000070BD0000DAA102089C
:10D66000564D010870B5802806D2A0F16101192934
:10D6700001D8203880B270BD0C2300224FF4F7741B
:10D68000094DA11A02EB510135F81160864205D00F
:10D6900001D20A4600E00C465B1EF2D1002BEAD014
:10D6A000024830F8110070BD5EF603083AFA03082C
:10D6B0007CB5214921A0FFF7BDF9264C2070002838
:10D6C00038D125A0FBF70EF81B4D2AA02968FBF7DF
:10D6D00009F8E888C0F34511C00ACDE90001A8881F
:10D6E00040F2BC7100F01F03C0F3431201EB502164
:10D6F00026A0FAF7F7FF287A810601D5412100E03C
:10D700002D21420701D5532200E02D22CDE9002131
:10D71000810701D5482300E02D23C10701D0522203
:10D7200000E02D22C00601D5442100E02D2120A0DB
:10D73000FAF7D8FF20787CBD203B0020313A5465B1
:10D7400073744469722F746573746469722E74788B
:10D7500074000000B0000020A1B0746573746469A7
:10D76000722E747874A1B1CEC4BCFED0C5CFA2A372
:10D77000BA0D0A00CEC4BCFEB4F3D0A13A20256C89
:10D780006428D7D6BDDA290D0A000000CAB1BCE46E
:10D79000B4C13A2025752F253032752F25303275CA
:10D7A0002C20253032753A253032750D0A000000E4
:10D7B000CAF4D0D43A202563256325632563256305
:10D7C0000A0D0A002DE9FF47804608461646002745
:10D7D000C8F8007000F0D0FC0546002D03DA0B20DD
:10D7E00004B0BDE8F087C64850F825408CB1C8F8B1
:10D7F0000040207820B16078FDF71EFAC1070AD0FA
:10D800002770E8B26070FDF77DF9C1070AD00320E8
:10D81000E6E70C20E4E71EB1400701D50A20DFE768
:10D820000020DDE71EB1400701D50A20D8E7607867
:10D8300004F10A020221FDF77BF930B96089B0F5E5
:10D84000007F02D3B0F5805F01D90120C8E7002531
:10D8500029462046FCF71CFC012826D10021E84679
:10D8600004EB011000F5F770027952B1027AC37A25
:10D8700042EA0362837A407A1B0443EA00200243AF
:10D8800000E0002248F82120491C0429E8D30026A2
:10D8900058F8265025B129462046FCF7F9FB00E050
:10D8A000022010B1761C042EF2D3032802D018B146
:10D8B0000D2095E7012093E794F83B0094F83C1085
:10D8C000B4F80AC040EA0120604501D00D2087E786
:10D8D00094F8460094F8471040EA012058B914F82B
:10D8E000540FE178627840EA0160A1780904543C61
:10D8F00041EA02210843A06194F840A084F803A003
:10D90000BAF1010F04D0BAF1020F01D00D2067E780
:10D910000AFB00FA94F83D20A27012B1511E0A428F
:10D9200001D00D205CE794F8411094F8423041EAB0
:10D93000032323814FEA5C16B3FBF6F106FB11319A
:10D9400009B10D204CE794F8431094F8448041EA63
:10D95000082179B994F8501094F8538094F85190B4
:10D9600041EA086194F852804FEA084848EA0928D9
:10D9700041EA080194F83E8094F83F9048EA09296A
:10D98000B9F1000F08D0B3FBF6F609EB0A08B04472
:10D99000414503D20D2023E70D2021E7A1EB08012B
:10D9A000B1FBF2F141B3012640F6F672914200D389
:10D9B00002264FF6F672914200D30326891C61615C
:10D9C000E56105EB09022262A844C4F82880032E11
:10D9D00014D03BB352446262022E25D001F0010202
:10D9E00001EB410102EB5101491E6144B1FBFCF125
:10D9F00081421BD90D20F3E60D20F1E60BB10D207D
:10DA0000EEE694F85C2094F85F3094F85D8042EA8A
:10DA1000036294F85E301B0443EA08231A436262EF
:10DA20008900E1E70D20DBE64900DDE74FF0FF303C
:10DA30002061E06080206071032E57D194F860006F
:10DA400094F8611040EA012001284FD1691C20465A
:10DA500002F0E2F8F0BB677194F82E0294F82F12EE
:10DA600040EA0120A0F52A4155393FD114F8300F82
:10DA7000E178627840EA0160A178303C090441EA2B
:10DA8000022108431F49884230D194F8140294F8C7
:10DA9000171294F8152240EA016094F8161209044E
:10DAA00041EA02210843184988421FD194F818021C
:10DAB00094F81B1294F8192240EA016094F81A12A3
:10DAC000090441EA02210843206194F81C0294F8F9
:10DAD0001F1200E00AE040EA016094F81E1294F878
:10DAE0001D22090441EA02210843E060267004492E
:10DAF000091F0888401C0880E080002070E60000B4
:10DB0000A800002052526141727241612DE9F04338
:10DB10004B730F23CB7200230B738B76CB76531E84
:10DB200003EB830404EBC30500231C46114E01F1F3
:10DB3000010C4FF6FF77BB4203D02B466D1C30F82B
:10DB4000133016F8048001F8083016F804904FEAF4
:10DB5000132809F80C8003B93B46641C0D2CEAD34A
:10DB6000BB4202D030F8150008B942F040020A70FA
:10DB7000BDE8F08316FE030870B52F48FAF7B2FD32
:10DB8000F4F716FE0446F4F733FE054621462BA0B3
:10DB9000FAF7A8FD294632A0FAF7A4FD37A0FAF754
:10DBA000A1FD0020F4F792FD3AA0FAF79BFD3FA0FB
:10DBB000FAF798FD4FF48050F4F788FD41A0FAF78A
:10DBC00091FD46A0FAF78EFD4FF40050F4F77EFD6C
:10DBD00048A0FAF787FD4DA0FAF784FD00204F4BCF
:10DBE00077214FF480651954401C80B2A842FAD3C3
:10DBF0002A460A214948F4F76BFF49A0FAF772FD5B
:10DC00004BA0FAF76FFD2A460A214D48F4F7A2FD12
:10DC100000242E464A4D4BA0295DFAF763FD641C93
:10DC2000A4B2B442F7D349A0FAF75CFDBDE8704056
:10DC30004A48FAF757BD0000644E04080D0A5468BC
:10DC40006520466C61736820446576696365204988
:10DC500044206973203078253032780D0A000000A6
:10DC60000D0A54686520466C617368204944206938
:10DC70007320307825780D0A000000000D0AB2C12B
:10DC8000B3FDB5DA30B8F6C9C8C7F8BFAACABC0D2B
:10DC90000A0000000D0AB2C1B3FDB5DA30B8F6C90A
:10DCA000C8C7F8BDE1CAF80D0A0000000D0AB2C1EC
:10DCB000B3FDB5DA31B8F6C9C8C7F8BFAACABC0DFA
:10DCC0000A0000000D0AB2C1B3FDB5DA31B8F6C9D9
:10DCD000C8C7F8BDE1CAF80D0A0000000D0AB2C1BC
:10DCE000B3FDB5DA32B8F6C9C8C7F8BFAACABC0DC9
:10DCF0000A0000000D0AB2C1B3FDB5DA32B8F6C9A8
:10DD0000C8C7F8BDE1CAF80D0A0000000D0AD0B47A
:10DD1000C8EBBFAACABC0D0A00000000D40A00204C
:10DD20000D0AD0B4C8EBBDE1CAF80D0A000000002E
:10DD30000D0AB6C1C8A1BFAACABC0D0A00000000E6
:10DD4000D406002030782530327820000D0AB6C184
:10DD5000C8A1BDE1CAF80D0A00000000B84E0408D1
:10DD600073B50446019908782F2801D05C2801D1A9
:10DD7000491C01910025A56001980078202805D252
:10DD800000212046FCF76EFE65617CBD01A920469E
:10DD9000FCF7E2FA0028F8D12046FCF76BFCA169F9
:10DDA000C97A28B10428F0D14907EED405207CBDFA
:10DDB0004907FCD46169C87AC00601D405207CBD3E
:10DDC000206801F03BF9A060E0E7000070B5044670
:10DDD000064DE1B22846FAF7C5FB80212846FAF73E
:10DDE0001DFB0028F9D0204670BD00000010014046
:10DDF00010B5002821D0114B0022001F196803E044
:10DE0000814203D80A4649680029F9D152B1136802
:10DE1000841A9C4204D1006818441060104602E045
:10DE2000506000E0186039B102680B1A934203D1C8
:10DE30000B681A4402604968416010BDE803002085
:10DE40007CB5054616461C460B22284601F0B1FC5F
:10DE5000052C11D91F480CE0B61C002322460C46A5
:10DE600062F35F044908E20300D544405B1C102BB9
:10DE7000F4D331880029EFD107226B4604F00F015B
:10DE80003031392901D9C91DC9B21046521E195461
:10DE90002409002CF2D17E2098540021541E06E063
:10DEA00081387D2802D8A14206D0491C491C9142E4
:10DEB00002D2685C2028F3D1082A03D21046521CF3
:10DEC000185C00E020200C46491C28550829F3D393
:10DED0007CBD0000211001007CB50546284801AB3F
:10DEE000042240680D210078F7F741FC08B10720B3
:10DEF0007CBD9DF807009DF80420C0F3011102F0DD
:10DF0000E00241EAD2018DF800109DF80520C0F32F
:10DF1000810102F0E00241EAD2018DF801109DF882
:10DF2000061000F0030001F0E00140EAD1008DF896
:10DF3000020000219FED131ADFED131A9FED130A63
:10DF40006C46605C20B105EB8103C3ED001A0AE06A
:10DF500005EB810080ED001A0BE0D3ED000A60EEC6
:10DF6000800AC3ED000A625C521E12F0FF02625486
:10DF7000F3D1491CC9B20329E3D300207CBD0000C2
:10DF800068000020000000007B14AE3E1D5A843F54
:10DF90002DE9F04104460D46022D02D36069A842E6
:10DFA00001D8012609E04FF0FF362078012807D07C
:10DFB000022835D003284BD001263046BDE8F08139
:10DFC00005EB55076089216AB7FBF0F00144204654
:10DFD00001F022FE0028F0D160893946B1FBF0F251
:10DFE00000FB121121447F1C91F83080B7FBF0F048
:10DFF000216A0144204601F00FFE0028DDD160892E
:10E00000B7FBF0F100FB1170204490F8300048EAB3
:10E010000020E90701D00609CFE7C0F30B06CCE7E3
:10E020006089216A4008B5FBF0F00144204601F008
:10E03000F3FD0028C1D161896800B0FBF1F201FB5A
:10E040001200204430300178407841EA0026B4E7DD
:10E050006089216A8008B5FBF0F00144204601F098
:10E06000DBFD0028A9D16189A800B0FBF1F201FB1A
:10E070001200204430300178C27841EA026182788F
:10E080004078120442EA0020014321F0704694E7F0
:10E0900000487047000021582DE9F0410E4606F176
:10E0A00009050169002937D0436900242146641C11
:10E0B0005A5C202A17D0052A00D1E522092C02D16A
:10E0C0002E2105F8011BA2F14101192909D81F7B56
:10E0D000092C01D3102100E008210F4201D0203289
:10E0E000D2B205F8012B0B2CE0D3D97A3172197F0B
:10E0F000DA7F5C7F41EA02619A7F120442EA0422DD
:10E1000011433160197E5A7E41EA0221B180997D26
:10E11000DA7D41EA0221F1804FF0000885F80080A5
:10E12000B769002F26D00024016909B3F169F9B15C
:10E13000018CA1F57F42FF3A1AD0C56914E0002195
:10E14000FFF764FA58B1FF2803D9020A2146641C7C
:10E150007A54F169491EA14203D8002408E0002442
:10E1600006E02146641C785435F8020B0028E6D1FD
:10E1700007F80480BDE8F08110B504464FF0FF3089
:10E180002368002B0BD0194600E0491C0A78202A8E
:10E1900001D33A2AF9D10A783A2A01D0002010BDD9
:10E1A00013F8012B303A0A2AF9D28B42F7D1022A0E
:10E1B000F5D21046491C216010BD00002DE9F04F3A
:10E1C00087B005460C46924601208DF810000027C6
:10E1D0008DF81170DFF8C08304AB0222D8F800007C
:10E1E000817CD8F804000078F7F753FB4FF0FF3933
:10E1F00018B1484607B0BDE8F08FDFF8A0B3584625
:10E20000F3F752FB8DF81070D8F8000004AB012230
:10E21000C17BD8F804000078F7F73BFB08B148460B
:10E22000E8E7D8F8000004AB01224179D8F80400EF
:10E230000078F7F72EFB08B14846DBE7D8F8000076
:10E2400004AB0122817CD8F804000078F7F721FBA9
:10E2500008B14846CEE7D8F8000004AB0122C17DE2
:10E26000D8F804000078F7F714FB08B14846C1E776
:10E27000D8F8000004AB01220179D8F80400007836
:10E28000F7F707FB08B14846B4E70C268DF8106095
:10E29000D8F8000004AB01220179D8F80400007816
:10E2A000F7F7F7FA08B14846A4E743F69820F3F7E2
:10E2B000FBFAD8F82800407A8DF81000D8F8000052
:10E2C00004AB01228178D8F804000078F7F7E1FA6E
:10E2D00008B148468EE7D8F82800007A8DF810007B
:10E2E000D8F8000004AB01224178D8F80400007887
:10E2F000F7F7CFFA08B148467CE7BAF1000F07D02C
:10E30000D8F82800807A40F0E0008DF8100004E092
:10E31000D8F82800807A8DF81000D8F8000004ABF7
:10E3200001228179D8F804000078F7F7B2FA08B131
:10E3300048465FE7BAF1000F07D0D8F82800C07A46
:10E3400040F0E0008DF8100002E018208DF8100079
:10E35000D8F8000004AB0122C179D8F80400007895
:10E36000F7F797FA08B1484644E7BAF1000F02D030
:10E370005846F3F799FA40208DF81000D8F80000BD
:10E3800004AB01220179D8F804000078F7F781FA8C
:10E3900008B148462EE778208DF81000D8F8000024
:10E3A00004AB01224179D8F804000078F7F771FA3C
:10E3B00008B148461EE74CF25030F3F775FA8DF875
:10E3C0001070D8F8000004AB01224179D8F804009D
:10E3D0000078F7F75EFA08B148460BE7D8F8000076
:10E3E00004AB0222817AD8F804000078F7F7BFF96D
:10E3F00008B14846FEE69DF811009DF8101040EA6D
:10E400000120B0FBF6F0C6B2AF606F602F60A7606E
:10E4100067602760002756E0D8F8000004AB0C22A4
:10E42000C17AD8F804000078F7F7A1F908B1484696
:10E43000E0E69DF811009DF8101040EA012001B2BD
:10E44000ADF808109DF813009DF8122040EA022054
:10E4500002B2ADF80A209DF815009DF8143040EA8C
:10E46000032000B2ADF80C002368194421606168F4
:10E4700011446160A1680844A0609DF817009DF8F0
:10E48000161040EA012002B2ADF800209DF81900F4
:10E490009DF8181040EA012000B2ADF802009DF886
:10E4A0001B109DF81A3041EA032109B2ADF804109F
:10E4B0002B681A442A606A6810446860A868084497
:10E4C000A8607F1CFFB2B742A6D328688322C11779
:10E4D000090441EA104100040023F1F7A4FE32468A
:10E4E0000023F1F7A0FE286068688322C1170904A1
:10E4F00041EA104100040023F1F795FE3246002363
:10E50000F1F791FE6860A8688322C117090441EA07
:10E51000104100040023F1F786FE32460023F1F794
:10E5200082FEA86020684FF40065C117090441EA23
:10E53000104100042A460023F1F775FE32460023FD
:10E54000F1F771FE206060682A46C117090441EAAC
:10E55000104100040023F1F766FE32460023F1F774
:10E5600062FE6060A0682A46C117090441EA1041B2
:10E5700000040023F1F757FE32460023F1F753FE63
:10E58000A060002803DDA0F58030A06002E000F567
:10E590008030A06000202DE668000020400D0300C0
:10E5A00070B505460E4609A0FAF79CF8002405E070
:10E5B000295D09A0FAF796F8641CA4B2B442F7DB0F
:10E5C000BDE8704005A0FAF78DB800000D0A496E4D
:10E5D000666F3A2000000000256300000A0000007A
:10E5E00001490120087070471C000020F8B505465D
:10E5F0000E4600242E486B46032240680D21007809
:10E60000F7F7B5F808B10720F8BD9DF8000000F055
:10E610001F008DF800009DF8010000F01F008DF82C
:10E6200001009DF8020000F01F008DF8020000229A
:10E63000DFED201A6B46012155F8220056F82270B2
:10E64000C01B00D5404200EE100AB8EEC00A60EED2
:10E65000210A985CE8B1B3EE090A9FED171A01E0B0
:10E6600020EE010A985C401E10F0FF009854F7D18C
:10E6700080EE801AB7EE000A31EE400A0F4FB0EE7E
:10E68000C00A10EE100AB8420DDD01FA02F0044390
:10E6900009E010EE900A0A4F3844B0F1D97F02D950
:10E6A00001FA02F00443521C032AC5DB2046F8BDE0
:10E6B000680000200000803754E3853F295C0F3E4E
:10E6C0000000E0BE30B58DB0FDF76EF8FFF754FAEC
:10E6D00004F084FE012802D134A0FAF703F8FEF713
:10E6E00057FBFEF7EDFCFEF7A9FD012233A13448EC
:10E6F000FDF70EFE642133A20846F6F78BFE374D78
:10E700002846F3F7D1F836A000F010FC2846F3F7BE
:10E71000CBF83A49CA79521CD2B2CA7138A103A8BF
:10E72000F9F7F0FF3CA0F9F7DDFF03A800903E48A1
:10E73000002103883D4802880846F8F7F1FF0028C9
:10E740002FD03BA0F9F7CEFF01221CA10020FDF73E
:10E75000DFFDF6F741FE3AA10020F5F743FE002465
:10E7600037A0CDE9000430231A4619462046F5F7B4
:10E77000C5FE33A0CDE9000438231A4670210020DD
:10E78000F5F7BCFE2846F3F78FF8334C2EA1204650
:10E79000F9F7ECFE31A12046F9F7E8FE0DB00020B4
:10E7A00030BD32A0F9F79EFFCEE700007372616DB5
:10E7B00020B2E2CAD4B3C9B9A60D0A00303A0000AB
:10E7C000681A0020303A50696374757265732F6659
:10E7D0006F6F7462616C6C2E626D700040420F004E
:10E7E000303A50696374757265732F6D7573696320
:10E7F000706C617965722E6A7067000000000020FD
:10E80000303A73637265656E5F73686F745F256419
:10E810002E626D70000000000D0AD5FDD4DABDD85F
:10E82000CDBC2E2E2E000000480300204603002001
:10E830000D0ABDD8CDBCCAA7B0DCA3A10000000062
:10E8400052656D6F746572005448495320495320D6
:10E8500055415254340D0A00004C00405541525469
:10E8600034B2E2CAD4D5FDB3A30D0A000D0ABDD857
:10E87000CDBCB3C9B9A6A3A1000000002DE9FF5F7C
:10E88000074690469A463E7B39687C682278002588
:10E89000A9464FF0100B0EBB69B1641C491EB9F1BB
:10E8A000000F17D04FF00009207880B16FF00500FD
:10E8B00004B0BDE8F09FBC687B6F4FF40072214646
:10E8C0003846984701460800E8D1801EF0E7FF224D
:10E8D000227002E02278FF2A15D080266D00324295
:10E8E00000D06D1C76080198019B00785B1C019399
:10E8F00088B138F8023BAB4208D13E7339607C6086
:10E900009AF80000D4E74FF0010906E00AF1010A85
:10E91000401E0028EDD1ABF1010BBBF1000FBAD1C5
:10E920006FF00500C4E7000010B50C4C2021204614
:10E93000F4F7B5FC00F014F810212046F4F7B1FC10
:10E9400000F00EF810212046F4F7A9FC00F008F8BA
:10E950002046BDE810402021F4F7A3BC0008024087
:10E960000020401CC0B21428FBD3704710B50A4CDD
:10E9700020212046F4F795FCFFF7F2FF10212046F6
:10E98000F4F78FFCFFF7ECFF10212046F4F787FC2B
:10E99000BDE81040FFF7E4BF0008024070B5002456
:10E9A00000250E4E6006040E10213046F4F779FC67
:10E9B000FFF7D6FF20213046F4F76AFC08B1641C4B
:10E9C000E4B210213046F4F76AFCFFF7C9FF6D1C72
:10E9D000EDB2082DE6D3204670BD000000080240CD
:10E9E00070B505460024134E280604D52021304674
:10E9F000F4F757FC03E020213046F4F750FCFFF712
:10EA0000AFFF10213046F4F74CFCFFF7A9FF1021AF
:10EA10003046F4F744FC072C03D120213046F4F7AC
:10EA200040FC6806050EFFF79BFF641CE4B2082C4F
:10EA3000DAD370BD0008024010B50C4C20212046EE
:10EA4000F4F72FFC10212046F4F72BFCFFF788FF8A
:10EA500020212046F4F723FCFFF782FF10212046F7
:10EA6000F4F71DFCBDE81040FFF77ABF0008024034
:10EA700010B5084C20212046F4F711FC1021204647
:10EA8000F4F70FFCFFF76CFF2046BDE81040202193
:10EA9000F4F707BC0008024070B50E4D202128464F
:10EAA000F4F7FFFBFFF75CFF10212846F4F7F9FBB2
:10EAB000FFF756FF20212846F4F7EAFB08B10124AE
:10EAC00000E0002410212846F4F7E9FBFFF748FF97
:10EAD000204670BD0008024038B51446806F0029FA
:10EAE00008D000686B462246FDF73AFE002800D1A8
:10EAF000009838BD006881682144FCF7E9FF08B13F
:10EB0000002038BD204638BD00B50246104600F052
:10EB10000DF80346D01C00F009F843EAC003901D2D
:10EB200000F004F843EA801080B200BD90F90010B4
:10EB3000002902DD4FF00000704702DA4FF00400B8
:10EB4000704790F90110002902DD4FF00100704775
:10EB500002DA4FF00500704790F90200002802DD4C
:10EB60004FF00200704702DA4FF0060070474FF096
:10EB700007007047F0B503460025084600260A2A1C
:10EB800001D00670F0BD002B1DD005DA4FF02D022C
:10EB900000F8012BC3F1000342F210724FF00A0794
:10EBA00093FBF2F454EA050C06D004F1300500F8AA
:10EBB000015B04FB1233012592FBF7F2002AEFDC24
:10EBC00006700846F0BD3022027046700846F0BD5F
:10EBD0002DE9F05F04468B46032A02D90520BDE8E3
:10EBE000F09F6273A07B4FEAC009E07B4FEAC00A46
:10EBF0000020A082E082208300252F46804623E06B
:10EC000000261DE0608B68B129466D1CADB28142C3
:10EC100008D139467F1CBFB2204604F096F8002880
:10EC2000DDD10125204600F077FB0028D7D14346EF
:10EC300032465946204600F031FC0028CFD14E44E0
:10EC4000E169B142DED8D044216A4145D8D8C6E74F
:10EC50002DE9F04704460898002A2FD0E266236782
:10EC60006167A067002767830021002004EBC103D0
:10EC700003EB8002576257635764401C0228F7D3A6
:10EC8000491C0229F1D3002004EB80014F65401C90
:10EC90000428F9D34FF4007949462046FAF76AFF71
:10ECA0000546A06028000BD0636F0222294620464B
:10ECB0009847022806D00220BDE8F0870520FBE730
:10ECC0000320F9E76878297840EA0120A0F57F4120
:10ECD000D83901D00620EFE74FF00208636F042215
:10ECE000294620469847042801D00220E4E76878A6
:10ECF000297840EA0120E978AA7841EA0226022E22
:10ED000003D9FF21B1EB102F01D00620D4E7B61EA6
:10ED1000B04408F10408C0B2C0381E2877D2DFE83A
:10ED200000F00FF9F9F960F9F9F9FBF9F9F9FBF9D4
:10ED3000F9F9FBFBFBFBFBFBFBFBFBF98D77FB4DC9
:10ED40004E4501D90420B7E7636F32462946204675
:10ED50009847B04201D00220AEE72879E97840EA2E
:10ED60000120E061A878697840EA01202062687992
:10ED7000032801D008209FE7002101EB4100421940
:10ED8000D07919B111280ED0082095E7112805D0A7
:10ED9000222803D0212801D008208DE70309A3737E
:10EDA00000F00F00E073107A032801D9082083E7F0
:10EDB00062181074491C0329DFD38FE74E4501D92F
:10EDC000042079E7636F3246294620469847B042CF
:10EDD00001D0022070E76878297840EA012060833A
:10EDE0007CE74E4501D9042066E7636F3246294629
:10EDF00020469847B04201D002205DE732462946BE
:10EE00002046FBF735FAC0B20028D6D054E783E09D
:10EE10004E4501D904204FE7636F3246294620460C
:10EE20009847B04201D0022046E7324629462046A4
:10EE3000FBF7AAFBC0B20028BFD03DE74E4501D981
:10EE4000042039E7636F3246294620469847B0428E
:10EE500001D0022030E7E06930B1206A20B1287883
:10EE6000032803D0082027E7062025E7002005EB2C
:10EE70004001897819B1112901D008201CE708B197
:10EE8000012100E0002104EBC1014A6AA2B3896AB2
:10EE900091B32118097C04EB8101496D69B3401CD1
:10EEA0000328E4D3E07BA17B10FB01F63EB34020B6
:10EEB00000EBC611FF2900D881002046FAF75AFE60
:10EEC000606618B3B61CB1012046FAF753FEA0667F
:10EED000F0B1656027602773C8F30800002809D0E7
:10EEE0002918C0F50072636F0D46204698472060D0
:10EEF0006D1E65600020DFE602E003E00AE003E04B
:10EF00000620D9E60620D7E60620D5E60320D3E67C
:10EF10000320D1E60820CFE6636F32460021204669
:10EF20009847B04288D00220C6E6000070B5ADF523
:10EF3000865D014605AC01222046FDF70FFA10B9A7
:10EF40000DF5805084634FF4E055284600F0AEF98B
:10EF5000044641F2380068442B4600F10C0500904D
:10EF6000224618492846FFF773FE014669B116A0EC
:10EF7000F9F7B8FB2046FEF73BFF0DF58050806B9C
:10EF8000FCF71FFD0DF5865D70BD0DF58050D0F8C6
:10EF9000B400C0F5E0530DF58050D0E9181211A06F
:10EFA000F9F7A0FB00221A492846FFF711FE014697
:10EFB00019B118A0F9F796FBDCE71EA0F9F792FB50
:10EFC000D8E70000D9EA00084661696C65642074DE
:10EFD0006F20707265706172653A2072633D2564BE
:10EFE0000A000000496D6167652064696D656E7394
:10EFF000696F6E733A2025752062792025752E2061
:10F00000257520627974657320757365642E0A0016
:10F01000412A01084661696C656420746F2064654B
:10F02000636F6D70726573733A2072633D25640A75
:10F03000000000000D4F4B20200A00000246887E91
:10F04000CB7E40EA03201278032A05D10A7D497D50
:10F0500042EA012140EA01407047000003F0B4FF9A
:10F06000FFF730FB4348F6F7C9F900214FF4FC6085
:10F07000F6F7BEF940480021038840480288084658
:10F08000F5F7FAF800F016FC00F032FC3C4C206872
:10F09000662100EE100ABCEEC00A10EE100AC0B2E3
:10F0A00003F01AFE34F8520C1421C0B203F014FE1F
:10F0B00060796B2103F010FE2068F1F72DFB41EC25
:10F0C000100B30A053EC102BF9F70CFB34F8521C4A
:10F0D00032A0F9F707FB617935A0F9F703FB42F29B
:10F0E000CF0463212046F2F728F84FF6FF757F2101
:10F0F0002846F3F7D3FE7F212846F3F70EFF63215E
:10F100002046F3F74AFF09212046F3F7A3FF2C4DD1
:10F110000024287801280AD1294A1432111F081F17
:10F1200000F0F2FE10B9F6F793FA28812C70687897
:10F13000012802D102F0A0F96C70A878012800D152
:10F14000AC70E878012802D1F7F73AF8EC7028792A
:10F15000012800D12C71A879012804D1AC71FAF7EB
:10F1600089FF00F0F7FB6879012800D16C7100F08D
:10F17000BFFBCEE7580300204803002046030020D1
:10F18000C20600205265635761726E426174566F09
:10F190006C743A2025660D0A0000000063684D6912
:10F1A00064646C655B315D3A25640D0A0000000003
:10F1B000636C6F636B54696D653A25640D0A0000DA
:10F1C0000000002070B505462448017801290AD1C5
:10F1D0000021017022480388224802880846F5F77A
:10F1E0004BF8F4F773FD4FF6FF70F6F7FBF81F20AE
:10F1F000F6F70AF91C48F6F701F9F6F7EDF81BA146
:10F200000020F5F7C9F8F6F7E7F8C0881CA1F5F774
:10F21000C3F80024114E361DAC4202D14FF47840A1
:10F2200000E00020F6F7F0F856F82430AC4201D1A7
:10F230003E2200E020221AA11B48F9F763FAF6F7F4
:10F24000CBF8C088E11C484380B21749F5F7A4F811
:10F25000641CE4B2042CDFD370BD00001C0000204D
:10F2600048030020460300205803002052656D6FBC
:10F27000746572204D61696E204D656E75000000E9
:10F280004C4546542F52494748543A2053656C65C3
:10F2900063742020204F4B3A20456E746572000045
:10F2A0002563202573000000F8050020F0B50B3021
:10F2B000154D20F007010024144A0FE003688B422B
:10F2C0000BD38B4205D95E1A43184768C3E9006720
:10F2D00000E04368136002C004E0021D10680028CB
:10F2E000ECD12046002802D1286808B10020F0BDEA
:10F2F000064A07481060074A121A22F00702C0E9BE
:10F30000002401202860D7E7EC030020E803002058
:10F310005CA9002058E900202DE9F04F85B0054692
:10F320006E6EA87BE97B10FB01F102910220D5F8FB
:10F33000688000270299084403909DE00298874264
:10F3400002D24FF0000904E00298A7EB000909F18E
:10F350000109B9F1000F01D0012000E0002005EB08
:10F36000C00ADAF82410DAF83420DAF844302846F3
:10F37000FFF784FA8346BBF1000F05DACBF10000FA
:10F38000C0B205B0BDE8F08F05EB49000490B0F9BC
:10F39000144015D059462846FAF702FC002802DA34
:10F3A0004042C0B2EDE7ABF1010B012101FA0BF1D4
:10F3B000084202D1A0EB4100401C0444049884821E
:10F3C00005EB0900007C05EB8000D0F85490D9F8DB
:10F3D00000006043001230600120002146F8201038
:10F3E000401C4028FAD3DAF828000190DAF83800F7
:10F3F0000090DAF848B00124DDE900215B46284698
:10F40000FFF73CFA00282DD003DAC0F10000C0B2AB
:10F41000B7E74FEA101121B10C44402C01D306206C
:10F42000AFE710F00F0A1AD051462846FAF7B8FB9A
:10F43000002802DA4042C0B2A3E7AAF1010A012182
:10F4400001FA0AF1084202D1A0EB4100401C124926
:10F45000095D59F821204243101246F82100641C2E
:10F46000402CC9D3687B03280CD041463046FAF7BC
:10F47000D5FB08F140087F1C0398B8423FF65EAF09
:10F4800000207EE73068C11700EB1160802101EB9E
:10F49000202088F80000ECE7964801082DE9FF4F8E
:10F4A00087B0817BCC00C17B4FEAC108C1691519C7
:10F4B0008D4201D8A14601E0A1EB0209016A03EBEC
:10F4C00008058D4201D8454600E0CD1A417B29FA56
:10F4D00001F9CD400595B9F1000F18D0059DB5B1E2
:10F4E000CA40CB40ADF80C2002EB0901491EADF833
:10F4F0000E10ADF8103005991944491EADF81210E0
:10F50000417B032975D0D0F864C000255FE000205E
:10F510000BB0BDE8F08F816E01EBC502B8F1100FA2
:10F5200005D0E30003EBC503194400234CE06B084E
:10F5300001EBC30101F58071082DF6D34032F4E7E9
:10F540000F78803F91F840B0ABF1800B102C51D078
:10F55000491C12F8016B40F29B5E0BFB0EFA4FEA5E
:10F56000EA7E0AEB9E5A06EBAA2ACAF3090EDFF8D6
:10F5700024A21AF80EE00CF801EB40F2DB2E0BFB94
:10F580000EFB07EB470E0EEBC70E0BEB4E1B4FEAC5
:10F59000EB7E0BEB9E5BA6EBAB2BCBF3090B1AF8C8
:10F5A0000BB00CF801BB40F2167B07FB0BF74FEAE0
:10F5B000E77B07EB9B5706EBA726C6F309061AF86D
:10F5C00006600CF8016B5B1CA342B9D36D1C45456A
:10F5D000A1D3417B00294CD04A00029201278F40E1
:10F5E000E11B01EB41010191D0F864E0002106919B
:10F5F0003CE03FE0082B00D1383203F001063144F3
:10F60000A7E74FF0000A2CE00699426E01FB04A127
:10F6100001EB4101114400231E461D469C4611E0AA
:10F62000002209E011F801BB5B4411F801BB5D4405
:10F6300011F801BB5E44521CBA42F3D3019A114443
:10F640000CF1010CBC45EBD30299CB400EF8013B09
:10F650000299CD400EF8015B0299CE400EF8016B85
:10F66000BA44A245D0D3069939440691069941453A
:10F67000C7D351E0466E816E04FB08110B78803BC6
:10F6800091F840C0ACF1800C002743E0816E082F58
:10F6900000D1803100253AE011F8402B40F29B5B0D
:10F6A0000CFB0BFA4FEAEA7B0AEB9B5A02EBAA2A05
:10F6B000CAF3090BDFF8DCA01AF80BB086F800B02B
:10F6C00040F2DB2E0CFB0EFB03EB430E0EEBC30EE6
:10F6D0000BEB4E1B4FEAEB7E0BEB9E5BA2EBAB2BD7
:10F6E000CBF3090B1AF80BB086F801B040F2167B89
:10F6F00003FB0BFB4FEAEB7E0BEB9E5B02EBAB22BB
:10F70000C2F309021AF80220B270F61C0835A542AD
:10F71000C2D308374745B9D3417BCC40A14519D264
:10F72000416E0B46002512E0002208E00E781E70A4
:10F730004E785E708E78C91C9E70DB1C521C4A4548
:10F74000F4D3A4EB090202EB420211446D1C059AAA
:10F750009542E9D3416E0A46059B09FB03F90B78F4
:10F7600003F0F8031B024C7804F0FC0443EAC403E2
:10F770008C78C91C43EAD40322F8023BB9F1010991
:10F78000EDD1089B03AA416E984708B10020BFE65F
:10F790000120BDE65649010810B50023521E541C35
:10F7A00005D010F8013B11F8014B1B1BF6D0184691
:10F7B00010BD03E011F8013B00F8013B521E531C41
:10F7C000F8D17047C9B201E000F8011B521E531C6A
:10F7D000FAD1704770B5154C00256079002802D029
:10F7E0006571FEF7FDFEE079052819D2DFE800F02B
:10F7F00003080C101400A078BDE87040FFF7E2BCCD
:10F80000BDE8704003F04CBFBDE8704000F01EBA88
:10F81000BDE8704004F014B8BDE87040F2F74EB88F
:10F82000E571A078BDE87040FFF7CCBC3000002047
:10F83000084A11785378994201D100207047054B4E
:10F8400008335B5C0370491C01F007001070012055
:10F85000704700003000002001220E4900280AD025
:10F86000012810D0022805D10B488B78C05CC871E4
:10F870000A714A717047887818B1401E88700A7101
:10F8800070470320FAE78878401C00F00300887076
:10F890000A717047300000204C3C0108032805D154
:10F8A00003480021C17101210171417170470000BD
:10F8B0003000002005480021017041708170C17046
:10F8C0008171C171012101714171704730000020C7
:10F8D00010B5064B5A78511C01F007011C78A14263
:10F8E00003D003F10804A054597010BD300000206B
:10F8F00038B5104C05E0E07978B19DF80000FFF7CD
:10F90000CDFF6846FFF794FF0028F4D1217949B173
:10F910002071A071FFF75EFF38BD9DF80000FFF772
:10F920009BFFEEE7A1790029F6D0A07100F004F862
:10F9300038BD0000300000200548C079022803D0FF
:10F94000032803D103F07CBF00F080B970470000AA
:10F95000300000200549C878401CC0B2C8700A2891
:10F9600003D30020C8700120887170473000002048
:10F9700070470000F0B58BB038A0F8F7B3FE01AACD
:10F98000694642A0FCF736F8414C20700198416965
:10F990008078891E4143009A5043820089001546B1
:10F9A0000E463CA0F8F79EFE47A0F8F79BFE1322F8
:10F9B00052A15848FCF7D2FC207048B1014656A02D
:10F9C000F8F790FE5AA0F8F78DFE20780BB0F0BD46
:10F9D000504F3846F968FCF77BF8207000281BD19F
:10F9E0005FA13846FCF7A3FD2B46324663A138469B
:10F9F000FCF79DFD00213846FCF76AF82070244B87
:10FA00006A491B1D3846FA68FCF7AAFE207018B92F
:10FA1000664967A0F8F766FE3E48FBF7D2FF68A08C
:10FA2000F8F760FE73A102A8FCF747FD207020B133
:10FA300070A0FCF707F9207006E002A8FBF7D0FFE2
:10FA400020706FA0FDF765F820780028BDD16CA16B
:10FA50002AA0FCF772FF2070B7E700002A2A2A2AA2
:10FA60002A2A2A2A2A2A2A2A2A2A2A20C9E8B1B88E
:10FA7000D0C5CFA2BBF1C8A1202A2A2A2A2A2A2A25
:10FA80002A2A2A2A2A2A2A2A0D0A0000313A0000A4
:10FA9000B0000020C9E8B1B8D7DCBFD5BCE4A3BA38
:10FAA0002531306C75204B42A1A30D0ABFC9D3C3C9
:10FAB000BFD5BCE4A3BA20202531306C75204B4261
:10FAC000A1A30D0A000000002A2A2A2A2A2A2A2A8B
:10FAD00020CEC4BCFEB6A8CEBBBACDB8F1CABDBB61
:10FAE000AFD0B4C8EBB9A6C4DCB2E2CAD4202A2A8B
:10FAF0002A2A2A2A2A2A0D0A00000000313A4661E1
:10FB0000744673B6C1D0B4B2E2CAD4CEC4BCFE2E21
:10FB100074787400982A0020212120B4F2BFAACE64
:10FB2000C4BCFECAA7B0DCA3BA25640A000000006A
:10FB3000212120BBF2D0EDD0E8D2AAD4D9B4CED4C2
:10FB4000CBD0D0A1B04661744673D2C6D6B2D3EB47
:10FB5000B6C1D0B4B2E2CAD4A1B1B9A4B3CC0A0040
:10FB6000D4ADC0B4CEC4BCFE64B5C4D0C2CCEDBC70
:10FB7000D3D2BBD0D0C4DAC8DD0D0A00C9E8B1B811
:10FB8000D7DCBFD5BCE4A3BA2531306C75204B421D
:10FB9000A1A30D0ABFC9D3C3BFD5BCE4A3BA20201B
:10FBA0002531306C75204B42A1A30000681600205F
:10FBB000CEC4BCFEC4DAC8DDA3BA25730D0A0000AA
:10FBC0002A2A2A2A2A2A2A2A2A2A20C4BFC2BCB4BC
:10FBD000B4BDA8BACDD6D8C3FCC3FBB9A6C4DCB2A9
:10FBE000E2CAD4202A2A2A2A2A2A2A2A2A2A0D0ABA
:10FBF00000000000313A54657374446972000000DB
:10FC0000313A546573744469722F7465737464690E
:10FC1000722E74787400000070B504460E460025FC
:10FC2000E06AB04210D0204603F00FFD05465DB9F2
:10FC300060780123324604F13001FAF7B1FF10B1C8
:10FC40004FF0FF360125E662284670BD2DE9F041F0
:10FC500086B04F48017801290AD1002101704D4832
:10FC600003884D4802880846F4F706FBF4F72EF89F
:10FC70004A48F5F7C3FB4FF6FF784046F5F7B2FB6D
:10FC80000020F5F7C1FBF5F7A7FB45A10020F4F72D
:10FC900083FBF5F7A1FBC08845A1F4F77DFBF5F7E1
:10FCA0009BFBC08848A108EA4000F4F775FBF5F714
:10FCB00093FBC08849A100EB400080B2F4F76CFBD5
:10FCC0004BA15148F8F71EFDF5F786FBC0884E4959
:10FCD00008EA8000F4F760FB4C480068F0F71CFD70
:10FCE00004464B480D460068F0F716FD06464948A5
:10FCF0000F460068F0F710FD41EC100B464853EC3E
:10FD0000102B46A1B0F900000490CDE90067CDE9C1
:10FD100002453D48F8F7F6FCF5F75EFBC0883A4926
:10FD200000EB800080B2F4F737FB4FF47840F5F732
:10FD30006BFB454C2089E188A288CDE90021029027
:10FD40006388228841A13048F8F7DCFCF5F744FBD2
:10FD5000C0882D4900EB400008EA4000F4F71CFB86
:10FD600045488288418800888DE80700A389628918
:10FD700042A12548F8F7C6FCF5F72EFBC08806B06F
:10FD8000C0EBC000BDE8F04180B21F49F4F704BBEE
:10FD90001C000020480300204603002058030020D8
:10FDA000342E3320696E6368204C43440000000009
:10FDB0007265736F6C7574696F6E3A343830783869
:10FDC00030307078000000004C4344206472697643
:10FDD00065723A494C49393830364700546F75637B
:10FDE00068206472697665723A475439313100008F
:10FDF0006D70755F646D705F6765745F6461746179
:10FE0000206572726F722100F80500201400002036
:10FE1000100000200C0000200800002070697463AE
:10FE2000683A25322E336620726F6C6C3A25322E7A
:10FE30003366207961773A25322E33662074656DFA
:10FE4000703A253464000000644E00204348313A83
:10FE5000253464204348323A253464204348333AF9
:10FE6000253464204348343A253464204348353AE5
:10FE70002534642000000000240300204348363A63
:10FE8000253464204348373A253464204348383ABF
:10FE9000253464204348393A2534642043483130BE
:10FEA0003A253464200000002DE9F041002620F0BE
:10FEB0000104144D95F82400002802D00020BDE86C
:10FEC000F081A97A4FF0FF3839B12F7C2140297495
:10FED000A14200D0464624B901E04046EFE7287D24
:10FEE00018B1012003F036F802E0002003F032F8E8
:10FEF0002CB100F0F9FB10B12F744046DFE730461B
:10FF0000DDE700006800002070B506462DED0C8B83
:10FF10008EB00D461446F7EE00BA07A808A9CDE941
:10FF200000100DAB03AA09A90BA8FBF759F820B1E3
:10FF300001200EB0BDEC0C8B70BDBDF82000C005DB
:10FF40007ED59DED030AF8EEC00A9FED450A60EEEE
:10FF5000809ADDED040AF8EEE00A20EE808ADDEDFD
:10FF6000050AF8EEE00A60EE808ADDED060AF8EE9A
:10FF7000E00A20EE809AB8EE000AB0EE00CA28EE41
:10FF800000BA69EE8CCA2BEE090A0CEEA80A10EE34
:10FF9000100AF0F7C1FB41EC100BF8F7FDFB9FEDE9
:10FFA00031AB51EC100B53EC1A2BF0F7A4FAF0F72D
:10FFB000F7FB30602BEE080A28EE8CDA0DEE680AAB
:10FFC00030EE2B0A10EE100AF0F7A6FB2DEE090A10
:10FFD00041EC1B0B0CEE880A10EE100AF0F79CFBAC
:10FFE00041EC100BB0EE4B1AF0EE6B1AF8F7F0FE86
:10FFF00053EC1A2B51EC100BF0F77DFAF0F7D0FB15
:020000040801F1
:10000000286029EEA90A08EE080A08EEE80A09EEB7
:10001000490A10EE100AF0F77FFB28EE280A41EC9F
:100020001B0B09EE890A20EE0C0A10EE100AF0F7FD
:1000300073FB41EC100BB0EE4B1AF0EE6B1A00E0C4
:100040000CE0F8F7C5FE53EC1A2B51EC100BF0F74F
:1000500052FAF0F7A5FB206000206AE7022068E76B
:10006000000080306666666666A64C4010B5F3F701
:10007000F1FF00F011F990BB782000F05BFEC0B2F8
:1000800008B1012010BD7820FFF70EFFC0B208B103
:10009000022010BD642000F00BFEC0B208B10320A6
:1000A00010BDFAF793FFC0B208B1042010BD134889
:1000B000FEF72AFDFBF798F9C0B208B1052010BD84
:1000C00040F27310FAF742FEC0B208B1062010BD2C
:1000D0006420FBF7CDF8C0B210B1072010BD0BE0D3
:1000E00002F067FE08B10820F8E7012000F0F8FCF4
:1000F000C0B208B10920F1E70020EFE7940000202A
:100100000F4A517A002908D0012909D002290AD0C2
:1001100003290BD04FF0FF3070470221017007E038
:100120000421017004E00821017001E01021017038
:10013000D17C11B1017849000170002070470000A6
:1001400068000020114A517A002908D001290AD0FC
:1001500002290CD003290ED04FF0FF3070474FF426
:10016000804101800AE041F69C71018006E04FF475
:100170008051018002E04FF400610180D17C11B117
:1001800001884908018000207047000068000020B5
:100190000249097C017000207047000068000020BF
:1001A0000E49097A002909D001290AD002290CD068
:1001B00003290ED00021018000207047FA21018020
:1001C000FAE74FF4FA710180F6E74FF47A71018093
:1001D000F2E74FF4FA610180EEE7000068000020CA
:1001E0001049097A002908D001290BD002290ED024
:1001F000032911D04FF0FF3070479FED0B0A80EDBF
:10020000000A0DE09FED090A80ED000A08E09FED6D
:10021000080A80ED000A03E09FED060A80ED000A5F
:100220000020704768000020000003430000834264
:1002300033330342333383410F49C97A072917D235
:10024000DFE801F01604070A0D101300BC2101803D
:1002500010E0622101800DE02A2101800AE01421D2
:10026000018007E00A21018004E00521018001E00E
:10027000002101800020704768000020054991F8A6
:100280002420002A02D04FF0FF307047C989018036
:1002900000207047680000202DE9FC4180208DF887
:1002A0000000544C6B4601222068817C6068007815
:1002B000F5F7EFFA4FF0FF3610B13046BDE8FC819C
:1002C0004D48F1F7F1FA00258DF8005020686B4693
:1002D0000122817C60680078F5F7DBFA08B13046CE
:1002E000ECE720686B460622817D60680078F5F7B0
:1002F0003EFA08B13046E1E79DF805009DF803108D
:10030000C007400F01F0010140EA41019DF80100E2
:1003100000F001000143012761B1012906D0022943
:1003200006D036A0F8F7DEF93046C7E7E77414E0E8
:10033000E57412E020686B460122C178606800789D
:10034000F5F715FA08B13046B8E79DF8000000F05F
:100350000F0008B3042824D0E574FF2104F80A1F15
:1003600004F8021C04F8011C61704FF6FF70A080B5
:10037000A1712172A77027766576E572A572E56096
:1003800025616561A576E576A5834FF4FA6000F0F6
:10039000E5FB58B1304691E72248F8F7A3F930461B
:1003A0008CE721A0F8F79EF9E774D6E7022000F069
:1003B000CFFA08B1304681E72A2000F03BFC08B1B3
:1003C00030467BE7322000F073FC08B1304675E719
:1003D0000020FFF769FD08B130466FE7002000F00C
:1003E000F1FA08B1304669E7002000F0A3FC0020D4
:1003F00064E7000068000020A0860100556E737558
:1004000070706F7274656420736F66747761726563
:100410002070726F64756374207265762025642E77
:100420000A0000000C4F040848616C662073656E7A
:100430007369746976697479207061727420666F6B
:10044000756E642E0A0000002DE9FF4F85B0054649
:100450000E461746DFF8A0804FF0FF3998F82500C8
:10046000002803D0484609B0BDE8F08F0EB1002443
:1004700025E04846F7E7281B102800DD10201FFA6A
:1004800080FA3019834602465146204600F0ACFC03
:1004900008B14846E7E701AA5146204600F0ECF8CB
:1004A00008B14846DFE75846524601A9EFF72EFF4C
:1004B00010B16FF00100D6E704EB0A0084B2AC4241
:1004C000D9D3380A8DF800008DF80170D8F80000F3
:1004D0006B460222817ED8F804000078F5F7D9F93E
:1004E00008B14846BFE7012088F825000898A8F819
:1004F00026000020B7E70000680000202DE9F8433F
:1005000004464FF0FF37282C02D93846BDE8F8835F
:100510002D4D4FF0070900268CB1012000F05AFB49
:1005200020208DF800004FF00108012C1CD0052C74
:1005300020D88DF80180052000F07CFB29E0002008
:1005400000F048FB8DF800608DF8019028686B463C
:100550000222817C68680078F5F79BF908B138467B
:10056000D4E72E750020D1E78DF80160052000F05A
:1005700061FB0EE0142C06D802208DF801000A2041
:1005800000F058FB05E003208DF80100142000F076
:1005900051FB9DF8010009EB80108DF801002868DF
:1005A0006B460222817C68680078F5F772F908B121
:1005B0003846ABE70820A8722E7385F81480002017
:1005C000FFF772FC0020A1E7680000202DE9F84346
:1005D000054689461746274E4FF0FF3896F8240007
:1005E00000280DD0B07A68B130686B460222817A5B
:1005F00070680078F5F7BBF830B14046BDE8F88385
:100600004046FBE74046F9E79DF801009DF80010E1
:1006100040EA0124AC4203D2002038704046EDE7A6
:1006200070684188B4EB510F12D9316800786B467D
:10063000497C0122F5F79BF808B14046DEE79DF8BA
:100640000000C00604D500F04FF86FF00100D5E7B8
:100650003068EAB24B46C17A70680078F5F787F8DF
:1006600008B14046CAE7B4FBF5F0401E38700020E0
:10067000C4E70000680000202DE9F8430E469046CC
:100680004FF0FF35B8F1000F10D0164FB97A79B19D
:10069000010A8DF80010C4B28DF80140A0197C68E1
:1006A0006189884206D92846BDE8F8832846FBE7D9
:1006B0002846F9E738686B460222017E2078F5F774
:1006C000E8F808B12846EFE73868F2B24346417DC2
:1006D00078680078F5F74BF808B12846E4E7002081
:1006E000E2E7000068000020F8B55A4D4FF0FF36F1
:1006F000A87A00280CD00024009428686B460122B8
:10070000C17B68680078F5F7C4F818B13046F8BDC9
:100710003046F8BD28686B46012241796868007848
:10072000F5F7B7F808B13046F8BD28686B460122E6
:10073000017968680078F5F7ACF808B13046F8BD83
:1007400095F824004CF2503790B30C2000902868A4
:100750006B460122017968680078F5F79AF808B1CC
:100760003046F8BD3846F1F79FF8C0200090A87ACF
:10077000C00701D0E020009028686B460122017973
:1007800068680078F5F785F808B13046F8BD687CF0
:1007900010B10220009000E0009428686B4601220E
:1007A000C17B68680078F5F774F810B13046F8BD81
:1007B0000BE0009428686B46012241796868007854
:1007C000F5F767F8B8B33046F1E7042000902868E1
:1007D0006B460122017968680078F5F75AF808B18C
:1007E0003046E4E7A87C78B9A87AC0070CD060202E
:1007F000009028686B460122017968680078F5F757
:1008000048F820B13046D2E740200090F1E7384662
:10081000F1F74AF8687C10B10120009000E00094E4
:1008200028686B460122C17B68680078F5F731F8CB
:1008300010B13046BBE70BE02868064B0122417936
:10084000686810330078F5F724F808B13046AEE751
:100850000020ACE7680000202DE9F0438BB0814612
:1008600088463A4D95F82400002804D0002000F076
:1008700037F9012600E0002602A8FFF791FC04A842
:10088000FFF73EFC6846FFF7D7FC01A8FFF7F6FC30
:10089000AF7A03A8FFF77CFC0024002241464846BB
:1008A000FDF78CFC10B1641C022CF6DB022C19D075
:1008B0000024012205A908A8FDF780FC10B1641CE2
:1008C000022CF6DB022C0FD005A94046F9F708F9F7
:1008D00000F0FF0808A94846FDF788FEC0B20024D2
:1008E00020B104E0002407E0002405E00124B8F171
:1008F000000F01D144F00204FF2028726872E872F0
:100900004FF6FF71E981A872287401202873BDF8A1
:10091000080000F023F99DF8100000F019F8BDF868
:10092000000000F087F9BDF8040000F0C1F9384676
:1009300000F000FA9DF80C00FFF7B6FA16B101209E
:1009400000F0CEF80BB02046BDE8F0836800002030
:1009500038B51B4C4FF0FF35A17A002909D0022889
:1009600009D004280AD008280BD010280CD028461B
:1009700038BD284638BD0020009007E008200090D0
:1009800004E01020009001E018200090607A9DF8AB
:100990000010B0EBD10F01D1002038BD20686B46AC
:1009A0000122C17960680078F4F773FF08B1284626
:1009B00038BD9DF80000C0086072002038BD0000FE
:1009C00068000020F8B50446444DA87CA04201D13F
:1009D0000020F8BD41484FF0FF3640F6B837D0E967
:1009E0000010ACB3097900786B460122F4F7BFFE22
:1009F00008B13046F8BD9DF8000020F020000090BE
:100A000028686B460122017968680078F4F741FF95
:100A100008B13046F8BD3846F0F746FF0220009096
:100A200095F8220008B18220009095F8230020B1AB
:100A30009DF8000040F03000009028686B460122CD
:100A4000017D68680078F4F724FFE8B33046F8BD0C
:100A5000FFE7097900786B460122F4F788FE08B1B8
:100A60003046F4E7A87AC00705D09DF8000040F0B2
:100A70002000009004E09DF8000020F0200000908D
:100A800028686B460122017968680078F4F701FF55
:100A900008B13046DBE73846F0F706FF95F822004C
:100AA00010B18020009001E00020009095F8230014
:100AB00020B19DF8000040F03000009028686B469F
:100AC000017D6868007800E005E00122F4F7E1FEAE
:100AD00008B13046BBE7AC740020B8E768000020DE
:100AE00038B51D4C94F82410814201D1002038BD46
:100AF0000025F0B194F82500C0B1002002F02AFAD8
:100B00000020FFF75FFFE08C00F0D2F800956068EE
:100B10006B46012200782321F4F7BBFE012084F804
:100B2000240002F017FAFFF7DFFD12E04FF0FF306C
:100B300038BD002002F00EFA207C009060686B4601
:100B4000012200782321F4F7A4FE84F82450FFF753
:100B5000CBFD002038BD00006800002038B51C4CDB
:100B60004FF0FF35A17A00290CD0FA280CD0B0F54F
:100B7000FA7F0CD0B0F57A7F0CD0B0F5FA6F0CD0BC
:100B8000284638BD284638BD0020009007E00820E0
:100B9000009004E01020009001E018200090207ADE
:100BA0009DF80010B0EBD10F01D1002038BD2068B6
:100BB0006B460122817960680078F4F76AFE08B11B
:100BC000284638BD9DF80000C0082072002038BDBE
:100BD0006800002038B50446154D95F82300A04262
:100BE00001D1002038BD14B13020009001E0002078
:100BF0000090A87C20B19DF8000040F00200009019
:100C000095F8220020B19DF8000040F0800000908F
:100C100028686B460122017D68680078F4F739FE88
:100C200010B14FF0FF3038BD85F82340002038BDAB
:100C30006800002038B51D4C4FF0FF35A17A00291F
:100C400004D0BC2804D30120009017E0284638BD0A
:100C5000622802D30220009010E02A2802D3032049
:100C600000900BE0142802D30420009006E00A282C
:100C700002D30520009001E006200090E07A9DF864
:100C80000010884201D1002038BD20686B46012247
:100C9000817860680078F4F7FCFD08B1284638BD1B
:100CA0009DF80000E072002038BD000068000020C0
:100CB000F8B504461E4D4FF0FF37A87A002804D03F
:100CC00095F8240018B13846F8BD3846F8BD287D9F
:100CD00050B134B1282C04D8E0B2FFF70FFC00204B
:100CE000F8BD0020FFF70AFC4FF47A76042C01D2FD
:100CF000042402E0B44200D93446B6FBF4F0401EAE
:100D0000009028686B460122417868680078F4F703
:100D1000C0FD08B13846F8BD9DF80000401CB6FB88
:100D2000F0F0E8814008FFF785FF0020F8BD0000E3
:100D300068000020F8B5044614F0700F4FF000066C
:100D400002D00120009004E00CB1009601E04020A8
:100D50000090244D6B4601222868817C68680078E9
:100D6000F4F797FD4FF0FF3710B1AE723846F8BD7B
:100D70009DF8000020F0400028730096600601D422
:100D800004200090A00604D49DF8000040F002006A
:100D90000090E00604D49DF8000040F001000090AF
:100DA000200704D49DF8000040F038000090286827
:100DB0006B460122C17C68680078F4F76AFD10B1C7
:100DC000AE723846F8BD24B1082C02D00020FFF7DF
:100DD00001FFAC722E754CF25030F0F765FD00202B
:100DE000F8BD0000680000202DE9F8430E4690464B
:100DF0004FF0FF35B8F1000F10D0164FB97A79B126
:100E0000010A8DF80010C4B28DF80140A0197C6869
:100E10006189884206D92846BDE8F8832846FBE761
:100E20002846F9E738686B460222017E2078F4F7FD
:100E300030FD08B12846EFE73868F2B24346417DFD
:100E400078680078F4F725FD08B12846E4E700202B
:100E5000E2E70000680000202DE9F041002602785A
:100E60004A6290ED280B81ED0A0B90ED2A0B81ED83
:100E70000C0B90ED2C0B81ED0E0B00234FF0010CB1
:100E8000002200EB83070DE0BC6854B102EB820541
:100E900001EB8505D5F87083444502D1C5F874C3CC
:100EA000761C521CD1F86C439442EDDC5B1C252B64
:100EB000E6DBC1F86863086840F080000860BDE8C0
:100EC000F08170B5D0E900329A4233DC2523B3EBD0
:100ED000820F2FDB012A01DA012242608268C1F809
:100EE0006C234268521E92008368141DA34201DAEB
:100EF0009D1A00E00425002216E043685B1E02EB09
:100F0000830302EB820403EB830300EB840401EB15
:100F1000830303F55C73E6681E6066699E60A669DC
:100F2000DE60E4691C61521CAA42E6DB086840F0FE
:100F30004000086070BD70B504460D46E068286149
:100F4000206968616069A861A069E861E06B286256
:100F500094ED120B85ED0C0B94ED140B85ED140B39
:100F600094F828004E281AD094ED080B51EC100B81
:100F700081F00041C5E9100194F83800452811D0EE
:100F800094ED0C0B51EC100B81F00041C5E91201FE
:100F9000206CE867286840F48050286070BDD4E970
:100FA0000801E7E7D4E90C01F0E770B505460C4607
:100FB00095F83800412802D0562809D00CE0216A63
:100FC000022001B92062616A012905D1606203E053
:100FD0000020206201206062287A4E2823D095EDFF
:100FE000000B51EC100B81F00041C4E91001287E88
:100FF00045281BD095ED040B51EC100B81F00041FE
:10100000C4E91201A86A2061E86A6061286BA061E6
:10101000686BE06195F8390084F87800206840F446
:101020000070206070BDD5E90001DEE7D5E904015C
:10103000E6E7000070B505460C46287F412802D03F
:10104000562809D00CE0216A022001B92062616AA9
:10105000012905D1606203E0002020620120606266
:101060001C222946201DEFF71CF995F828004E2870
:1010700030D095ED080B51EC100B81F00041C4E924
:10108000100195F83800452827D095ED0C0B51EC50
:10109000100B81F00041C4E9120195ED100B84EDB5
:1010A000160B95ED100B9FED0E1B51EC100B53EC36
:1010B000112BEFF720FAC4E9180195ED120B84ED1E
:1010C0001A0B95F8590084F87800206840F4006005
:1010D000206070BDD5E90801D1E7D5E90C01DAE758
:1010E0006F1283C0CAA1FD3F90ED000B81ED1A0B7A
:1010F00090ED040B81ED1C0B90ED080B81ED160BB0
:1011000090ED0C0B81ED180B90F8390081F8780008
:10111000086840F480600860704710B50C460146CE
:101120001C22201DEFF7BDF8206840F4807020607D
:1011300010BD70B504460D46E068286120696861FD
:101140006069A861A069E861E06B286294ED120B08
:1011500085ED0C0B94ED140B85ED140B94F8280021
:101160004E2818D094ED080B51EC100B81F0004183
:10117000C5E9100194F8380045280FD094ED0C0B08
:1011800051EC100B81F00041C5E91201286840F0D4
:101190000100286070BDD4E90801E9E7D4E90C0139
:1011A000F2E72DE9F041002642684A6290ED280BF3
:1011B00081ED0A0B90ED2A0B81ED0C0B90ED2C0BC1
:1011C00081ED0E0B00234FF0010C002200EB830792
:1011D0000DE0BC6854B102EB820501EB8505D5F842
:1011E0008480444502D1C5F888C0761C521CD1F8D1
:1011F00080409442EDDC5B1C252BE6DBCE67086863
:1012000040F002000860BDE8F08170B5D0E900321E
:101210009A4232DC2523B3EB820F2EDB012A01DA5E
:10122000012242608268C1F880204268521E92000A
:101230008368141DA34201DA9D1A00E004250022F0
:1012400015E043685B1E02EB830302EB820400EBB4
:10125000840403EB830301EB8303E66843F8846FA4
:1012600066699E60A669DE60E4691C61521CAA4240
:10127000E7DB086840F00400086070BD70B5054603
:101280000C46287F412802D0562809D00CE0216A5C
:10129000022001B92062616A012905D1606203E080
:1012A00000202062012060621C222946201DEEF7EA
:1012B000F8FF95F828004E2828D095ED080B51EC42
:1012C000100B81F00041C4E9100195F83800452861
:1012D0001FD095ED0C0B51EC100B81F00041C4E9CF
:1012E000120195ED100B9FED0C1B51EC100B53EC04
:1012F000112BEFF700F9C4E9180195ED120B84EDFD
:101300001A0B206840F00800206070BDD5E9080184
:10131000D9E7D5E90C01E2E76F1283C0CAA1FD3F0E
:101320008068C1F854060E4AC1F85826002809D032
:1013300001280BD002280DD007280FD1114609A093
:1013400000F03DB906490CA000F039B904490EA0DF
:1013500000F035B9024911A000F031B97047000022
:10136000644B0020475054585420757365722069AF
:101370006E666F3A202573004750545854206572AA
:10138000726F723A20257300475054585420776189
:10139000726E696E673A20257300000047505458FA
:1013A00054206E6F746963653A2025730000000055
:1013B00090ED000B81ED1A0B90ED040B81ED1C0BF1
:1013C00090ED0C0B81ED180B086840F010000860E0
:1013D0007047000010B5C2B00C469FED090BFF2C02
:1013E0000BDC0146224601A8EEF75BFF01A90020B5
:1013F000085541A901A8F7F7EBFD42B010BD000068
:10140000000000000000000030B5C1B003460C46EB
:1014100015460020FF2C0CDC224619466846EEF7E4
:1014200040FF00200DF804002A4640A96846EEF768
:1014300083FF41B030BD000010B501F0BDF909498E
:10144000016001F0B9F90849416001F0B5F90749B7
:101450008160074801F0A7FABDE81040054800F098
:101460005BBF00000D3B0108C1B90008A1E5000801
:10147000D80E0020381500202DE9F0411A4D2878AB
:1014800001270026194C4FF48072002808D0184B11
:10149000184903F5CC6000F069F92E7027700AE056
:1014A000154D287838B1124B144903F5CC6000F083
:1014B0005DF92E702770207898B10D4D0123082218
:1014C0000F49281DF1F7F4FD95ED100B00F096F88B
:1014D00084ED020B95ED120B00F090F884ED040BF7
:1014E00026700020BDE8F0810503002040000020A8
:1014F000D80E0020644C002004030020644D00201E
:101500004C1500200FB410B5ADF5816D01F054F904
:101510004468002C10D00DF2144340F2FF3101A8B2
:10152000DDF81024F7F702F901460020CDF8040495
:10153000002901DD01A8A0470DF5816D10BC5DF803
:1015400014FB2DE9F04704468846174604EB0806CD
:10155000002000254FF0FF39C7F800900BE02378FA
:10156000242B02D108B1002407E02A2B0DD000B1B2
:101570005D40641C401CB442F1D33968002902DA92
:10158000002C00D00020BDE8F087611DB142F4D8E6
:10159000E1780D29F1D121790A29EED11022022119
:1015A000601CFFF731FF01463860301BA8EB0000DC
:1015B000401DA942E1D0C7F800900024DDE70FB438
:1015C00010B5ADF5816D01F0F7F88468002C10D0EE
:1015D0000DF2144340F2FF3101A8DDF81024F7F7B3
:1015E000A5F801460020CDF80404002901DD01A87A
:1015F000A0470DF5816D10BC5DF814FB10B52DED05
:10160000068BB0EE409AF0EE609A51EC190B9FED0C
:1016100012AB53EC1A2BEEF7E0FFEFF75EF8EFF7A3
:101620004BF841EC180B53EC1A2B51EC180BEEF75E
:1016300062FF53EC192BEEF75BFF9FED091B53EC98
:10164000112BEEF7CAFF53EC182BEEF7ADFE41EC71
:10165000100BBDEC068B10BD0000000000005940CF
:101660000000000000004E4070B50546052901DA73
:10167000002070BD3C4C052228462168EEF746FE4E
:1016800000284FD0052228466168EEF73FFE00286B
:101690004AD005222846A168EEF738FEE8B30522B5
:1016A0002846E168EEF732FEC0B3052228462169DC
:1016B000EEF72CFE98B3052228466169EEF726FE68
:1016C00070B305222846A169EEF720FE48B3052233
:1016D0002846E169EEF71AFE80B305222846216A02
:1016E000EEF714FE58B305222846616AEEF70EFEA7
:1016F00068B305222846A16AEEF708FE50B305221A
:101700002846E16AEEF702FE38B305222846216B2F
:10171000EEF7FCFD20B3002070BD07E008E009E013
:101720000AE00DE00120F7E70220F5E70420F3E7E7
:101730000820F1E71020EFE72020EDE702E003E0CA
:101740004020E9E78020E7E74FF48070E4E74FF4BA
:101750000070E1E74FF48060DEE74FF40060DBE704
:101760004FF48050D8E70000D0020020F8B50646BC
:101770001D46002400200090304600F007FE69E07E
:10178000641C402855D00EDC08282FD006DC012828
:101790001DD0022820D0042859D122E010282AD0B8
:1017A000202854D14FE0B0F5806F33D008DC80287A
:1017B00044D0B0F5807F32D0B0F5007F47D133E020
:1017C000B0F5006F21D0B0F5805F40D118E0294618
:1017D0000098FFF7AEFC3AE029460098FFF7E1FCDD
:1017E00035E029460098FFF710FD30E029460098C3
:1017F000FFF744FD2BE029460098FFF7D9FD26E0CE
:1018000029460098FFF797FB21E029460098FFF74B
:1018100011FC1CE029460098FFF766FC17E02946FA
:101820000098FFF77AFC12E029460098FFF7BDFB0D
:101830000DE029460098FFF744FB08E02946009890
:10184000FFF70AFB03E029460098FFF769FD0098BF
:10185000FCF7CEFA6946304600F086FD00288FD1AD
:101860002046F8BD70B590B005460E461446B82126
:101870002046EEF72FFD3146284601F086F804F1A8
:10188000B00004F1A801CDE90E108038011F04F169
:10189000A00204F13403CDE90C320A1FCDE90A108D
:1018A0001038011F131FCDE908320A1FCDE90610B9
:1018B0001038131F011FCDE904320A1F231DCDE983
:1018C0000032CDE90210234607A23146284600F037
:1018D00077FF112805D013A0FFF714FE002010B0E9
:1018E00070BD0120FBE700002442444753412C25F2
:1018F000432C25642C25642C25642C25642C25641C
:101900002C25642C25642C25642C25642C25642C22
:1019100025642C25642C25642C25662C25662C2515
:10192000662A00004244475341207061727365206B
:101930006572726F7221000070B592B005460E4656
:1019400014465C212046EEF7C5FC3146284601F0DE
:101950001CF804F15800011F0A1FCDE910101438BB
:1019600004F14803011FCDE90E320A1FCDE90C1026
:101970001438143B011FCDE90A320A1FCDE90810C3
:101980001438143B011FCDE906320A1FCDE90410BB
:10199000143B1438211DCDE90232CDE90010234655
:1019A0000E4A3146284600F00BFF6168491E890047
:1019B000A2680B1D9A4201DA511A00E004210322A9
:1019C00002EB8101884201DB132805DD04A0FFF74B
:1019D00099FD002012B070BD0120FBE7B050040853
:1019E0004244475356207061727365206572726F6E
:1019F0007221000070B5CEB005460E461446802117
:101A00002046EEF767FC3146284600F0BEFF04F1A1
:101A1000680204F16003CDE9093204F1780004F1B1
:101A20007001CDE90B10203A203BCDE9053220387A
:101A30002039CDE90710183A183BCDE901321C389E
:101A4000011FCDE903101C3800900EAB0EA23146E9
:101A5000284600F0B5FE0E2805D018A0FFF752FD6D
:101A600000204EB070BD0EA8EEF73FFC01462246A6
:101A70000EA8F7F751FC20B115A0FFF743FD002099
:101A8000EFE70120EDE7000024474E4747412C25B2
:101A9000732C25662C25432C25662C25432C256488
:101AA0002C25642C25662C25662C25432C25662C9C
:101AB00025432C25662C25642A000000474E474705
:101AC00041207061727365206572726F722100002F
:101AD000474E4747412074696D6520706172736598
:101AE000206572726F72210070B5C6B005460E4651
:101AF000144640212046EEF7EDFB3146284600F023
:101B000044FF04F13900411ECDE904102938303971
:101B1000CDE9001006AB04F11802CDE902232346FB
:101B20000EA23146284600F04BFE072805D013A030
:101B3000FFF7E8FC002046B070BD06A8EEF7D5FB25
:101B4000014604F11C0206A8F7F7E6FB20B110A03D
:101B5000FFF7D8FC0020EEE70120ECE724474E47D2
:101B60004C4C2C25662C25432C25662C25432C25F6
:101B7000732C25432C25432A00000000474E474C78
:101B80004C207061727365206572726F7221000063
:101B9000474E474C4C2074696D65207061727365C7
:101BA000206572726F72210070B5CEB005460E4688
:101BB000144660212046EEF78DFB3146284600F0A2
:101BC000E4FE04F15002CDE9094204F15900411E3E
:101BD000CDE90B10083A04F14003CDE90532201D90
:101BE000011DCDE90710203A203BCDE90132343008
:101BF0002831CDE903101C3800900EAB10A23146FD
:101C0000284600F0DDFD0D2807D00E2805D019A0CC
:101C1000FFF778FC00204EB070BD0EA8EEF765FB14
:101C2000014622460EA8F7F777FB20B116A0FFF772
:101C300069FC0020EFE72068643020600120EAE7BB
:101C400024474E524D432C25732C25432C25662CBE
:101C500025432C25662C25432C25662C25662C2512
:101C600032642532642532642C25662C25432C25CC
:101C7000432A0000474E524D432070617273652025
:101C80006572726F72210000474E524D4320746995
:101C90006D65207061727365206572726F722100CC
:101CA00070B588B005460E46144640212046EEF732
:101CB00011FB3146284600F068FE04F13900411E50
:101CC000CDE9061004F1300204F12803CDE9043215
:101CD00019382039203A203BCDE90032CDE90210F5
:101CE000234611A23146284600F06AFD092805D096
:101CF00016A0FFF707FC002008B070BD207A54281A
:101D00000AD1207E4D2807D194F828004E2803D10F
:101D100094F838004B2804D011A0FFF7F3FB002003
:101D2000EAE70120E8E7000024474E5654472C25F7
:101D3000662C25432C25662C25432C25662C254313
:101D40002C25662C25432C25432A0000474E56544B
:101D500047207061727365206572726F7221000096
:101D6000474E565447207061727365206572726FDA
:101D7000722028666F726D6174206572726F7229AD
:101D80002100000070B5C8B005460E4614461C215F
:101D90002046EEF79FFA3146284600F0F6FD46A9A8
:101DA00047AB201DCDE90231019045AA001D0492E8
:101DB000009005AB10A23146284600F001FD47997E
:101DC000A1F26C712160062805D013A0FFF79AFBE1
:101DD000002048B070BD05A8EEF787FA01462246FC
:101DE00005A8F7F799FA20B110A0FFF78BFB0020A8
:101DF000EFE70120EDE7000024474E5A44412C252F
:101E0000732C2532642C2532642C2534642C253225
:101E1000642C2532642A0000474E5A4441207061E8
:101E2000727365206572726F72210000474E5A44CA
:101E3000412074696D6520706172736520657272EE
:101E40006F72210070B5CEB005460E461446802153
:101E50002046EEF73FFA3146284600F096FD04F1A1
:101E6000680204F16003CDE9093204F1780004F15D
:101E70007001CDE90B10203A203BCDE90532203826
:101E80002039CDE90710183A183BCDE901321C384A
:101E9000011FCDE903101C3800900EAB0EA2314695
:101EA000284600F08DFC0E2805D018A0FFF72AFB6D
:101EB00000204EB070BD0EA8EEF717FA014622467C
:101EC0000EA8F7F729FA20B115A0FFF71BFB002099
:101ED000EFE70120EDE700002447504747412C255C
:101EE000732C25662C25432C25662C25432C256434
:101EF0002C25642C25662C25662C25432C25662C48
:101F000025432C25662C25642A00000047504747AE
:101F100041207061727365206572726F72210000DA
:101F200047504747412074696D6520706172736541
:101F3000206572726F72210070B590B005460E4632
:101F40001446B8212046EEF7C5F93146284600F080
:101F50001CFD04F1B00004F1A801CDE90E10803899
:101F6000011F04F1A00204F13403CDE90C320A1F71
:101F7000CDE90A101038011F131FCDE908320A1FDE
:101F8000CDE906101038131F011FCDE904320A1FD6
:101F9000231DCDE90032CDE90210234607A23146C8
:101FA000284600F00DFC112805D013A0FFF7AAFA6F
:101FB000002010B070BD0120FBE70000244750470F
:101FC00053412C25432C25642C25642C25642C2579
:101FD000642C25642C25642C25642C25642C256414
:101FE0002C25642C25642C25642C25642C25662C3A
:101FF00025662C25662A0000475047534120706112
:10200000727365206572726F7221000070B592B0B4
:1020100005460E4614465C212046EEF75BF9314634
:10202000284600F0B2FC04F15800011F0A1FCDE958
:102030001010143804F14803011FCDE90E320A1FB5
:10204000CDE90C101438143B011FCDE90A320A1FE8
:10205000CDE908101438143B011FCDE906320A1FE0
:10206000CDE90410143B1438211DCDE90232CDE92D
:10207000001023460E4A3146284600F0A1FB616855
:10208000491E8900A2680B1D9A4201DA511A00E02C
:102090000421032202EB8101884201DB132805DDC4
:1020A00004A0FFF72FFA002012B070BD0120FBE75B
:1020B000F4500408475047535620706172736520EE
:1020C0006572726F7221000070B5CEB005460E4683
:1020D000144660212046EEF7FDF83146284600F010
:1020E00054FC04F15002CDE9094204F15900411EAB
:1020F000CDE90B10083A04F14003CDE90532201D6B
:10210000011DCDE90710203A203BCDE901323430E2
:102110002831CDE903101C3800900EAB10A23146D7
:10212000284600F04DFB0D2807D00E2805D019A039
:10213000FFF7E8F900204EB070BD0EA8EEF7D5F815
:10214000014622460EA8F7F7E7F820B116A0FFF7E0
:10215000D9F90020EFE72068643020600120EAE729
:10216000244750524D432C25732C25432C25662C97
:1021700025432C25662C25432C25662C25662C25ED
:1021800032642532642532642C25662C25432C25A7
:10219000432A00004750524D4320706172736520FE
:1021A0006572726F722100004750524D432074696E
:1021B0006D65207061727365206572726F722100A7
:1021C000FEB505460E461446002222606260A260FB
:1021D0003146284600F0D9FB0A4904F10802CDE94E
:1021E0000121201D0090234607A23146284600F019
:1021F000E7FA042804D00AA0FFF784F90020FEBD06
:102200000120FEBD644B00202447505458542C2517
:1022100032642C2532642C2532642C25732A00006C
:102220004750545854207061727365206572726F04
:102230007221000070B588B005460E461446402154
:102240002046EEF747F83146284600F09EFB04F1A1
:10225000280204F12003CDE9033204F1380004F12F
:102260003001CDE905102039203ACDE90021203890
:102270000290234610A23146284600F0A1FA082811
:1022800005D015A0FFF73EF9002008B070BD207AF8
:1022900054280AD1207E4D2807D194F828004E28D2
:1022A00003D194F838004B2804D010A0FFF72AF986
:1022B0000020EAE70120E8E72447505654472C2540
:1022C000662C25432C25662C25432C25662C25437E
:1022D0002C25662C25432A00475056544720706110
:1022E000727365206572726F7221000047505654F8
:1022F00047207061727365206572726F7220286664
:102300006F726D6174206572726F72292100000016
:10231000002101610120704770B50546002600F0DC
:102320004BFAC468FF2C01DC4FF48074142128465A
:10233000EDF7D0FF2046FCF7B9FFA86018B1EC60BC
:102340000126304670BD02A0FFF7DCF8F9E7000077
:10235000496E73756666696369656E74206D656D37
:102360006F7279210000000010B502460024106849
:10237000002809D043680B6004688168116009B9BE
:1023800000215160FBF734FD204610BD2DE9F041DE
:102390000746884614460026FD68A54200DB254610
:1023A0002A464146384600F007F80644641B002CD4
:1023B000F2D13046BDE8F0812DE9F84F05460B46D5
:1023C000144600262869E9682044884202DB284632
:1023D000FFF79EFF2969A868224608441946EDF7D1
:1023E00060FF2869204428614FF4805A002728693B
:1023F0006A46811BA8683044FFF7A3F880465FEA6D
:10240000080023D0009800287EDB2869AA68811B79
:10241000701C491E1044FFF727F983460C20FCF777
:1024200045FF041E71D06760BBF1400F6ED01FDC0A
:10243000BBF1080F6BD014DCBBF1010F52D0BBF124
:10244000020F71D0BBF1040F6DD18CE036B1286959
:10245000821B2A61A8688119EDF723FF3046BDE889
:10246000F88FBBF1100F7AD0BBF1200FECD163E1F4
:102470004FF48069CB4573D01CDCBBF1800F70D06A
:102480004FF48079CB456DD04FF40079CB45DBD14B
:102490004020FCF70BFF60600028C3D0C4F8009018
:1024A000A96802468B1941461846FFF71DFB002814
:1024B00074D05EE14FF40069CB4570D0D345C3D1F1
:1024C0008020FCF7F3FE60600028ABD0C4F800A0C9
:1024D000A96802468B1941461846FFF78BFA002877
:1024E00079D046E18020FCF7E1FE6060002899D0B9
:1024F00001212160A96802468B1941461846FFF761
:10250000A1FC0028D5D103E03CE1FBE0E1E047E09D
:10251000606810B1FBF76CFC67602046FBF768FC55
:10252000002426E100E020E1B820FCF7BFFE606057
:102530000028B2D002212160A96802468B194146C9
:102540001846FFF7F9FC0028B3D1606810B1FBF71B
:102550004FFC67602046FBF74BFC002409E13BE0A1
:102560007AE0D0E092E05C20FCF7A0FE60600028FA
:1025700093D004212160A96802468B194146184670
:10258000FFF744FD002894D1606810B1FBF730FCE0
:1025900067602046FBF72CFC0024EAE08FE040E077
:1025A0006020FCF783FE606000288ED00821216047
:1025B000A96802468B1941461846FFF785FD002899
:1025C0008FD1606810B1FBF713FC67602046FBF702
:1025D0000FFC0024CDE01AE04020FCF767FE6060AD
:1025E000002884D010212160A96802468B19414639
:1025F0001846FFF71FFE002808D1606810B1FBF7EE
:10260000F7FB67602046FBF7F3FB0024B1E060684E
:1026100010B1FBF7EDFB67602046FBF7E9FB0024F8
:10262000A7E06020FCF742FE606000286AD0C4F892
:102630000090A96802468B1941461846FFF7B4FA84
:10264000002808D1606810B1FBF7D2FB6760204614
:10265000FBF7CEFB00248CE04020FCF727FE6060F7
:1026600000284FD0C4F80090A96802468B19414653
:102670001846FFF715FB08BB606810B1FBF7B8FB05
:1026800067602046FBF7B4FB002472E01C20FCF7D7
:102690000DFE6060B0B3C4F80090A96802468B19C3
:1026A00041461846FFF76EFB40B9606810B1FBF772
:1026B0009FFB67602046FBF79BFB002459E06068A6
:1026C00010B1FBF795FB67602046FBF791FB0024F8
:1026D0004FE05C20FCF7EAFD606098B1402121608A
:1026E000A96802468B1941461846FFF725F910BB29
:1026F000606810B1FBF77CFB67602046FBF778FB56
:10270000002436E040E0B820FCF7D0FD6060D8B38C
:1027100080212160A96802468B1941461846FFF7BF
:10272000A1F840B9606810B1FBF762FB6760204612
:10273000FBF75EFB00241CE00C20FCF7B7FD60609B
:1027400010B320212160A96802468B194146184622
:10275000FFF736FD68B9606810B1FBF749FB6760A9
:102760002046FBF745FB002403E02046FBF740FB37
:1027700000243CB1686800B184606C60286800B9CE
:102780002C60A760464432E6FFE714B12046FBF711
:102790002FFB03A0FEF7B6FE4FF0FF305FE6000010
:1027A000496E73756666696369656E74206D656DE3
:1027B0006F7279210000000000487047C0020020BD
:1027C0000FB42DE9F84F044667184FF001080025B3
:1027D000A946AB460DA80090BEE0B8F1010F09D0A4
:1027E000B8F1020F11D0B8F1030F12D0B8F1040FF5
:1027F00007D11EE0BAF1250F04D014F8010B5045A3
:1028000028D1A6E04FF00208A3E00025B1464FF022
:102810000308EDF739FD006810F80A00202877D08A
:102820004E4506D9A6EB09010A224846FEF7ECFD03
:102830000546A24655B90C980178632901D0432971
:1028400004D121784078814200D001251DB12C446B
:10285000BC420AD989E00C98417829B13A1B20463C
:10286000EDF74AFD041E00D13C46BC427DD84FF036
:1028700001080BF1010B0026A4EB0A050C98007867
:10288000632812D008DC43280FD0452823D04728DE
:1028900021D053282AD111E065281CD066281AD0EF
:1028A000672818D0732821D108E0009840C800900C
:1028B000E5B1DEB19AF80000307017E0009840C82A
:1028C00000909DB196B12A4651463046EDF7E9FC9D
:1028D000002070550AE0009840C8009035B12EB134
:1028E00029465046FEF776FD86ED000B86B9009826
:1028F00040C8009066B15DB10C9800786F2822D076
:1029000007DC582818D0642808D069282DD105E0A4
:102910001FE0752809D0782827D10DE00A22294622
:102920005046FEF771FD306013E00A2229465046FA
:10293000FEF76AFD30600CE0102229465046FEF793
:1029400063FD306005E0082229465046FEF75CFD35
:1029500030600C98401C0C900C9E96F800A0BAF1C8
:10296000000F02D0BC42FFF438AF5846BDE8F80F64
:102970005DF814FB72210160002141600122826038
:10298000C160016141618161704710B50346FFF785
:1029900013FF0268002A05D0002903D0BDE81040CB
:1029A0001846104710BD10B504464FF4CC612046C0
:1029B000EDF790FC201DFFF7DDFF002020620120D5
:1029C000606210BD10B5F2F793FF07490870012847
:1029D00004D006A0F5F786FE012010BD0DA0F5F786
:1029E00081FE002010BD0000580000200D0A4E524C
:1029F00046D3EB4D4355C1ACBDD3CAA7B0DC2120B3
:102A0000C7EBD6D8D0C2BCECB2E9BDD3CFDF0D0A3C
:102A1000000000000D0A4E5246D3EB4D4355C1ACA9
:102A2000BDD3B3C9B9A6A3A152656D6F746572B366
:102A3000D6D0F8BDD3CAD5CAFDBEDD0D0A00000050
:102A400070B50D461446218800290AD1A188427B21
:102A5000006A914064225143B1FBF0F113A0F5F7F5
:102A600041FEE088A1886288401A401C83B2208819
:102A7000121A521C92B2F2F71DF92C204FF0D043DB
:102A80001880A1880CE0002003E035F8022B5A8062
:102A9000401C62882688921B521C8242F5D8491C31
:102AA000E0888842EFD2012070BD00000D256C75D2
:102AB000252500002DE9F0418A7ECB7E52EA0322D3
:102AC00002D00020BDE8F0810A7802F03F02521ED9
:102AD00002EB820303EBC20201250023134F4E1CBD
:102AE0004FF6FF7CFC5C11F80480A45D48EA0424E6
:102AF0004DB1FF2A01D30020E4E790462546521C41
:102B000020F8184003E0644501D00020DAE75B1CA0
:102B10000D2BE7D30978490606D5FF2A01D30020FB
:102B2000D0E7002120F812100120CBE716FE0308A1
:102B30002DE9F04704460D461646022D02D3606982
:102B4000A84202D80220BDE8F087207806F0FF09ED
:102B50004FF00108012805D0022842D003285AD09E
:102B60000220F0E705EB55076089216AB7FBF0F01A
:102B700001442046FDF750F80028E4D13846618929
:102B80007F1CB0FBF1F201FB120020443030E9075A
:102B900003D0017869F31F1100E03146017084F819
:102BA00004806089216AB7FBF0F001442046FDF7FC
:102BB00033F80028C7D16189B7FBF1F201FB12712C
:102BC00021443031EA0702D0C6F3071205E00A7843
:102BD000C6F3032302F0F0021A430A7084F804805B
:102BE000B1E76089216A4008B5FBF0F00144204656
:102BF000FDF712F80028A6D162896900B1FBF2F353
:102C000002FB1311214481F83090320A81F83120FF
:102C100084F8048097E76089216A8008B5FBF0F0AA
:102C200001442046FCF7F8FF00288CD16289A900F6
:102C3000B1FBF2F302FB1311214430314FF070432A
:102C4000CA7803EA026232430A70130A4B70130C0B
:102C50008B70120ECA7084F8048074E738B504468D
:102C60006068002816DB451C204401733D2D0DDBF8
:102C70006B462A4604F10C012068F9F79FFF009883
:102C8000A84201D1002501E04FF0FF356560A06842
:102C9000401CA06038BD00004FF480410148F0F7AF
:102CA000F7BA0000001802404FF400510148F0F755
:102CB000EFBA0000001802404FF400410148F0F75D
:102CC000E7BA0000001802404FF400610148F0F735
:102CD000DFBA00000018024013B501226846EFF782
:102CE00039FD1CBD2DE9F04104460F46022F02D3E9
:102CF0006069B84201D8022624E000261FE0394668
:102D00002046FBF745F90546E5B1012D09D0681CC1
:102D100009D0002239462046FFF70AFF06468EB941
:102D200003E002260EE001260CE02069411C05D0DC
:102D3000401C2061607940F0010060712F4660699D
:102D4000B842DCD83046BDE8F0812DE9F0470446B2
:102D5000884665682068002600274FF40079C8B1CE
:102D60006D1C401E297841EA06218EB27F1C022F7D
:102D7000F5D3656020600020207326F02701A1F5BF
:102D80007F42D03A03D17107B1EB487F0CD00620C7
:102D9000BDE8F087A568636F4A46294620469847F4
:102DA0000028DED10220F3E7A082E0822083002009
:102DB000EEE700B589B003A906A8FDF74DFD03288D
:102DC00002D0012009B000BD02A8FDF709FA9DED6F
:102DD000060AF8EEC00A9DED020A60EE800AFDEEDA
:102DE000E00ACDED060ADDED070AF8EEE00A60EE36
:102DF000800AFDEEE00ACDED070ADDED080AF8EEE7
:102E0000E00A20EE800ABDEEC00A8DED080A06A891
:102E1000F8F766FA01A8FDF795F9BDF804000399E3
:102E2000414303910499414304910599414305911C
:102E300003A8F8F797F90020C4E7000030B591B077
:102E400005461C480F9040F2FF1010902946684636
:102E5000F9F733FB002826D12846EDF746FA044659
:102E600009A96846F9F73AFD00281CD19DF82D10F4
:102E7000002918D00F98007808B10F9A01E00DF1E1
:102E80002D0210782E28EBD09DF82C00C0060CD512
:102E9000281909A1F5F736FC2846FFF7CFFF0021D6
:102EA00029550028DCD011B030BD294603A0F5F724
:102EB00019FCD5E7681800202F25730025732F25EE
:102EC000730D0A0030B500201A49002340F2FF7448
:102ED00040F6FF7501EB400253805482558401EBAC
:102EE0008002C2F832300A1882F85230401C08289A
:102EF000F0DB022001F85A0F0F48C1F80100012051
:102F000048714FF47A72CA800B7248728872CB7221
:102F10000A48C8600B74132048748B74CB740B750B
:102F20000920487506A0C1F8160007A0C1F81A00CC
:102F3000002030BD5C060020CDCC6C4066662E4182
:102F400056312E302E300000323032342E30372EB3
:102F500031300000F8B51B4C0023224694F8246061
:102F600006CA5D1E002E11D010B10220009000E0B4
:102F700000931078C97B6B460122F2F78AFC08B1F6
:102F80002846F8BD9DF80000607419E0A67A26B1C5
:102F900028B1667C1EB10020F8BD2846F8BD10B1EE
:102FA0000120009000E000931078C97B6B4601225D
:102FB000F2F76FFC08B12846F8BD9DF80000607478
:102FC0000020F8BD6800002010B5F4F7C5FCEFF74D
:102FD00074FB4FF4A060F2F7ABFDEEF701FCEFF7E6
:102FE0006BFAF2F725FFF2F705FBF4F75FFBEFF75B
:102FF00001F8EFF78DFCF2F799FCF4F755F9F1F7CA
:103000003FFEF2F759FBEFF711FBF0F7ADF9F0F7E0
:103010004BF900F07DFDF2F71BF8F2F720F802E023
:1030200022A0F5F75FFBFDF721F80028F8D126A0D4
:10303000F5F758FB02E02CA0F5F754FBF3F702FC80
:103040000028F8D12DA0F5F74DFBF0F7E7FA0122A3
:103050002FA13048F9F75CF92F4C207020B10146C0
:103060002EA0F5F73FFBFEE7012238A12948F9F72A
:103070004FF9207020B1014635A0F5F733FBFEE78C
:103080003C4C02E02046EEF70FFCFFF79BFC0028CB
:10309000F8D1FEF7D1F900F0A7FD37480078F1F735
:1030A000BBFDBDE810403548F5F71CBB4D5055360B
:1030B00030353020444D5020B3F5CABCBBAFCAA751
:1030C000B0DCA3A10A0D00004D505536303530203C
:1030D000444D50BFE220B3F5CABCBBAFB3C9B9A6DB
:1030E000A3A10A0D000000005344BFA8B3F5CABC59
:1030F000BBAFCAA7B0DCA3A10D0A00005344BFA810
:10310000B3F5CABCBBAFB3C9B9A6A3A10D0A0000F1
:10311000303A0000681A0020B00000200D0A534425
:10312000BFA8CEC4BCFECFB5CDB3B9D2D4D8CAA740
:10313000B0DCA3ACBCECB2E95344BFA8B8F1CABD43
:10314000A3A1282564290D0A00000000313A0000DF
:103150000D0ACDE2B2BF466C617368CEC4BCFECF2F
:10316000B5CDB3B9D2D4D8CAA7B0DCA3A128256401
:10317000290D0A00A086010044030020184D040810
:1031800010B504460BA0F5F7ADFA0EA02168F5F7CF
:10319000A9FAA1880FA0F5F7A5FAE1880DA0F5F727
:1031A000A1FA0FA0A168F5F79DFABDE8104008A0AC
:1031B000F5F798BACEBBCDBCCEC4BCFECDB73A0DA8
:1031C0000A000000CEC4BCFEB4F3D0A13A256C6462
:1031D0000D0A0000B1A3C1F4D7D63A25640D0A0048
:1031E000CAB5BCCACEBBCDBCCAFDBEDDB5C4C6AB7C
:1031F000D2C6D7D6BDDACAFD3A256C640D0A0000E6
:1032000010B5044619A0F5F76DFA1CA02168F5F772
:1032100069FA1FA06168F5F765FA21A0A168F5F7C2
:1032200061FAA18922A0F5F75DFAE18925A0F5F7F9
:1032300059FA2BA02169F5F755FA2DA06169F5F728
:1032400051FA36A0A169F5F74DFA39A0E169F5F711
:1032500049FA3CA0216AF5F745FA3FA0616AF5F703
:1032600041FABDE8104009A0F5F73CBACEBBCDBC91
:10327000D0C5CFA2CDB73A0D0A000000BDE1B9B963
:10328000CCE5B5C4B3A4B6C83A256C640D0A0000F9
:10329000CEBBCDBCBFED3A256C640D0A000000002A
:1032A000CEBBCDBCB8DF3A256C640D0A000000002F
:1032B0006269506C616E6573C6BDC3E6CAFD3A258E
:1032C000640D0A006269426974436F756E74B2C915
:1032D000D3C3D1D5C9ABCEBBCAFD3A25640D0A0014
:1032E000D1B9CBF5B7BDCABD3A256C640D0A000053
:1032F000626953697A65496D616765CAB5BCCACEB2
:10330000BBCDBCCAFDBEDDD5BCD3C3B5C4D7D6BD0D
:10331000DACAFD3A256C640D0A00000058B7BDCF2B
:10332000F2B7D6B1E6C2CA3A256C640D0A000000B5
:1033300059B7BDCFF2B7D6B1E6C2CA3A256C640D13
:103340000A000000CAB9D3C3B5C4D1D5C9ABCAFD00
:103350003A256C640D0A0000D6D8D2AAD1D5C9ABE3
:10336000CAFD3A256C640D0A0000000000B52DED81
:10337000048B83B041EC190BEDF7A6FB41EC180B65
:1033800018EE100A18EE901A8DED008B002818BF69
:103390000120084320F00040C0F17F6000F1E040D0
:1033A000C00F14D019EE101A19EE900A8DED009B83
:1033B000002918BF0121084320F00040C0F17F60C0
:1033C00000F1E040C00F04BF0120F5F7D5FE51EC3D
:1033D000180B03B0BDEC048B00BD00002DE9F047D5
:1033E0003A484FF0D849DFF8E880394F0A370024CF
:1033F0000026002579210170017836A0F5F772F9D1
:10340000232089F8000099F8001037A0F5F76AF931
:1034100041F25F20A8F80000B8F8001032A0F5F7DC
:1034200061F93748386039682FA0F5F75BF935A0A6
:10343000F5F758F94FF4801300224FF0D8400255A9
:10344000641C9C42F9D300204FF0D8443118215419
:10345000401C9842F8D300204FF0D841095C341842
:10346000E4B28C4205D032A0F5F73CF90020BDE86B
:10347000F087401C9842EFD300204FF40023410016
:1034800001F1D8410A80401C9842F8D30020291845
:10349000420002F1D8421180401C9842F7D300202C
:1034A000410001F1D84109882A1892B28A4204D019
:1034B00024A0F5F717F90020D9E7401C9842EFD374
:1034C00025A0F5F70FF90120D1E70000001000203A
:1034D0000A00006C696E65725F7372616D3A3078D4
:1034E00025780A0D0000000065787465726E616CC5
:1034F0005F7372616D3A307825780A0D0000000024
:1035000078563412D5FDD4DABCECB2E25352414DB8
:10351000A3ACD2D438CEBBA1A23136CEBBB5C4B792
:10352000BDCABDB6C1D0B47372616D2E2E2E00001F
:1035300038CEBBCAFDBEDDB6C1D0B4B4EDCEF3A368
:10354000A10000003136CEBBCAFDBEDDB6C1D0B48D
:10355000B4EDCEF3A3A100005352414DB6C1D0B497
:10356000B2E2CAD4D5FDB3A3A3A1000081760A0AB2
:10357000C2760A0C0275090E41757047014600209B
:103580000B22430803EBC01011F8013B1844C0B2F2
:10359000521EF6D1704770B50446204600F055F82B
:1035A000054628004FD12078032845D160790128AD
:1035B00042D104F13000628900210646FCF702F98D
:1035C000552084F82E02AA2084F82F02522084F875
:1035D000300084F83100612084F83200412184F801
:1035E0003310722284F8142284F8152284F81612FB
:1035F00084F81702206984F81802010A84F8191265
:10360000010C84F81A12000E84F81B02E06884F89A
:103610001C02010A84F81D12010C84F81E12000E0F
:1036200084F81F02E269521CE2626078012331468D
:10363000F7F716FB00206071002260781146F7F75B
:1036400077FA00B10125284670BD2DE9F041044606
:103650000027207900281FD0E66A04F13001607845
:10366000012332468846F7F7FBFA08B1012713E039
:1036700000202071206AA169301A88420CD2E578B6
:1036800008E0A06906446078012332464146F7F716
:10369000E7FA6D1E022DF4D23846BDE8F081000035
:1036A00010B52E48017801290AD1002101702C485B
:1036B00003882C4802880846F0F7DEFDF0F706FB89
:1036C0002948F1F79BFE4FF6FF742046F1F78AFE7A
:1036D0000020F1F799FEF1F77FFE24A10020F0F71A
:1036E0005BFEF1F779FEC08826A1F0F755FEF1F7F1
:1036F00073FEC0882AA104EA4000F0F74DFEF1F7FE
:103700006BFEC18801EB410080B22DA1F0F744FEB1
:10371000F1F762FEC08833A104EA8000F0F73CFEB6
:10372000F1F75AFEC18801EB810080B233A1F0F7B6
:1037300033FEF1F751FEC18801EB410004EA40007D
:1037400033A1F0F729FEF1F747FEC088BDE810402D
:10375000C0EBC00080B233A1F0F71EBE1C000020F9
:103760004803002046030020600300207665727342
:10377000696F6E3A2052656D6F7465722076312ED6
:10378000300000004D43553A53544D3332463430E7
:10379000375A475436203136384D485A0000000019
:1037A000494E5445525F52414D3A3139324B4220D5
:1037B000494E5445525F464C4153483A314D4200C0
:1037C00045585445525F52414D3A314D42202020D8
:1037D00045585445525F464C4153483A31364D4264
:1037E000000000007265736F6C7574696F6E3A3417
:1037F0003830783830307078000000004C43442076
:103800006472697665723A494C49393830364700F6
:10381000544F554348206472697665723A4754396B
:103820003131000041626F75743A7A623138373451
:1038300037363339353435403136332E636F6D00CA
:1038400038B56D48017801290AD1002101706B4813
:1038500003886B4802880846F0F70EFDF0F736FA49
:103860006848F1F7CBFD4FF6FF752846F1F7BAFD32
:103870000020F1F7C9FD1F20F1F7C6FDF1F7ACFDFF
:1038800061A10020F0F7AEFD624C63A1A06800903A
:10389000D4E9002302F26C726548F4F733FFF1F7C4
:1038A0009BFDC0886249F0F777FD60690090D4E91C
:1038B000032360A15E48F4F725FFF1F78DFDC08872
:1038C0005B4905EA4000F0F78DFD604860A190ED8E
:1038D000000B574853EC102BF4F714FFF1F77CFD65
:1038E000C088534900EB400080B2F0F755FD5B48BB
:1038F0005BA190ED000B4E4853EC102BF4F702FF48
:10390000F1F76AFDC0884A4905EA8000F0F744FDF6
:10391000564C57A14648E26FF4F7F4FEF1F75CFD10
:10392000C088434900EB800080B2F0F735FD56A116
:103930003F48D4F88020F4F7E5FEF1F74DFDC0884C
:103940003B4900EB400005EA4000F0F725FD54A19B
:103950003748D4F86823F4F7D5FEF1F73DFDC08869
:103960003349C0EBC00080B2F0F716FD52A13048D9
:10397000D4F86C23F4F7C6FEF1F72EFDC0882C496D
:1039800005EAC000F0F708FD94ED140B50A153ECCC
:10399000102B2748F4F7B6FEF1F71EFDC088244926
:1039A00000EBC00080B2F0F7F7FC94ED180B4DA1CE
:1039B00053EC102B1E48F4F7A5FEF1F70DFDC0885F
:1039C0001B4900EB800005EA4000F0F7E5FC94EDB0
:1039D0001A0B49A153EC102B1548F4F793FEF1F79D
:1039E000FBFCC088BDE8384000EB400101EBC000A3
:1039F00080B20F49F0F7D0BC1C0000204803002023
:103A00004603002058030020475053D0C5CFA2A33F
:103A1000BA0000004C15002020446174653A25343A
:103A2000642F253032642F253032642000000000DE
:103A3000F805002020CAB1BCE43A253032643A25AA
:103A40003032643A25303264000000004800002023
:103A5000206C6174203A252E36662000500000202C
:103A6000206C6F6E203A252E36660000D80E00209E
:103A7000204750532053617420696E207573653A56
:103A80002532642000000000204750532053617409
:103A900020696E20766965773A253264000000005F
:103AA000204244532053617420696E207573653A37
:103AB00025326420000000002042445320536174EA
:103AC00020696E20766965773A253264000000002F
:103AD00020416C7469747564653A25342E32662011
:103AE0006D0000002073706565643A25342E3266DF
:103AF000206B6D2F6800000020416E676C653A25D1
:103B0000332E3266206465670000000070470000B5
:103B100010B5EDF753FB00231A4620492048F6F76D
:103B200071FA1F48012300221E492C30F6F76AFA69
:103B30001B48022300221C495830F6F763FA184844
:103B40000323002219498430F6F75CFA184A03214E
:103B50001348F6F753F91248164A03212C30F6F7AA
:103B60004DF90F48144A03215830F6F747F90C482D
:103B7000124A03218430F6F741F90948F6F768FA4A
:103B800007482C30F6F764FA05485830F6F760FA23
:103B90000348BDE810408430F6F75ABAB92C010842
:103BA000B8150020992C0108A92C0108C92C01087E
:103BB00043A00008059E00083DA0000849A0000899
:103BC00010B500280CD0016851B10A7842B1CA88FA
:103BD0008088824204D14878F7F72EF8C00701D0D8
:103BE000092010BD002010BD10B57822002110481A
:103BF000EEF7B0FD0E480188022916D0022101809F
:103C0000FFF760F90020EEF761FD4FF48050EEF70A
:103C10005DFD4FF40050EEF759FD78220021044875
:103C2000EEF7ECFE03A0F4F75DFD002010BD0000F0
:103C30005C0600207570646174652064656661755A
:103C40006C7420706172616D730D0A0001020304CF
:103C500075191A0C6A231B1C1F207274433B4138D0
:103C6000393A6B6C376F06246D6E70006800000483
:103C700076005401F7FD00018300000000080000F9
:103C80000001001832000500000020410000D2426F
:103C9000295C0F3E9A99993E3333733F295C0F3E5E
:103CA000000070000000002400000002000300007B
:103CB00000650054FFEF0000FA80000B1282000143
:103CC000030C30C30E8C8CE914D5400213710F8E97
:103CD0003883F8833000F883258EF8833000F8832A
:103CE000FFFFFFFF0FFEA9D6240004001A8279A16E
:103CF0000000003CFFFF00000010000038836FA2AE
:103D0000003E03304000000002CAE3093E8000008C
:103D100020000000000000004000000060000000E3
:103D2000000C0000000C186E000006920A16C0DF9E
:103D3000FFFF0256FD8CD377FFE1C496E0C5BEAA13
:103D400000000000FFFF0B2B000016570000035976
:103D50004000000000001DFA00026C1D0000000081
:103D60003FFFDFEB003EB3B6000D227800002F3C92
:103D700000000000001942B5000039A20000B36540
:103D8000D90E9FC91DCF4C343000000050000000F8
:103D90003BB67AE80064000000C8000000000000A4
:103DA000100000001000FA921000225E000D229F09
:103DB0000001000000320000FF46000063D4000054
:103DC0001000000004D6000004CC000004CC000069
:103DD0000000107200000040000000000000000021
:103DE000000600020005000700000000006400005B
:103DF0000000000000000005000500640020000035
:103E0000000000000000000000004000000003006F
:103E100000000032F8980000FF650000830F0000EA
:103E2000FF9BFC00000000000000000000000000FC
:103E30000000000000000000000000000000000082
:103E40000000000000000000000000000000100062
:103E500040000000000000060000B26A00020000FE
:103E60000001FB830068000000D9FC007CF1FF83A7
:103E70000000000000650000006403E80064002802
:103E8000000000250000000016A000000000100047
:103E900000001000002F0000000001F400001000DE
:103EA00000280000FFFF4581FFFFFA7200000000BC
:103EB00000000000004400050005BAC6004778A2D3
:103EC00000000001000000000000060000000014D7
:103ED0000000254D002F706D000005AE000C02D0D3
:103EE00000000000000000000000000000000000D2
:103EF000001B0000000000000000000000000000A7
:103F00000064000000080000000000000000000045
:103F100000000000000000000000000000000000A1
:103F20000000000000000000000000000000000091
:103F30000000000000000000000000000000000081
:103F40000000000000000000000000000000000071
:103F50000000000000000000000000000000000061
:103F6000001B00000000000000000000000E000E1A
:103F700000000AC70004000000000032FFFFFF9CA1
:103F800000000B2B00000002000000010000006494
:103F9000FFE500000000000000000000000000003D
:103FA000000000010000000000010000000000000F
:103FB000000180000001800000018000002426D361
:103FC0000000000000000000000600100096003C09
:103FD00000000000000000000000000000000000E1
:103FE0000C0A4E68CDCF770950166759C619CE8294
:103FF00000000000000000000000000000000000C1
:10400000000000000000000017D78400030000003B
:104010000000000000000000C7938F9D1E1B1C19AC
:104020000000000000000000000000000000000090
:10403000000000000000000002031885000040009E
:10404000000000030000000300000000000000006A
:104050004000000000000000000000000000000020
:104060000000000000000000000000000000000050
:104070000000000000000000000000000000000040
:1040800000000000677DDF7E72902E554CF6E688BA
:104090000000000000000000000000000000000020
:1040A000D8DCB4B8B0D8B9ABF3F8FAB3B7BB8E9ECE
:1040B000AEF132F51BF1B4B8B08097F1A9DFDFDFC4
:1040C000AADFDFDFF2AAC5CDC7A90CC92C97F1A9D9
:1040D00089264666B28999A92D557DB0B08AA896E1
:1040E000365676F1BAA3B4B280C0B8A89711B2839D
:1040F00098BAA3F0240844106418B2B9B49883F1B4
:10410000A329557DBAB5B1A38393F0002850F5B229
:10411000B6AA839328547CF1B9A3829361BAA2DA38
:10412000DEDFDB819AB9AEF5606870F1DABAA2DF42
:10413000D9BAA2FAB9A38292DB31BAA2D9BAA2F84B
:10414000DF85A4D0C1BBAD83C2C5C7B8A2DFDFDFA6
:10415000BAA0DFDFDFD8D8F1B8AAB38DB4980D3597
:104160005DB2B6BAAF8C96198F9FA70E161EB49A81
:10417000B8AA872C547CBAA4B08AB691325676B2CB
:104180008494A4C808CDD8B8B4B0F19982A82D55AC
:104190007D98A80E161EA22C547C92A4F02C507868
:1041A000F184A898C4CDFCD80DDBA8FC2DF3D9BAB6
:1041B000A6F8DABAA6DED8BAB2B68696A6D0F3C802
:1041C00041DAA6C8F8D8B0B4B882A892F52C5488C1
:1041D00098F135D9F418D8F1A2D0F8F9A884D9C744
:1041E000DFF8F883C5DADF69DF83C1D8F40114F1A1
:1041F000A8824EA884F311D182F5D992289788F12C
:1042000009F41C1CD884A8F3C0F9D1D99782F129EC
:10421000F40DD8F3F9F9D1D982F4C203D8DEDF1A4C
:10422000D8F1A2FAF9A88498D9C7DFF8F8F883C7BB
:10423000DADF69DFF883C3D8F40114F198A8822E7D
:10424000A884F311D182F5D992509788F109F41C12
:10425000D884A8F3C0F8F9D1D99782F149F40DD8E0
:10426000F3F9F9D1D982F4C403D8DEDFD8F1AD88EF
:1042700098CCA809F9D98292A8F57CF1883ACF9414
:104280004A6E98DB6931DAADF2DEF9D88795A8F28B
:1042900021D1DAA5F9F417D9F1AE8ED0C0C3AE8220
:1042A000C684C3A88595C8A588F2C0F1F4010EF1B3
:1042B0008E9EA8C63E56F554F18872F40115F19809
:1042C00045856EF58E9E0488F142985A8E9E06882A
:1042D00069F4011CF1981E1108D0F504F11E970233
:1042E00002983625DBF9D985A5F3C1DA85A5F3DF78
:1042F000D88595A8F309DAA5FAD88292A8F578F1BD
:10430000881A849F26889821DAF41DF3D8879F396C
:10431000D1AFD9DFDFFBF9F40CF3D8FAD0F8DAF932
:10432000F9D0DFD9F9D8F40BD8F3879F39D1AFD9B9
:10433000DFDFF41DF3D8FAFCA869F9F9AFD0DADEB3
:10434000FAD9F88F9FA8F1CCF398DB45D9AFDFD02D
:10435000F8D8F18F9FA8CAF38809DAAF8FCBF8D8C5
:10436000F2AD978D0CD9A5DFF9BAA6F3FAF412F2E3
:10437000D8950DD1D9BAA6F3FADAA5F2C1BAA6F347
:10438000DFD8F1BAB2B68696A6D0CAF349DAA6CB80
:10439000F8D8B0B4B8D8AD84F2C0DFF18FCBC3A8E1
:1043A000B2B68696C8C1CBC3F3B0B48898A821DB57
:1043B000718D9D71859521D9ADF2FAD88597A82880
:1043C000D9F408D8F28D29DAF405D9F285A4C2F21D
:1043D000D8A88D9401D1D9F411F2D88721D8F40A44
:1043E000D8F28498A8C801D1D9F411D8F3A4C8BBD5
:1043F000AFD0F2DEF8F8F8F8F8F8F8F8D8F1B8F637
:10440000B5B9B08A95A3DE3CA3D9F8D85CA3D9F896
:10441000D87CA3D9F8D8F8F9D1A5D9DFDAFAD8B180
:104420008530F7D9DED8F830ADDADED8F2B48C9921
:10443000A32D557DA083DFDFDFB591A0F629D9FB41
:10444000D8A0FC29D9FAD8A0D051D9F8D8FC51D994
:10445000F9D879D9FBD8A0D0FC79D9FAD8A1F9F943
:10446000F9F9F9A0DADFDFDFD8A1F8F8F8F8F8AC4D
:10447000DEF8ADDE8393AC2C547CF1A8DFDFDFF6F1
:104480009D2CDAA0DFD9FADB2DF8D8A850DAA0D01D
:10449000DED9D0F8F8F8DB55F8D8A878DAA0D0DF64
:1044A000D9D0FAF8F8F8F8DB7DF8D89CA88CF5306C
:1044B000DB38D9D0DEDFA0D0DEDFD8A848DB58D982
:1044C000DFD0DEA0DFD0DED8A868DB70D9DFDFA0C8
:1044D000DFDFD8F1A888902C547C98A8D05C38D124
:1044E000DAF2AE8CDFF9D8B087A8C1C1B188A8C60E
:1044F000F9F9DA36D8A8F9DA36D8A8F9DA36D8A828
:10450000F9DA36D8A8F9DA36D8F78D9DADF818DA89
:10451000F2AEDFD8F7ADFA30D9A4DEF9D8F2AEDECC
:10452000FAF983A7D9C3C5C7F1889BA77AADF7DE8F
:10453000DFA4F8849408A797F300AEF29819A48832
:10454000C6A39488F632DFF28393DB09D9F2AADF9F
:10455000D8D8AEF8F9D1DAF3A4DEA7F1889B7AD8DF
:10456000F38494AE19F9DAAAF1DFD8A881C0C3C5E3
:10457000C7A39283F628ADDED9F8D8A350ADD9F8F9
:10458000D8A378ADD9F8D8F8F9D1A1DADEC3C5C778
:10459000D8A18194F818F2B089ACC3C5C7F1D8B8D6
:1045A000B4B09786A8319B069907AB9728889BF0F3
:1045B0000C201440B0B4B8F0A88A9A285078B79B61
:1045C000A8295179247059446938644831F1BBAB4A
:1045D00088002C547CF0B38BB8A804285078F1B034
:1045E00088B49726A85998BBABB38B02264666B011
:1045F000B8F08A9CA82951798B2951798A2470595D
:104600008B2058718A4469388B3940688A644831F4
:104610008B30496088F1AC002C547CF08CA80428C5
:104620005078F1889726A85998AC8C02264666F0F7
:10463000899CA8295179247059446938644831A962
:104640008809205970AB11384069A8193148608C2D
:10465000A83C415C207C00F187981986A86E767E84
:10466000A999882D557DD8B1B5B9A3DFDFDFAED0CC
:10467000DFAAD0DEF2ABF8F9D9B087C4AAF1DFDF48
:10468000BBAFDFDFB9D8B1F1A3978E60DFB084F2A2
:10469000C8F8F9D9DED89385F14AB183A308B58368
:1046A0009A0810B79F10D8F1B0BAAEB08AC2B2B6AD
:1046B0008E9EF1FBD9F41DD8F9D90CF1D8F8F8ADDC
:1046C00061D9AEFBD8F40CF1D8F8F8AD19D9AEFB2E
:1046D000DFD8F416F1D8F8AD8D61D9F4F4ACF59CBF
:1046E0009C8DDF2BBAB6AEFAF8F40BD8F1AED0F849
:1046F000AD51DAAEFAF8F1D8B9B1B6A3839C08B9D6
:10470000B1839AB5AAC0FD3083B79F10B58B93F2E1
:104710000202D1ABDADED8F1B080BAABC0C3B2844A
:10472000C1C3D8B1B9F38BA391B609B4D9ABDEB08C
:10473000879CB9A3DDF1B38B8B8B8B8BB087A3A345
:10474000A3A3B28BB69BF2A3A3A3A3A3A3A3A3A3E8
:10475000A3F1B087B59AA3F39BA3A3DCBAACDFB9EE
:10476000A3A3A3A3A3A3A3A3A3A3A3A3A3A3A3A319
:10477000D8D8D8BBB3B7F1AAF9DAFFD9809AAA285A
:10478000B48098A720B79787A86688F07951F190F0
:104790002C870CA781976293F07171608594012931
:1047A000517990A5F1284C6C870C95188578A383D6
:1047B00090284C6C886CD8F3A28200F210A8921951
:1047C00080A2F2D926D8F188A84DD948D896A83920
:1047D00080D93CD89580A839A68698D92CDA87A7A5
:1047E0002CD8A8899519A980D938D8A88939A98041
:1047F000DA3CD8A82EA83990D90CD8A8953198D9E8
:104800000CD8A809D9FFD801DAFFD89539A9DA263A
:10481000FFD890A80D8999A810809821DA2ED88900
:1048200099A83180DA2ED8A886963180DA2ED8A8B9
:10483000873180DA2ED8A88292F34180F1D92ED820
:10484000A882F31980F1D92ED882ACF3C0A28022BD
:10485000F1A62EA72EA92298A829DAACDEFFD8A2AD
:10486000F22AF1A92E8292A8F23180A696F1D900FF
:10487000AC8C9C0C30ACDED0DEFFD88C9CACD01065
:10488000ACDE8092A2F24C82A8F1CAF235F1968891
:10489000A6D900D8F1FF000108100902030A111877
:1048A0002019120B04050C131A21283029221B147D
:1048B0000D06070E151C232A313839322B241D16FC
:1048C0000F171E252C333A3B342D261F272E353C3F
:1048D0003D362F373E3F0020622CCF29A0250020F7
:1048E00024195111D408622C903DFE393134622CC8
:1048F000DF2205183E0CCF29FE39A0362931CF29F9
:10490000D920A016890BA025313429313E2CA025B1
:10491000901D5D14610A0020622CCF29A025002083
:1049200024195111D4082419DF22D920901D2419EB
:10493000C1139B0DEF0651110518A0165D145111FE
:104940009B0D5F09C704D4083E0C890B610AD4088B
:10495000EF06C7046F0200010203040506070809F9
:104960000A0B0C0D0E0F101112131415161718192F
:104970001A1B1C1D1E1F202122232425262728291F
:104980002A2B2C2D2E2F303132333435363738390F
:104990003A3B3C3D3E3F40414243444546474849FF
:1049A0004A4B4C4D4E4F50515253545556575859EF
:1049B0005A5B5C5D5E5F60616263646566676869DF
:1049C0006A6B6C6D6E6F70717273747576777879CF
:1049D0007A7B7C7D7E7F80818283848586878889BF
:1049E0008A8B8C8D8E8F90919293949596979899AF
:1049F0009A9B9C9D9E9FA0A1A2A3A4A5A6A7A8A99F
:104A0000AAABACADAEAFB0B1B2B3B4B5B6B7B8B98E
:104A1000BABBBCBDBEBFC0C1C2C3C4C5C6C7C8C97E
:104A2000CACBCCCDCECFD0D1D2D3D4D5D6D7D8D96E
:104A3000DADBDCDDDEDFE0E1E2E3E4E5E6E7E8E95E
:104A4000EAEBECEDEEEFF0F1F2F3F4F5F6F7F8F94E
:104A5000FAFBFCFDFEFFFFFFFFFFFFFFFFFFFFFF75
:104A6000FFFFFFFFFFFFFFFFFFFFFFFFFFFFFFFF56
:104A7000FFFFFFFFFFFFFFFFFFFFFFFFFFFFFFFF46
:104A8000FFFFFFFFFFFFFFFFFFFFFFFFFFFFFFFF36
:104A9000FFFFFFFFFFFFFFFFFFFFFFFFFFFFFFFF26
:104AA000FFFFFFFFFFFFFFFFFFFFFFFFFFFFFFFF16
:104AB000FFFFFFFFFFFFFFFFFFFFFFFFFFFFFFFF06
:104AC000FFFFFFFFFFFFFFFFFFFFFFFFFFFFFFFFF6
:104AD000FFFFFFFFFFFFFFFFFFFFFFFFFFFFFFFFE6
:104AE000FFFFFFFFFFFFFFFFFFFFFFFFFFFFFFFFD6
:104AF000FFFFFFFFFFFFFFFFFFFFFFFFFFFFFFFFC6
:104B0000FFFFFFFFFFFFFFFFFFFFFFFFFFFFFFFFB5
:104B1000FFFFFFFFFFFFFFFFFFFFFFFFFFFFFFFFA5
:104B2000FFFFFFFFFFFFFFFFFFFFFFFFFFFFFFFF95
:104B3000FFFFFFFFFFFFFFFFFFFFFFFFFFFFFFFF85
:104B4000FFFFFFFFFFFFFFFFFFFFFFFFFFFFFFFF75
:104B5000FFFFFFFFFFFF000000000000000000005B
:104B60000000000000000000000000000000000045
:104B70000000000000000000000000000000000035
:104B80000000000000000000000000000000000025
:104B90000000000000000000000000000000000015
:104BA0000000000000000000000000000000000005
:104BB00000000000000000000000000000000000F5
:104BC00000000000000000000000000000000000E5
:104BD00000000000000000000000000000000000D5
:104BE00000000000000000000000000000000000C5
:104BF00000000000000000000000000000000000B5
:104C000000000000000000000000000000000000A4
:104C10000000000000000000000000000000000094
:104C20000000000000000000000000000000000084
:104C30000000000000000000000000000000000074
:104C40000000000000000000000000000000000064
:104C50000000000000000000000000000000000054
:104C60000000000000000000000000000000000044
:104C70000000000000000000000000000000000034
:104C80000000000000000000000000000000000024
:104C90000000000000000000000000000000000014
:104CA0000000000000000000000000000000000004
:104CB00000000000000000000000000000000000F4
:104CC00000000000000000000000000000000000E4
:104CD00000000000000000000000000000000000D4
:104CE00000000000000000000000000000000000C4
:104CF00000000000000000000000000000000000B4
:104D000000000000000000000000000000000000A3
:104D10000000000000000000000000000000000093
:104D20000000000000000000000000000000000083
:104D30000000000000000000000000000000000073
:104D40000000000000000000000000000000000063
:104D5000000000000000A400E8A1A700ECA1A8004A
:104D6000A7A1B000E3A1B100C0A1B700A4A1D700E2
:104D7000C1A1E000A4A8E100A2A8E800A8A8E90059
:104D8000A6A8EA00BAA8EC00ACA8ED00AAA8F20018
:104D9000B0A8F300AEA8F700C2A1F900B4A8FA00C9
:104DA000B2A8FC00B9A80101A1A81301A5A81B0184
:104DB000A7A82B01A9A84401BDA84801BEA84D0180
:104DC000ADA86B01B1A8CE01A3A8D001ABA8D201B8
:104DD000AFA8D401B3A8D601B5A8D801B6A8DA0106
:104DE000B7A8DC01B8A85102BBA86102C0A8C702DD
:104DF000A6A1C902A5A1CA0240A8CB0241A8D90216
:104E000042A89103A1A69203A2A69303A3A694038A
:104E1000A4A69503A5A69603A6A69703A7A69803FE
:104E2000A8A69903A9A69A03AAA69B03ABA69C03CE
:104E3000ACA69D03ADA69E03AEA69F03AFA6A0039E
:104E4000B0A6A103B1A6A303B2A6A403B3A6A5036B
:104E5000B4A6A603B5A6A703B6A6A803B7A6A9033A
:104E6000B8A6B103C1A6B203C2A6B303C3A6B403D6
:104E7000C4A6B503C5A6B603C6A6B703C7A6B8039E
:104E8000C8A6B903C9A6BA03CAA6BB03CBA6BC036E
:104E9000CCA6BD03CDA6BE03CEA6BF03CFA6C0033E
:104EA000D0A6C103D1A6C303D2A6C403D3A6C5030B
:104EB000D4A6C603D5A6C703D6A6C803D7A6C903DA
:104EC000D8A60104A7A71004A1A71104A2A7120441
:104ED000A3A71304A4A71404A5A71504A6A7160442
:104EE000A8A71704A9A71804AAA71904ABA71A040E
:104EF000ACA71B04ADA71C04AEA71D04AFA71E04DE
:104F0000B0A71F04B1A72004B2A72104B3A72204AD
:104F1000B4A72304B5A72404B6A72504B7A726047D
:104F2000B8A72704B9A72804BAA72904BBA72A044D
:104F3000BCA72B04BDA72C04BEA72D04BFA72E041D
:104F4000C0A72F04C1A73004D1A73104D2A73204CF
:104F5000D3A73304D4A73404D5A73504D6A7360481
:104F6000D8A73704D9A73804DAA73904DBA73A044D
:104F7000DCA73B04DDA73C04DEA73D04DFA73E041D
:104F8000E0A73F04E1A74004E2A74104E3A74204ED
:104F9000E4A74304E5A74404E6A74504E7A74604BD
:104FA000E8A74704E9A74804EAA74904EBA74A048D
:104FB000ECA74B04EDA74C04EEA74D04EFA74E045D
:104FC000F0A74F04F1A75104D7A710205CA9132024
:104FD00043A81420AAA1152044A81620ACA118208B
:104FE000AEA11920AFA11C20B0A11D20B1A1252088
:104FF00045A82620ADA13020EBA13220E4A133202A
:10500000E5A1352046A83B20F9A1AC208000032172
:10501000E6A1052147A8092148A81621EDA12121D3
:1050200059A96021F1A26121F2A26221F3A26321B8
:10503000F4A26421F5A26521F6A26621F7A26721F8
:10504000F8A26821F9A26921FAA26A21FBA26B21C8
:10505000FCA27021A1A27121A2A27221A3A273219C
:10506000A4A27421A5A27521A6A27621A7A27721C8
:10507000A8A27821A9A27921AAA29021FBA191211D
:10508000FCA19221FAA19321FDA1962149A8972183
:105090004AA898214BA899214CA80822CAA10F22FE
:1050A000C7A11122C6A115224DA81A22CCA11D22EA
:1050B000D8A11E22DEA11F224EA82022CFA123228A
:1050C0004FA82522CEA12722C4A12822C5A129228A
:1050D000C9A12A22C8A12B22D2A12E22D3A13422D7
:1050E000E0A13522DFA13622C3A13722CBA13D2288
:1050F000D7A14822D6A14C22D5A1522250A8602285
:10510000D9A16122D4A16422DCA16522DDA166229D
:1051100051A8672252A86E22DAA16F22DBA1952244
:1051200092A89922D1A1A522CDA1BF2253A81223D2
:10513000D0A16024D9A26124DAA26224DBA2632474
:10514000DCA26424DDA26524DEA26624DFA267243B
:10515000E0A26824E1A26924E2A27424C5A2752415
:10516000C6A27624C7A27724C8A27824C9A279242B
:10517000CAA27A24CBA27B24CCA27C24CDA27D24FB
:10518000CEA27E24CFA27F24D0A28024D1A28124CB
:10519000D2A28224D3A28324D4A28424D5A285249B
:1051A000D6A28624D7A28724D8A28824B1A2892493
:1051B000B2A28A24B3A28B24B4A28C24B5A28D24DB
:1051C000B6A28E24B7A28F24B8A29024B9A29124AB
:1051D000BAA29224BBA29324BCA29424BDA295247B
:1051E000BEA29624BFA29724C0A29824C1A299244B
:1051F000C2A29A24C3A29B24C4A20025A4A901256B
:10520000A5A90225A6A90325A7A90425A8A90525BE
:10521000A9A90625AAA90725ABA90825ACA909258E
:10522000ADA90A25AEA90B25AFA90C25B0A90D255E
:10523000B1A90E25B2A90F25B3A91025B4A911252E
:10524000B5A91225B6A91325B7A91425B8A91525FE
:10525000B9A91625BAA91725BBA91825BCA91925CE
:10526000BDA91A25BEA91B25BFA91C25C0A91D259E
:10527000C1A91E25C2A91F25C3A92025C4A921256E
:10528000C5A92225C6A92325C7A92425C8A925253E
:10529000C9A92625CAA92725CBA92825CCA929250E
:1052A000CDA92A25CEA92B25CFA92C25D0A92D25DE
:1052B000D1A92E25D2A92F25D3A93025D4A93125AE
:1052C000D5A93225D6A93325D7A93425D8A935257E
:1052D000D9A93625DAA93725DBA93825DCA939254E
:1052E000DDA93A25DEA93B25DFA93C25E0A93D251E
:1052F000E1A93E25E2A93F25E3A94025E4A94125EE
:10530000E5A94225E6A94325E7A94425E8A94525BD
:10531000E9A94625EAA94725EBA94825ECA949258D
:10532000EDA94A25EEA94B25EFA9502554A85125F2
:1053300055A8522556A8532557A8542558A8552591
:1053400059A856255AA857255BA858255CA8592561
:105350005DA85A255EA85B255FA85C2560A85D2531
:1053600061A85E2562A85F2563A8602564A8612501
:1053700065A8622566A8632567A8642568A86525D1
:1053800069A866256AA867256BA868256CA86925A1
:105390006DA86A256EA86B256FA86C2570A86D2571
:1053A00071A86E2572A86F2573A8702574A8712541
:1053B00075A8722576A8732577A8812578A88225F7
:1053C00079A883257AA884257BA885257CA88625AD
:1053D0007DA887257EA8882580A8892581A88A257B
:1053E00082A88B2583A88C2584A88D2585A88E2549
:1053F00086A88F2587A8932588A8942589A8952510
:105400008AA8A025F6A1A125F5A1B225F8A1B3256A
:10541000F7A1BC258BA8BD258CA8C625F4A1C7255E
:10542000F3A1CB25F0A1CE25F2A1CF25F1A1E22554
:105430008DA8E3258EA8E4258FA8E52590A805264C
:10544000EFA10626EEA1092691A84026E2A1422658
:10545000E1A10030A1A10130A2A10230A3A103303B
:10546000A8A10530A9A1063065A9073096A9083082
:10547000B4A10930B5A10A30B6A10B30B7A10C30E8
:10548000B8A10D30B9A10E30BAA10F30BBA11030B8
:10549000BEA11130BFA1123093A81330FEA1143069
:1054A000B2A11530B3A11630BCA11730BDA11D307B
:1054B00094A81E3095A8213040A9223041A923305C
:1054C00042A9243043A9253044A9263045A92730D4
:1054D00046A9283047A9293048A94130A1A4423023
:1054E000A2A44330A3A44430A4A44530A5A44630CC
:1054F000A6A44730A7A44830A8A44930A9A44A309C
:10550000AAA44B30ABA44C30ACA44D30ADA44E306B
:10551000AEA44F30AFA45030B0A45130B1A452303B
:10552000B2A45330B3A45430B4A45530B5A456300B
:10553000B6A45730B7A45830B8A45930B9A45A30DB
:10554000BAA45B30BBA45C30BCA45D30BDA45E30AB
:10555000BEA45F30BFA46030C0A46130C1A462307B
:10556000C2A46330C3A46430C4A46530C5A466304B
:10557000C6A46730C7A46830C8A46930C9A46A301B
:10558000CAA46B30CBA46C30CCA46D30CDA46E30EB
:10559000CEA46F30CFA47030D0A47130D1A47230BB
:1055A000D2A47330D3A47430D4A47530D5A476308B
:1055B000D6A47730D7A47830D8A47930D9A47A305B
:1055C000DAA47B30DBA47C30DCA47D30DDA47E302B
:1055D000DEA47F30DFA48030E0A48130E1A48230FB
:1055E000E2A48330E3A48430E4A48530E5A48630CB
:1055F000E6A48730E7A48830E8A48930E9A48A309B
:10560000EAA48B30EBA48C30ECA48D30EDA48E306A
:10561000EEA48F30EFA49030F0A49130F1A492303A
:10562000F2A49330F3A49B3061A99C3062A99D3011
:1056300066A99E3067A9A130A1A5A230A2A5A3307A
:10564000A3A5A430A4A5A530A5A5A630A6A5A730DE
:10565000A7A5A830A8A5A930A9A5AA30AAA5AB30AE
:10566000ABA5AC30ACA5AD30ADA5AE30AEA5AF307E
:10567000AFA5B030B0A5B130B1A5B230B2A5B3304E
:10568000B3A5B430B4A5B530B5A5B630B6A5B7301E
:10569000B7A5B830B8A5B930B9A5BA30BAA5BB30EE
:1056A000BBA5BC30BCA5BD30BDA5BE30BEA5BF30BE
:1056B000BFA5C030C0A5C130C1A5C230C2A5C3308E
:1056C000C3A5C430C4A5C530C5A5C630C6A5C7305E
:1056D000C7A5C830C8A5C930C9A5CA30CAA5CB302E
:1056E000CBA5CC30CCA5CD30CDA5CE30CEA5CF30FE
:1056F000CFA5D030D0A5D130D1A5D230D2A5D330CE
:10570000D3A5D430D4A5D530D5A5D630D6A5D7309D
:10571000D7A5D830D8A5D930D9A5DA30DAA5DB306D
:10572000DBA5DC30DCA5DD30DDA5DE30DEA5DF303D
:10573000DFA5E030E0A5E130E1A5E230E2A5E3300D
:10574000E3A5E430E4A5E530E5A5E630E6A5E730DD
:10575000E7A5E830E8A5E930E9A5EA30EAA5EB30AD
:10576000EBA5EC30ECA5ED30EDA5EE30EEA5EF307D
:10577000EFA5F030F0A5F130F1A5F230F2A5F3304D
:10578000F3A5F430F4A5F530F5A5F630F6A5FC3018
:1057900060A9FD3063A9FE3064A90531C5A80631B2
:1057A000C6A80731C7A80831C8A80931C9A80A3155
:1057B000CAA80B31CBA80C31CCA80D31CDA80E3125
:1057C000CEA80F31CFA81031D0A81131D1A81231F5
:1057D000D2A81331D3A81431D4A81531D5A81631C5
:1057E000D6A81731D7A81831D8A81931D9A81A3195
:1057F000DAA81B31DBA81C31DCA81D31DDA81E3165
:10580000DEA81F31DFA82031E0A82131E1A8223134
:10581000E2A82331E3A82431E4A82531E5A8263104
:10582000E6A82731E7A82831E8A82931E9A82032DD
:10583000E5A22132E6A22232E7A22332E8A22432F4
:10584000E9A22532EAA22632EBA22732ECA22832C4
:10585000EDA22932EEA231325AA9A33249A98E33E0
:105860004AA98F334BA99C334CA99D334DA99E3334
:105870004EA9A1334FA9C43350A9CE3351A9D13376
:1058800052A9D23353A9D53354A9004EBBD2014EED
:10589000A1B6024E4081034EDFC6044E4181054E43
:1058A0004281064E4381074EF2CD084EC9D5094EBE
:1058B000FDC80A4ECFC90B4EC2CF0C4EA2D80D4E1A
:1058C000BBB20E4EEBD30F4E4481104EA4D8114EF6
:1058D000F3B3124E4581134EA8D7144ED2C7154EBE
:1058E000A7D8164EC0CA174E4681184EF0C7194E9B
:1058F000FBB11A4EB5D21B4ED4B41C4EABB61D4EE6
:10590000BFCB1E4EA9D81F4E4781204E4881214E45
:105910004981224EAAB6234E4A81244EBDC1254E4E
:10592000CFD1264E4B81274EA5C9284EADD8294E42
:105930004C812A4EF6B82B4EBED12C4EDCE32D4EB8
:10594000D0D62E4E4D812F4E4E81304EE1B7314E86
:105950004F81324EAEB4334E5081344ED9C1354EA4
:105960005181364EBCD8374E5281384EE8CD394E33
:10597000A4B53A4EAACE3B4EF7D63C4E53813D4E8F
:10598000F6C03E4ED9BE3F4EAFD8404E5481414E38
:105990005581424E5681434ECBC4444E5781454EAD
:1059A000C3BE464E5881474EB1D8484EB4C3494E47
:1059B000E5D24A4E59814B4EAED64C4EDACE4D4EC4
:1059C000A7D54E4EF5BA4F4EA6B7504ED6C0514E43
:1059D0005A81524EB9C6534ED2C5544EC7C7554EC2
:1059E0005B81564ED4B9574E5C81584ECBB3594E5D
:1059F000D2D25A4E5D815B4E5E815C4EBFD85D4E09
:105A0000C5BE5E4EF2C65F4EB2D2604EB0CF614EA2
:105A1000E7CF624E5F81634E6081644E6181654E67
:105A20006281664EE9CA674E6381684E6481694E41
:105A3000C0D86A4E65816B4E66816C4E67816D4E33
:105A400068816E4E69816F4E6A81704EF2C2714EEE
:105A5000D2C2724E6B81734EE9C8744E6C81754E22
:105A60006D81764E6E81774E6F81784E7081794E62
:105A700071817A4E72817B4E73817C4E74817D4E32
:105A800075817E4EACC77F4E7681804E7781814E88
:105A90007881824E7981834E7A81844E7B81854ED6
:105AA0007C81864ECBC1874E7D81884EE8D3894E5E
:105AB000F9D58A4E7E818B4EC2CA8C4EFEB68D4E73
:105AC000A1D88E4EDAD38F4EF7BF904E8081914E83
:105AD000C6D4924EA5BB934EC1D8944EE5CE954EFA
:105AE000AEBE964E8181974E8281984EA8D8994E2F
:105AF00083819A4EC7D19B4EA9D09C4E84819D4EE6
:105B000085819E4E86819F4EBDD8A04EEFD9A14E75
:105B1000F6CDA24EBABFA34E8781A44EBBBDA54E03
:105B2000A5BAA64EE0D2A74EFAB2A84EE0BAA94E48
:105B3000B6C4AA4E8881AB4EEDCFAC4EA9BEAD4ED9
:105B4000A4CDAE4EC1C1AF4E8981B04E8A81B14E57
:105B50008B81B24ED7C7B34EF1D9B44E8C81B54EBE
:105B6000F4D9B64E8D81B74E8E81B84E8F81B94E25
:105B70009081BA4ECBC8BB4EE9D8BC4E9181BD4E88
:105B80009281BE4E9381BF4EDAD2C04EB2CAC14E90
:105B9000CAC8C24EECD8C34EEAD8C44EC6D8C54E09
:105BA000F6BDC64ECDC6C74EF0B3C84E9481C94EA1
:105BB000EBD8CA4EF1BDCB4EE9BDCC4E9581CD4E52
:105BC000D4C8CE4ED3B4CF4E9681D04E9781D14E0D
:105BD000D8C2D24E9881D34ED6B2D44ED0D7D54E5D
:105BE000CBCAD64EFBCBD74ECCD5D84EB6B8D94EB5
:105BF000C9CFDA4E9981DB4E9A81DC4E9B81DD4E16
:105C0000DAD9DE4EF0D8DF4EAAC7E04E9C81E14ED5
:105C1000EED8E24E9D81E34EFAB4E44EEEC1E54E7D
:105C2000D4D2E64E9E81E74E9F81E84EEDD8E94EF4
:105C3000A081EA4EC7D2EB4EEFD8EC4EC7C3ED4E73
:105C4000A181EE4EA281EF4EA381F04EF6D1F14E2E
:105C5000A481F24ED9D6F34EF2D8F44EA581F54E7A
:105C6000F5D8F64EFEBCF74EDBBCF84EA681F94ED9
:105C7000A781FA4EA881FB4ECEC8FC4EA981FD4EED
:105C8000DDB7FE4EAA81FF4EC2B7004FAB81014F78
:105C9000F3C6024FAC81034FAD81044FAE81054F77
:105CA000AF81064FB081074FB181084FB281094FD4
:105CB000F8D80A4FC1D20B4FB3810C4FB4810D4FAE
:105CC000E9CE0E4FBFBC0F4FFCB7104FA5B7114F19
:105CD000DDD0124FB581134FB681144FB781154FE8
:105CE000B881164FB981174FDAD6184FC5D3194F5F
:105CF000EFBB1A4FE1BB1B4FF1D81C4FBA811D4FB0
:105D0000BB811E4FA1C91F4FB0CE204FABB4214F56
:105D1000BC81224FF3D8234FBD81244FCBC9254FDF
:105D2000F6D8264FD7C2274FF7D8284FBE81294F24
:105D3000BF812A4FB1CE2B4FF9D82C4FC0812D4FA8
:105D4000C1812E4FC2812F4FAEB2304FC0B9314FFB
:105D5000C381324FA3D9334FC481344FE9B0354F9B
:105D6000C581364FE6C1374FC681384FECC9394F30
:105D7000C7813A4FC5CB3B4FC8813C4FC6CB3D4F47
:105D8000A4D93E4FC9813F4FCA81404FCB81414F7B
:105D9000CC81424FCD81434FE8B5444FCE81454F32
:105DA000CF81464FABB5474FD081484FD181494F46
:105DB000D2814A4FD3814B4FD4814C4FD5814D4F27
:105DC000BBCE4E4FCDB54F4FA1D7504FF4D7514F0B
:105DD000D3D3524FD681534FE5CC544FD781554F33
:105DE000CEBA564FD881574FA2D9584FDCD9594F08
:105DF000E0D35A4FFDD85B4FF0B75C4FF7D75D4FFC
:105E0000FED85E4FFAD85F4FA1D9604FE3C4614F0F
:105E1000D981624FDA81634FB6D3644FF4D8654FAE
:105E2000DDD9664FDB81674FFBD8684FDC81694F56
:105E3000E5C56A4FDD816B4FDE816C4FD0C06D4F81
:105E4000DF816E4FE0816F4FF0D1704FDBB0714F4B
:105E5000E181724FE281734FD1BC744FA6D9754F67
:105E6000E381764FA5D9774FE481784FE581794F6B
:105E7000E6817A4FE7817B4FACD97C4FAED97D4F1D
:105E8000E8817E4FABD97F4FB9CA804FE981814FFE
:105E9000EA81824FEB81834FA9D9844FB6D6854FD3
:105EA000EC81864FED81874FEE81884FDEB3894FBD
:105EB000A8D98A4FEF818B4FFDC08C4FF0818D4F59
:105EC000CCCA8E4FF1818F4FAAD9904FF281914F5A
:105ED000A7D9924FF381934FF481944FB0D9954F46
:105EE000F581964FF681974FB1B6984FF781994F4C
:105EF000F8819A4FF9819B4FA9B99C4FFA819D4F28
:105F0000C0D29E4FFB819F4FFC81A04FC0CFA14FBD
:105F1000FD81A24FFE81A34FC2C2A44F4082A54F74
:105F2000C4BDA64FECD5A74FE0B2A84FC8C7A94F34
:105F3000EBBFAA4FADD9AB4F4182AC4FAFD9AD4FFC
:105F40004282AE4FEACEAF4FEEBAB04F4382B14F6E
:105F50004482B24F4582B34F4682B44F4782B54F19
:105F6000D6C7B64F4882B74F4982B84F4A82B94F19
:105F70004B82BA4F4C82BB4F4D82BC4F4E82BD4FBD
:105F80004F82BE4F5082BF4FE3B1C04F5182C14FCD
:105F90005282C24F5382C34FD9B4C44FEDB6C54FDE
:105FA000B4D9C64F5482C74F5582C84F5682C94F85
:105FB0005782CA4FA1BFCB4F5882CC4F5982CD4F89
:105FC0005A82CE4FDED9CF4FCEC7D04FFEC0D14F71
:105FD000B8D9D24F5B82D34F5C82D44F5D82D54F0C
:105FE0005E82D64F5F82D74FD7CBD84FFDB7D94F00
:105FF0006082DA4FB5D9DB4F6182DC4FB7D9DD4F14
:10600000A3B1DE4FE1D3DF4FB9D9E04F6282E14F58
:10601000C5D0E24F6382E34FB6D9E44F6482E54FC7
:106020006582E64FB1D9E74F6682E84FB2D9E94FB2
:10603000A9C1EA4FB3D9EB4F6782EC4F6882ED4FAD
:10604000F3BCEE4FDED0EF4FA9B8F04F6982F14FAD
:10605000E3BEF24F6A82F34FBDD9F44F6B82F54F26
:106060006C82F64F6D82F74F6E82F84FBAD9F94FB6
:106070006F82FA4FB3B0FB4F7082FC4F7182FD4FBD
:106080007282FE4FC2D9FF4F73820050748201505A
:1060900075820250768203507782045078820550D0
:1060A000798206507A8207507B8208507C820950A0
:1060B0007D820A507E820B5080820C50C4D90D50D4
:1060C000B6B10E5081820F50BFD91050828211504C
:1060D00083821250B9B5135084821450F3BE155008
:1060E000858216508682175087821850C8CC195066
:1060F000F2BA1A50D0D21B5088821C50C3D91D50FE
:1061000089821E508A821F50E8BD20508B82215008
:10611000ABB322508C8223508D8224508E82255026
:10612000C5D92650EBBE27508F822850C6D929509A
:10613000BBD92A50DFC42B5090822C50BED92D5091
:10614000C1D92E50C0D92F509182305092823150F7
:1061500093823250948233509582345096823550D7
:106160009782365098823750998238509A823950A7
:106170009B823A50AED53B509C823C50B5D63D50A8
:106180009D823E50E3C73F509E8240509F824150C7
:10619000A0824250A1824350C8D94450A2824550A7
:1061A000A3824650A4824750D9BC4850CAD949500E
:1061B000A5824A50A6824B50A7824C50BCD94D5064
:1061C000A8824E50CBD94F50ABC65050A9825150E7
:1061D000AA825250AB825350AC825450AD8255507B
:1061E000C9D95650AE825750AF825850B0825950DC
:1061F000B1825A50F6D75B50B2825C50A3CD5D504D
:10620000B3825E50B4825F50B5826050B6826150F6
:10621000B7826250B8826350B9826450BA826550C6
:10622000A1BD6650BB826750BC826850BD82695078
:10623000BE826A50BF826B50C0826C50CCD96D5008
:10624000C1826E50C2826F50C3827050C48271503E
:10625000C5827250C6827350C7827450C88275500E
:10626000C9827650BCC57750B5CD7850CA82795076
:10627000CB827A50CC827B50CDD97C50CD827D5060
:10628000CE827E50C7D97F50A5B38050FEBF8150CB
:10629000CF828250D0828350D1828450D282855066
:1062A000B5B88650D3828750D4828850FCC08950BC
:1062B000D5828A50D6828B50D7828C50D8828D500E
:1062C000F8B08E50D9828F50DA829050DB82915094
:1062D000DC829250DD829350DE829450DF829550B2
:1062E000E0829650E1829750E2829850E382995082
:1062F000E4829A50E5829B50E6829C50E7829D5052
:10630000E8829E50E9829F50EA82A050EB82A15021
:10631000EC82A250ED82A350F6B4A450EE82A550B8
:10632000CED9A650EF82A750CFD9A850A2B4A95079
:10633000D0D9AA50F082AB50F182AC50DFB4AD504E
:10634000F282AE50F382AF50F482B050F582B15079
:10635000F682B250C1B0B350F782B450F882B55053
:10636000F982B650FA82B750FB82B850FC82B9501D
:10637000FD82BA50D1D9BB50B5C9BC50FE82BD50C8
:106380004083BE504183BF504283C0504383C150BD
:106390004483C2504583C3504683C4504783C5508D
:1063A0004883C6504983C7504A83C8504B83C9505D
:1063B0004C83CA504D83CB504E83CC504F83CD502D
:1063C0005083CE505183CF50F1CFD0505283D15013
:1063D0005383D2505483D3505583D4505683D550D1
:1063E0005783D650D2D9D7505883D8505983D950D3
:1063F0005A83DA50C5C1DB505B83DC505C83DD50CF
:106400005D83DE505E83DF505F83E0506083E15048
:106410006183E2506283E3506383E4506483E55018
:106420006583E650D6D9E750AEC9E8506683E95097
:106430006783EA506883EB506983EC50D5D9ED50FF
:10644000D4D9EE50D7D9EF506A83F0506B83F15016
:106450006C83F2506D83F350DBCBF4506E83F550B8
:10646000A9BDF6506F83F7507083F8507183F950CF
:106470007283FA507383FB50A7C6FC507483FD509F
:106480007583FE507683FF507783005178830151E6
:10649000798302517A8303517B8304517C830551B4
:1064A0007D830651D3D90751D8D908517E8309512C
:1064B00080830A5181830B51D9D90C5182830D51AC
:1064C00083830E5184830F5185831051868311512C
:1064D00087831251E5C8135188831451898315515C
:1064E0008A8316518B8317518C8318518D831951D0
:1064F0008E831A518F831B5190831C5191831D51A0
:1065000092831E5193831F5194832051958321516F
:10651000DCC02251968323519783245198832551BF
:10652000998326519A8327519B8328519C83295113
:106530009D832A519E832B519F832C51A0832D51E3
:10654000A1832E51A2832F51A3833051A4833151B3
:10655000A5833251A6833351A7833451A883355183
:10656000A9833651AA833751AB833851AC83395153
:10657000AD833A51AE833B51AF833C51B0833D5123
:10658000B1833E51B2833F51F9B64051A3D8415136
:10659000CAD44251B3834351AAD44451D6D04551B1
:1065A000E4B34651D7D54751B4834851C8CF495178
:1065B000E2B94A51B5834B51CBBF4C51B6834D51D3
:1065C000E2C34E51B7834F51B8835051B9835151F3
:1065D000D2B65251BA835351BB835451C3CD555196
:1065E000EED95651F0D95751BC835851BD835951FA
:1065F000BE835A51B3B55B51BF835C51B5B65D5193
:10660000C0835E51C1835F51C2836051C3836151B6
:10661000C4836251A4BE6351C5836451C68365516E
:10662000EBC86651C7836751C8836851ABC86951CD
:10663000C9836A51CA836B51CBB06C51ABB96D51F0
:10664000F9C16E51E2D96F51CB837051BCC0715109
:10665000B2B97251CC837351D8B97451CBD0755142
:10666000F8B17651E4C67751DFBE7851E4B579517F
:10667000C8D77A51CD837B51F8D17C51E6BC7D518E
:10668000DECA7E51CE837F51CF838051BDBC815104
:10669000E6D98251E7D88351D0838451D183855183
:1066A000DAC48651D2838751D3838851D4B88951B3
:1066B000BDC88A51D4838B51D5838C51E1B28D51A1
:1066C000D9D48E51D6838F51D7839051D88391518D
:1066D000D9839251B0C39351DA839451DB8395519E
:1066E000E1C39651A2DA9751DFC89851DC839951E2
:1066F000B4D09A51DD839B51FCBE9C51A9C59D51DC
:10670000DE839E51DF839F51E083A051DAB9A1510E
:10671000E183A251A3DAA351E283A451A9D4A551E4
:10672000A4DAA651E383A751E483A851E583A951D4
:10673000E683AA51E783AB51FBD9AC51ACB6AD515E
:10674000E883AE51E983AF51EBB7B051F9B1B15124
:10675000FCD9B251E5B3B351F6BEB451EA83B55199
:10676000F6BFB651B1D2B751E4C0B851EB83B951BD
:10677000EC83BA51ED83BB51B3B6BC51FED9BD51C8
:10678000FDD9BE51EE83BF51EF83C051BBBEC15195
:10679000F083C251F183C351F283C451E0C6C551A5
:1067A000F383C651BCD7C751A1DAC851F483C9518C
:1067B000B9C1CA51F583CB51F2B5CC51E8C1CD5125
:1067C000F683CE51F783CF51F5BCD051F883D15128
:1067D000D5B4D251F983D351FA83D451FB83D55127
:1067E000FC83D651FD83D751FE83D8514084D951C3
:1067F0004184DA514284DB51DDC1DC514384DD51F7
:10680000FDC4DE514484DF514584E051B8BCE15100
:10681000B2B7E2514684E3514784E451EFB7E55102
:106820004884E6514984E7514A84E8514B84E95150
:106830004C84EA514D84EB51ECD9EC514E84ED512E
:10684000BEC6EE514F84EF51ADBFF051CBBBF151FD
:106850005084F2515184F351CAB5F4515284F55128
:10686000C9DBF651D7D0F7515384F851B9CDF9515E
:10687000BCB0FA51F6B3FB51F7BBFC51CADBFD517A
:10688000AFBAFE515484FF51E4D40052B6B5015260
:10689000F3B50252D6D80352D0C8045255840552DB
:1068A00056840652D6B70752D0C70852D7D80952D5
:1068B00057840A52AFBF0B5258840C5259840D5260
:1068C000BBDB0E52D8D80F525A8410525B8411523F
:1068D000CCD01252AEBB13525C8414525D8415525C
:1068E0005E841652BEEB1752D0C11852F5C1195230
:1068F000F2D41A52D5B81B52B4B41C525F841D5244
:10690000F5B31E5260841F5261842052BEC92152C9
:10691000628422526384235264842452D0C5255257
:10692000658426526684275267842852D9C5295225
:10693000FBC02A5268842B52F0B12C5269842D522C
:10694000D9D82E52CEB92F526A843052BDB53152A9
:106950006B8432526C843352DAD834526D8435529F
:106960006E843652C6D63752A2CB3852AFC839528F
:10697000B2C93A52CCB43B52CCBF3C526F843D5268
:10698000F4B93E5270843F52DBD84052DCD84152B9
:10699000E7B64252C1BC4352EACC445271844552DC
:1069A00072844652738447527484485275844952A3
:1069B00076844A52F7CF4B5277844C52DDD84D52F1
:1069C000B0C74E5278844F5279845052D0B9515248
:1069D000A3BD52527A8453527B845452DECC55521A
:1069E0007C845652CAC657527D8458527E8459526E
:1069F00080845A5281845B5282845C52E0D85D521A
:106A000083845E52DED85F528484605285846152F2
:106A1000DFD86252868463528784645288846552C8
:106A2000FEB0665289846752E7BE68528A84695212
:106A3000A3CA6A52F4BC6B528B846C528C846D5224
:106A40008D846E528E846F52B1B870528F847152A1
:106A500090847252EEB8735291847452928475523B
:106A6000938476529484775295847852968479529E
:106A700097847A5298847B5299847C529A847D526E
:106A8000E2D87E529B847F52CBBD80529C8481523F
:106A9000E4D88252E3D883529D8484529E848552E6
:106AA0009F848652A0848752A1848852FCC5895253
:106AB000A2848A52A3848B52A4848C52A5848D52C2
:106AC000A6848E52A7848F52A8849052E5D8915202
:106AD000A9849252AA849352E6D89452AB849552D8
:106AE000AC849652AD849752AE849852AF8499523A
:106AF000B0849A52B1849B52A6C19C52B2849D52DA
:106B0000B0C89E52ECB09F52A6B9A052D3BCA152BD
:106B1000F1CEA252BDDBA352D3C1A452B384A5527D
:106B2000B484A652B584A752B684A852AFB6A9526F
:106B3000FAD6AA52ACC5AB52D9BDAC52BEDBAD52EF
:106B4000BFDBAE52B784AF52B884B052B984B152F1
:106B5000F8C0B252A2BEB352CDC0B452BA84B5523C
:106B6000BB84B652BC84B752BD84B852BE84B952FD
:106B7000BF84BA52C084BB52C184BC52C284BD52CD
:106B8000C384BE52C0DBBF52C6CAC052C484C15205
:106B9000C584C252C684C352AAB2C452C784C55265
:106BA000C884C652C984C752C2D3C852CA84C95203
:106BB000E3C3CA52CB84CB52ABD1CC52CC84CD529E
:106BC000CD84CE52CE84CF52CF84D052C2DBD152AC
:106BD000D084D252D5C0D352D184D452D284D5528B
:106BE000D384D652C3DBD752D484D852B1BFD95242
:106BF000D584DA52D684DB52D784DC52D884DD5275
:106C0000D984DE52DA84DF52BCC4E052DB84E15224
:106C1000DC84E252DD84E352DE84E452DAC7E552DA
:106C2000DF84E652E084E752E184E852E284E952EC
:106C3000E384EA52E484EB52E584EC52E684ED52BC
:106C4000E784EE52E884EF52E984F052C4DBF1525B
:106C5000EA84F252EB84F352EC84F452ED84F55260
:106C6000EE84F652EF84F752F084F852F184F95230
:106C7000E8D9FA52D7C9FB52F284FC52F384FD5290
:106C8000F484FE52B4B9FF52F0CE0053C8D401537D
:106C9000F5840253F6840353F7840453F8840553B0
:106CA000FCB00653D2B40753F9840853D9D0095322
:106CB000FA840A53FB840B53FC840C53FD840D535C
:106CC000E9D90E53FE840F53CBDE1053EBD9115389
:106CD0004085125341851353428514534385155300
:106CE000B0D81653AFBB1753B1B1185344851953DD
:106CF000D7B31A53CED81B5345851C5346851D5315
:106D0000D1D41E5347851F5348852053B3BD21530B
:106D1000EFBF225349852353BBCF24534A852553C4
:106D20004B852653D0D827534C8528534D8529535E
:106D30004E852A53CBB72B534F852C5350852D535B
:106D400051852E53D1D82F5352853053538531530B
:106D500054853253558533535685345357853553AF
:106D600058853653598537535A8538535B8539537F
:106D7000A5C63A53F8C73B53BDD23C535C853D533F
:106D80005D853E53D2D83F53E4C440535E854153A2
:106D9000AECA42535F854353A7C7445360854553EA
:106DA000A6D8465361854753FDC94853E7CE49539A
:106DB000DCBB4A53EBB04B5362854C5363854D5358
:106DC00064854E53AABB4F53ADD050536585515384
:106DD000B0B15253E4D75353BFD75453668555537C
:106DE000A5B55653F4C25753CFC45853678559536A
:106DF00068855A53A9B25B5369855C53B7B25D533A
:106E00006A855E53E5B15F53B2DF6053BCD5615311
:106E1000A8BF6253ACC26353D5D86453B1C26553A3
:106E20006B856653D4D86753D4CE68536C85695349
:106E3000E0DA6A536D856B53C0CE6C536E856D532B
:106E40006F856E53B4D86F53AEC37053A1D37153D3
:106E5000A3CE725370857353B4BC7453B4C87553C6
:106E6000D1C2765371857753EDBE7853B6D079533E
:106E700072857A53E1DA7B5373857C5374857D5335
:106E800075857E5376857F53E4C78053778581531C
:106E900078858253A7B3835379858453F2B685539B
:106EA000FCCC8653FAC087537A8588537B858953F7
:106EB000F7C08A537C858B53B9D18C53E1D18D5364
:106EC000C7D88E537D858F537E859053808591538F
:106ED00081859253828593538385945384859553FA
:106EE000DEB296538585975386859853E5C09953AE
:106EF00087859A53F1BA9B5388859C5389859D5306
:106F0000C8D89E538A859F53ADD4A0538B85A15377
:106F10008C85A253E1CFA353C9D8A4538D85A55323
:106F2000CAD8A653C3CFA7538E85A853F8B3A95385
:106F3000C7BEAA538F85AB539085AC539185AD5393
:106F40009285AE53CBD8AF539385B0539485B1534C
:106F50009585B2539685B3539785B4539885B553A9
:106F60009985B653CCDBB7539A85B8539B85B953F3
:106F70009C85BA539D85BB53A5C8BC539E85BD5304
:106F80009F85BE53A085BF53D8CFC053A185C153A1
:106F9000FEC8C253CEB2C353A285C453A385C55302
:106FA000A485C653A585C753A685C853D6D3C95350
:106FB000E6B2CA53B0BCCB53D1D3CC53ABCBCD5339
:106FC000B4B7CE53A785CF53A885D053A985D15345
:106FD000A2B7D253AA85D353AB85D453E5CAD553B0
:106FE000AC85D653A1C8D753DCCAD853E4B1D95322
:106FF000F0D0DA53AD85DB53D1C5DC53AE85DD531C
:10700000AF85DE53B085DF53C5DBE053FEB5E153FA
:10701000B185E253B285E353DABFE453C5B9E55312
:10702000E4BEE653EDC1E753B385E853B6DFE95359
:10703000B5DFEA53BBD6EB53D0BDEC53D9D5ED53F6
:10704000C8B0EE53A3B6EF53C9BFF053A8CCF15369
:10705000B3DFF253B7CAF353D2D3F453B485F55325
:10706000CFD8F653B6D2F753C5BAF853BECBF953BF
:10707000BECCFA53B585FB53B7DFFC53F0B5FD53D7
:10708000B4DFFE53B685FF53B7850054B88501546D
:10709000F5D30254B9850354D4B30454F7B8055456
:1070A000BA850654BADF0754BB850854CFBA0954D1
:1070B000AABC0A54F5B50B54BC850C54ACCD0D5488
:1070C000FBC30E54F3BA0F54F4C01054C2CD115484
:1070D000F2CF1254B8DF1354C5CF1454BD851554E4
:1070E000C0C21654B9DF1754F0C21854BE851954E3
:1070F000BF851A54C0851B54FDBE1C54C1851D5448
:10710000DFC11E54CCCD1F54F7D22054CDB721542B
:10711000C1DF2254C2852354C4DF2454C3852554BF
:10712000C4852654F1B72754C9B02854D6B629547B
:10713000D4B72A54C5852B54ACBA2C54FDCC2D544D
:10714000D4BF2E54B1CB2F54F4C63054C68531541D
:10715000A8D63254C5DF3354C7853454E2CE3554F3
:10716000B3B33654C8853754C9853854FCCE395426
:10717000B5B43A54CA853B54C7CE3C54F0BA3D54DA
:10718000CB853E54E1CE3F54CC854054BDD14154D3
:10719000CD854254CE854354C0DF4454CF854554F9
:1071A000D0854654F4B44754D1854854CAB34954A1
:1071B000D2854A54E6B84B54BBDF4C54D3854D546A
:1071C000D4854E54D5854F54D6855054C5C451549A
:1071D000D7855254BCDF5354BDDF5454BEDF5554E1
:1071E000BBC55654BFDF5754C2DF5854B1D45954AD
:1071F000C3DF5A54D8855B54BAC75C54D8CE5D54AB
:10720000D9855E54DA855F54DB856054DC85615432
:10721000DD856254D8C46354DE856454CADF655486
:10722000DF856654CFDF6754E0856854DCD6695447
:10723000E1856A54E2856B54E3856C54E4856D54B2
:10724000E5856E54E6856F54E7857054E885715482
:10725000C9DF7254DADF7354B6CE7454E9857554BD
:10726000C7BA7654CEDF7754C8DF7854DEC5795478
:10727000EA857A54EB857B54EBC97C54F4BA7D548F
:10728000FCC37E54EC857F54ED858054D7BE815479
:10729000EE858254C6DF8354EF858454CDDF855458
:1072A000F0858654D8C58754F1858854F285895471
:1072B000F3858A54F4858B54A6D58C54CDBA8D545D
:1072C000F5858E54CCBE8F54BDD39054C0B8915424
:1072D000F6859254E4D69354F7859454C7DF9554B9
:1072E000BEB99654A7BF9754F8859854F985995418
:1072F000FCC19A54CBDF9B54CCDF9C54FA859D543F
:10730000D0DF9E54FB859F54FC85A054FD85A1547D
:10731000FE85A2544086A354DBDFA454E5DFA554C8
:107320004186A654D7DFA754D6DFA854C9D7A9549D
:10733000E3DFAA54E4DFAB54EBE5AC54A7D2AD5481
:10734000D2DFAE544286AF54A9BFB0544386B15485
:10735000DBD4B2544486B354C8BFB454D4DFB5545C
:107360004586B6544686B7544786B854CCCFB954F0
:107370004886BA544986BB54DDDFBC544A86BD54A6
:10738000CAD1BE544B86BF54DEDFC054A7B0C1542F
:10739000B7C6C254D3DFC3544C86C454E5BAC554EF
:1073A0004D86C654DFB6C754DBCDC854FEB9C954A8
:1073B000D5D4CA544E86CB544F86CC54DFDFCD543F
:1073C000ECCFCE54A5B0CF54E7DFD054D1DFD154A9
:1073D000C6D1D254D5DFD354D8DFD454D9DFD55455
:1073E000DCDFD6545086D754A9BBD8545186D95423
:1073F000E0DFDA54E1DFDB545286DC54E2DFDD54B7
:10740000E6DFDE54E8DFDF54B4D3E0545386E154C2
:107410005486E2545586E3545686E4545786E55420
:10742000E7B8E654B6C5E754EADFE854DAC9E954E8
:10743000A8C1EA54C4C4EB545886EC545986ED54A0
:10744000DEBFEE54F8CFEF545A86F0545B86F15409
:107450005C86F254DCD5F354EEDFF4545D86F554CB
:107460005E86F6545F86F7546086F8546186F95458
:107470006286FA54B8B2FB546386FC54DFBAFD54FA
:10748000ECDFFE546486FF54C1DB00556586015570
:10749000E4D102556686035567860455688605550E
:1074A00069860655F4CB0755BDB408556A8609555B
:1074B000A6B00A556B860B556C860C556D860D551E
:1074C0006E860E556F860F55F1DF1055C6CC1155DF
:1074D000F2DF12557086135571861455EDDF155580
:1074E0007286165573861755748618557586195504
:1074F00076861A5577861B55E9DF1C5578861D550B
:1075000079861E557A861F557B862055EBDF2155DF
:107510007C862255EFDF2355F0DF2455BDBB255572
:107520007D8626557E862755F3DF2855808629558A
:1075300081862A55F4DF2B5582862C55A3BB2D5509
:1075400083862E55DBCA2F55A8CE3055A7E031557E
:10755000AAB3325584863355A6E034558586355511
:107560008686365587863755A1E038558886395541
:1075700089863A558A863B558B863C55FEDF3D55BC
:107580008C863E55D9CD3F55FCDF40558D86415503
:10759000FADF42558E864355D0BF4455C4D7455572
:1075A0008F864655CCC94755908648559186495592
:1075B000F8DF4A55A1B04B5592864C5593864D55F0
:1075C00094864E5595864F5596865055FDDF5155FC
:1075D0009786525598865355998654559A8655558F
:1075E000FBDF5655A2E057559B8658559C8659554A
:1075F0009D865A559E865B559F865C55A8E05D55D5
:10760000A0865E55A1865F55A2866055A38661550A
:10761000C8B76255A4866355A5866455A1C665554D
:10762000B6C96655B2C06755F5DF6855A686695577
:10763000A7866A55BEC56B55A8866C55C4D86D55CE
:10764000F9DF6E55F6C46F55A9867055AA86715537
:10765000AB867255AC867355AD867455AE8675553E
:10766000A3E07655A4E07755A5E07855A5D07955E7
:10767000AF867A55B0867B55B4E07C55E4CC7D5519
:10768000B1867E55B1E07F55B2868055A6BF815543
:10769000AFE08255B9CE8355ABE08455C6C9855558
:1076A000B3868655B4868755AEC08855AEE08955F9
:1076B000EDBA8A55B0BA8B55A9E08C55B5868D5573
:1076C000B6868E55B7868F55F6DF9055B88691559C
:1076D000B3E09255B9869355BA869455B8E095555E
:1076E000BB869655BC869755BD869855ADB49955C1
:1076F000B9E09A55BE869B55BF869C55B2CF9D5525
:10770000C8BA9E55C0869F55B0E0A055C186A15508
:10771000C286A255C386A355C486A455C586A55561
:10772000C686A655C786A755FAD0A855C886A955B6
:10773000C986AA55CA86AB55CB86AC55CC86AD5505
:10774000CD86AE55CE86AF55CF86B055D086B155D5
:10775000ACE0B255D186B355FBD4B455D286B555FD
:10776000F7DFB655D386B755E7C5B855D486B955B2
:10777000ADE0BA55D586BB55F7D3BC55D686BD55B9
:10778000B6E0BE55B7E0BF55D786C055D886C155BF
:10779000D986C255DA86C355DB86C455C4E0C555C3
:1077A000E1D0C655DC86C755DD86C855DE86C9558D
:1077B000BCE0CA55DF86CB55E086CC55C9E0CD5537
:1077C000CAE0CE55E186CF55E286D055E386D15545
:1077D000BEE0D255AAE0D355A4C9D455C1E0D555D1
:1077E000E486D655B2E0D755E586D855E686D95514
:1077F000E786DA55E886DB55E986DC55C8CADD55EB
:10780000C3E0DE55EA86DF55B5E0E055EB86E1558D
:10781000CBCEE255EC86E355C3CBE455CDE0E55540
:10782000C6E0E655C2E0E755ED86E855CBE0E95500
:10783000EE86EA55BAE0EB55BFE0EC55C0E0ED55F9
:10784000EF86EE55F086EF55C5E0F055F186F1551F
:10785000F286F255C7E0F355C8E0F455F386F555C6
:10786000CCE0F655F486F755BBE0F855F586F955AA
:10787000F686FA55F786FB55F886FC55F986FD55D0
:10788000D4CBFE55D5E0FF55FA860056D6E001561A
:10789000D2E00256FB860356FC860456FD8605564A
:1078A000FE8606564087075641870856D0E009569F
:1078B000CEBC0A5642870B5643870C56D1E00D5674
:1078C00044870E56C2B80F56C5D810564587115674
:1078D00046871256478713564887145649871556C8
:1078E0004A8716564B8717564C871856EAD01956B2
:1078F0004D871A564E871B56EFC21C564F871D5692
:1079000050871E56CFE01F56BDE0205651872156A6
:107910005287225653872356D4E02456D3E0255667
:107920005487265655872756D7E028565687295616
:1079300057872A5658872B5659872C56DCE02D56E8
:10794000D8E02E565A872F565B8730565C873156C3
:10795000F6D63256B0B333565D873456ECD735562B
:107960005E873656BBCB37565F87385660873956A9
:10797000DAE03A5661873B56FBCE3C5662873D566D
:1079800063873E5664873F56D9BA4056658741564D
:1079900066874256678743566887445669874556C7
:1079A0006A8746566B8747566C8748566D87495697
:1079B0006E874A566F874B5670874C56E1E04D569E
:1079C000DDE04E56ADD24F567187505672875156F4
:1079D000738752567487535675875456E2E055564E
:1079E0007687565677875756DBE05856D9E0595672
:1079F000DFE05A5678875B5679875C56E0E05D5643
:107A00007A875E567B875F567C8760567D87615696
:107A10007E876256DEE0635680876456E4E06556F2
:107A2000818766568287675683876856F7C6695688
:107A3000ACD86A56EBD46B56E6E06C56C9CA6D56A4
:107A400084876E5685876F568687705687877156EE
:107A5000E5E0725688877356898774568A8775560B
:107A60008B877656C1B877568C8778568D8779562E
:107A70008E877A568F877B56E7E07C56E8E07D5606
:107A800090877E5691877F5692878056938781563E
:107A9000948782569587835696878456978785560E
:107AA000E9E08656E3E08756988788569987895695
:107AB0009A878A569B878B569C878C569D878D56B6
:107AC0009E878E56BFBA8F56E7CC90569F879156A9
:107AD000A0879256A1879356EAE09456A2879556BE
:107AE000A3879656A4879756A5879856A687995632
:107AF000A7879A56A8879B56A9879C56AA879D5602
:107B0000AB879E56AC879F56AD87A056AE87A156D1
:107B1000AF87A256B087A356F9CFA456B187A55612
:107B2000B287A656B387A756B487A856B587A95675
:107B3000B687AA56B787AB56B887AC56B987AD5645
:107B4000BA87AE56BB87AF56EBE0B056BC87B1568E
:107B5000BD87B256BE87B356BF87B456C087B556E9
:107B6000C187B656C287B756C2C8B856C387B9567A
:107B7000C487BA56C587BB56C687BC56C0BDBD565E
:107B8000C787BE56C887BF56C987C056CA87C15661
:107B9000CB87C256CC87C356CD87C456CE87C55631
:107BA000CF87C656D087C756D187C856D287C95601
:107BB000D387CA56D2C4CB56D487CC56D587CD5698
:107BC000D687CE56D787CF56D887D056D987D156A5
:107BD000DA87D256DB87D356DC87D456ECE0D5560D
:107BE000DD87D656DE87D756EDE0D856DF87D956E3
:107BF000E087DA56F4C7DB56C4CBDC56E187DD56A6
:107C0000EEE0DE56D8BBDF56B6D8E056F2D2E156EB
:107C1000EFE0E256C5CDE356E287E456DAB6E55624
:107C2000E387E656E487E756E587E856E687E956B0
:107C3000E787EA56E887EB56F1E0EC56E987ED5620
:107C4000B0D4EE56EA87EF56EB87F056A7C0F15650
:107C5000D1B4F256EC87F356ED87F456A7CEF5561D
:107C6000F0E0F656EE87F756EF87F856F087F956AC
:107C7000F2E0FA56CCB9FB56F187FC56F287FD5676
:107C8000FAB9FE56BCCDFF56F3E00057F387015713
:107C9000F4870257F5870357D4C60457F4E0055715
:107CA000F6870657B2D40757F7870857A6C809576B
:107CB000F6E00A57F5E00B57F8870C57F9870D5790
:107CC000FA870E57FB870F57FC871057FD87115710
:107CD000FE8712574088135741881457428815571A
:107CE00043881657448817574588185746881957A8
:107CF00047881A5748881B5749881C57F7E01D5773
:107D00004A881E574B881F57C1CD20574C88215792
:107D10004D8822574E882357A5CA24574F88255788
:107D2000508826575188275752882857DAD4295720
:107D3000D7DB2A57D9DB2B5753882C57D8DB2D5745
:107D4000E7B92E57DCDB2F57DDDB3057D8B531577D
:107D50005488325755883357DADB345756883557AD
:107D60005788365758883757598838575A88395757
:107D7000DBDB3A57A1B33B57DFDB3C575B883D5712
:107D80005C883E57F8BB3F575D884057B7D6415790
:107D90005E884257E0DB43575F8844576088455709
:107DA0006188465762884757F9BE485763884957E4
:107DB00064884A57BBB74B5765884C57D0DB4D5743
:107DC000AECC4E57B2BF4F57B5BB5057F8D75157EF
:107DD000D3BF52576688535767885457688855579A
:107DE000698856576A885757E9BF58576B8859575B
:107DF0006C885A57E1BC5B57B3CC5C57DEDB5D57F0
:107E0000D3B05E57EBCE5F57D8B76057B9D761573D
:107E1000C2C662576D8863576E886457A4C06557A1
:107E20006F886657B9CC675770886857E7DB695722
:107E3000E1DB6A57BAC66B57E3DB6C5771886D5745
:107E4000E8DB6E5772886F57F7C5705773887157A4
:107E50007488725775887357EADB7457768875573C
:107E600077887657E9DB7757C0BF78577888795796
:107E700079887A577A887B57E6DB7C57E5DB7D5734
:107E80007B887E577C887F577D8880577E88815786
:107E900080888257B9B48357ACC08457A2C2855733
:107EA000E2DB8657E4DB87578188885782888957C9
:107EB00083888A5784888B57CDD08C57EDDB8D57BC
:107EC00085888E5786888F578788905788889157DE
:107ED00089889257DDC09357F2DB94578A8895576B
:107EE0008B8896578C8897578D8898578E88995786
:107EF0008F889A5790889B57E2B69C5791889D57D8
:107F000092889E5793889F579488A057F3DBA15778
:107F1000D2DBA257B8B9A357ABD4A457ECDBA55713
:107F20009588A657D1BFA757F0DBA8579688A957C1
:107F3000D1DBAA579788AB57E6B5AC579888AD57B1
:107F4000EBDBAE57E5BFAF579988B0579A88B1576A
:107F50009B88B257EEDBB3579C88B457F1DBB5571B
:107F60009D88B6579E88B7579F88B857F9DBB95791
:107F7000A088BA57A188BB57A288BC57A388BD5711
:107F8000A488BE57A588BF57A688C057A788C157E1
:107F9000A888C257A1B9C357A3B0C457A988C55769
:107FA000AA88C657AB88C757AC88C857AD88C95789
:107FB000AE88CA57AF88CB57F1C2CC57B088CD57DF
:107FC000B188CE57C7B3CF57EFDBD057B288D15760
:107FD000B388D257F8DBD357B488D457D2C6D55715
:107FE000F4DBD657B588D757B688D857F5DBD957BD
:107FF000F7DBDA57F6DBDB57B788DC57B888DD5795
:10800000FEDBDE57B988DF57F2D3E057BAB2E1574B
:10801000BA88E257BB88E357BC88E457FDDBE557D5
:10802000BD88E657BE88E757BF88E857C088E9573C
:10803000C188EA57C288EB57C388EC57C488ED570C
:10804000A4DCEE57C588EF57FBDBF057C688F15725
:10805000C788F257C888F357C988F457FADBF55731
:10806000CA88F657CB88F757CC88F857FCDBF95706
:10807000E0C5FA57F9BBFB57CD88FC57CE88FD57B2
:10808000A3DCFE57CF88FF57D0880058A5DC0158E5
:10809000D1880258C3CC0358D2880458D3880558D5
:1080A000D4880658D1B60758C0DD0858D588095875
:1080B000D6880A58D7880B58A1DC0C58D8880D5898
:1080C000A2DC0E58D9880F58DA881058DB8811586E
:1080D000B5C71258DC881358DD881458DE88155847
:1080E000E9B61658DF881758E0881858E1881958FB
:1080F000A7DC1A58E2881B58E3881C58E4881D58EE
:10810000E5881E58A6DC1F58E6882058A9DC2158AF
:10811000A4B12258E7882358E8882458CCB52558BC
:10812000E9882658EA882758EB882858EC88295887
:10813000ED882A58B0BF2B58EE882C58EF882D5860
:10814000F0882E58F1882F58F2883058DFD13158F6
:10815000F3883258F4883358F5883458F6883558FF
:10816000C2B63658F7883758F8883858F9883958D9
:10817000FA883A58FB883B58FC883C58FD883D58A3
:10818000FE883E5840893F584189405842894158AD
:10819000438942584489435845894458A8DC455886
:1081A000468946584789475848894858498949580F
:1081B0004A894A584B894B584C894C58FACB4D58F0
:1081C000F3EB4E584D894F584E8950584F895158AE
:1081D000DCCB52585089535851895458FECB5558CE
:1081E000528956585389575854895858C1CC5958B0
:1081F00055895A5856895B5857895C5858895D5833
:1082000059895E58FBC85F585A8960585B89615824
:108210005C8962585D8963585E8964585F896558D6
:10822000AADC66586089675861896858628969580C
:1082300063896A5864896B58EECC6C58ABDC6D5816
:1082400065896E5866896F58678970586889715852
:10825000698972586A8973586B8974586C89755822
:108260006D8976586E8977586F89785870897958F2
:1082700071897A5872897B5873897C5874897D58C2
:1082800075897E58D3DB7F5876898058AFDC81585A
:10829000ACDC825877898358B3BE84587889855876
:1082A000FBCA8658798987587A8988587B89895882
:1082B000ADDC8A587C898B587D898C587E898D5895
:1082C00080898E5881898F588289905883899158E6
:1082D00084899258CAC99358B9C4945885899558C5
:1082E000868996588789975888899858898999588E
:1082F000BDC79A58AEDC9B588A899C588B899D587B
:108300008C899E58F6D49F58E6D0A0588D89A158E4
:108310008E89A2588F89A3589089A4589189A5580D
:108320009289A6589389A7589489A858ABC4A9588C
:10833000D5B6AA589589AB589689AC589789AD5847
:108340009889AE589989AF589A89B0589B89B15885
:108350009C89B2589D89B3589E89B4589F89B55855
:10836000A089B658A189B758A289B858A389B95825
:10837000A489BA58A589BB58A689BC58D4DBBD5876
:10838000A789BE58A889BF58A989C058AA89C158C9
:10839000DAB1C258AB89C358AC89C458AD89C55845
:1083A000D5DBC658AE89C758AF89C858B089C958F7
:1083B000B189CA58B289CB58B389CC58B489CD5841
:1083C000B589CE58B689CF58B789D058B889D15811
:1083D000D6DBD258B989D358BA89D458BB89D55875
:1083E000BEBAD658BC89D758BD89D858BE89D95885
:1083F000BF89DA58C089DB58C189DC58C289DD5889
:10840000C389DE58C489DF58C589E058C689E15858
:10841000C789E258C889E358C989E458C0C8E558F3
:10842000CA89E658CB89E758CC89E858CD89E958FC
:10843000CE89EA58CF89EB58BFCAEC58C9C8ED5865
:10844000D089EE58B3D7EF58D189F058F9C9F1580F
:10845000D289F258D389F358C7BFF458D489F55854
:10846000D589F658F8BAF758D689F858D789F958FF
:10847000BCD2FA58D889FB58D989FC58DA89FD58FA
:10848000DB89FE58DC89FF58DD890059DE890159F6
:10849000DF890259BAE20359E0890459A6B40559A3
:1084A000E1890659E2890759B8B10859E3890959A0
:1084B000E4890A59E5890B59E6890C59E7890D5970
:1084C000B4B80E59E8890F59C4CF1059E989115928
:1084D000EA891259EB891359EC891459E7D91559CE
:1084E000A6CF1659E2CD1759ED891859EE891959B9
:1084F000EDD91A59E0B61B59EF891C59B9D21D594B
:10850000F0891E59F1891F59BBB92059F2892159A7
:10851000F3892259F4892359F5892459B9E2255957
:10852000B7E22659F6892759F3B42859F78929590A
:10853000ECCC2A59ABCC2B59F2B72C59F8892D59D0
:10854000B2D82E59EBD12F59BBBA3059F9893159CC
:10855000A7CA3259FA893359FB893459B7CD3559ED
:10856000FC893659FD893759C4D23859E4BF395985
:10857000D0BC3A59E1B63B59FE893C59C5DE3D595C
:10858000408A3E59418A3F59428A4059438A41595B
:10859000C6DE4259BCDB4359448A4459D9D14559B6
:1085A000458A4659468A4759E6C64859CEC449596C
:1085B000EEB74A59478A4B59DCB74C59488A4D594E
:1085C000498A4E59FCBF4F59E0D750594A8A5159F0
:1085D000F5C652594B8A53594C8A5459BCB1555916
:1085E000C8DE5659B1BD5759D7CC5859CADE59596A
:1085F0004D8A5A59C9DE5B594E8A5C594F8A5D597A
:10860000508A5E59518A5F59528A6059ECB5615956
:10861000538A6259DDC96359548A6459558A655928
:10862000C2B06659568A6759578A6859588A695933
:10863000598A6A595A8A6B595B8A6C595C8A6D5996
:108640005D8A6E595E8A6F595F8A7059608A715966
:10865000618A7259628A7359AEC57459ABC575592E
:10866000638A7659CCC47759648A7859E9BC7959B8
:10867000FDCB7A59658A7B59668A7C59678A7D5910
:10868000C3BA7E59688A7F59698A80596A8A815932
:10869000F9E58259E7C88359FAE58459FDCD855932
:1086A0006B8A8659B1D78759BEB88859E8C28959AB
:1086B0006C8A8A59D1C88B596D8A8C596E8A8D59AA
:1086C000FBE58E596F8A8F59708A9059718A91593A
:1086D000728A9259CAB69359CBBC9459738A9559E8
:1086E000748A9659FDD19759A1E69859758A995976
:1086F000EEC39A59768A9B59778A9C59788A9D59F4
:10870000798A9E59A4E69F597A8AA0597B8AA159F1
:108710007C8AA2597D8AA359FEE5A459A5E6A559EC
:10872000D7CDA6597E8AA759808AA859C1B7A95919
:10873000FCE5AA59FDE5AB59A3E6AC59818AAD59D0
:10874000828AAE59DDC4AF59A8E6B059838AB159BF
:10875000848AB259A7E6B359858AB459868AB5592D
:10876000878AB659888AB759898AB8598A8AB9597D
:10877000C3C3BA598B8ABB59DEC6BC598C8ABD5952
:108780008D8ABE59AAE6BF598E8AC0598F8AC159AF
:10879000908AC259918AC359928AC459938AC559F9
:1087A000948AC659B7C4C759958AC859968AC9596F
:1087B000978ACA59A2E6CB59BCCACC59988ACD59D6
:1087C000998ACE599A8ACF599B8AD059E3BDD159FB
:1087D000C3B9D259A6E6D359D5D0D459AFCED559BD
:1087E0009C8AD6599D8AD759A9E6D859B0E6D95955
:1087F0009E8ADA59A6D2DB599F8ADC59AABDDD5977
:10880000ADE6DE59A08ADF59A18AE059A28AE15972
:10881000A38AE259A48AE359AFE6E459A58AE55947
:10882000D1C0E659A68AE759A78AE859CCD2E959B6
:10883000A88AEA59A98AEB59AA8AEC59A7BCED592A
:10884000AB8AEE59AC8AEF59AD8AF059AE8AF1592C
:10885000AF8AF259B08AF359B18AF459B28AF559FC
:10886000B38AF659B48AF759B58AF859B68AF959CC
:10887000B1E6FA59B78AFB59F6D2FC59B88AFD59C4
:10888000B98AFE59BA8AFF59CBD7005ABB8A015A16
:10889000FECD025ABC8A035ADECD045AA6C2055A3E
:1088A000ABE6065AACE6075ABFBD085AAEE6095A0F
:1088B000B3E60A5ABD8A0B5ABE8A0C5AB2E60D5A62
:1088C000BF8A0E5AC08A0F5AC18A105AC28A115AD8
:1088D000B6E6125AC38A135AB8E6145AC48A155A0D
:1088E000C58A165AC68A175AC78A185AEFC4195A1F
:1088F000C88A1A5AC98A1B5ACA8A1C5AC8C41D5A1D
:10890000CB8A1E5ACC8A1F5AEABE205AEFC9215A76
:10891000CD8A225ACE8A235AB7E6245ACF8A255ABC
:10892000F0B6265AD08A275AD18A285AD28A295A8A
:10893000E4C32A5AD38A2B5AD48A2C5AD58A2D5A60
:10894000D68A2E5AD78A2F5AD88A305AD98A315A7B
:10895000E9D3325AB4E6335ADA8A345AB5E6355A8C
:10896000DB8A365AA2C8375ADC8A385ADD8A395A25
:10897000DE8A3A5ADF8A3B5AE08A3C5ABDE63D5AC3
:10898000E18A3E5AE28A3F5AE38A405AB9E6415A9E
:10899000E48A425AE58A435AE68A445AE78A455AA3
:1089A000E88A465AC5C6475AE98A485AEA8A495A5D
:1089B000F1CD4A5ABBE64B5AEB8A4C5AEC8A4D5AD7
:1089C000ED8A4E5AEE8A4F5AEF8A505AF08A515A1F
:1089D000F18A525AF28A535AF38A545AF48A555AEF
:1089E000BCE6565AF58A575AF68A585AF78A595A9F
:1089F000F88A5A5AE9BB5B5AF98A5C5AFA8A5D5A74
:108A0000FB8A5E5AFC8A5F5AFD8A605AFE8A615A66
:108A1000408B625ABEE6635A418B645A428B655A58
:108A2000438B665A448B675ABAE6685A458B695A33
:108A3000468B6A5AB7C06B5A478B6C5A488B6D5A33
:108A4000498B6E5A4A8B6F5A4B8B705A4C8B715AAA
:108A50004D8B725A4E8B735A4F8B745AA4D3755ADE
:108A6000BFE6765AF4C9775AC3E6785A508B795ADA
:108A7000518B7A5AC4E67B5A528B7C5A538B7D5A5F
:108A8000548B7E5A558B7F5AF6D0805A568B815A1A
:108A9000578B825A588B835A598B845A5A8B855AD2
:108AA0005B8B865A5C8B875A5D8B885A5E8B895AA2
:108AB0005F8B8A5A608B8B5A618B8C5A628B8D5A72
:108AC000638B8E5A648B8F5A658B905A668B915A42
:108AD000678B925ABDC3935A688B945A698B955A87
:108AE0006A8B965A6B8B975A6C8B985A6D8B995AE6
:108AF0006E8B9A5AC4C39B5AC2E69C5A6F8B9D5A7E
:108B0000708B9E5A718B9F5A728BA05A738BA15A8D
:108B1000748BA25A758BA35A768BA45A778BA55A5D
:108B2000788BA65A798BA75A7A8BA85A7B8BA95A2D
:108B30007C8BAA5AC1E6AB5A7D8BAC5A7E8BAD5A60
:108B4000808BAE5A818BAF5A828BB05A838BB15ACD
:108B5000848BB25AC7E6B35AB1CFB45A858BB55A93
:108B6000F4EBB65A868BB75A878BB85ACAE6B95A0D
:108B7000888BBA5A898BBB5A8A8BBC5A8B8BBD5A4D
:108B80008C8BBE5AC5E6BF5A8D8BC05A8E8BC15A8C
:108B9000DEBCC25AA9C9C35A8F8BC45A908BC55A1E
:108BA000918BC65A928BC75A938BC85A948BC95AC9
:108BB000B5BCCA5A958BCB5A968BCC5AD3CFCD5ACB
:108BC000978BCE5A988BCF5A998BD05A9A8BD15A71
:108BD0009B8BD25AC8E6D35A9C8BD45AC9E6D55A35
:108BE0009D8BD65ACEE6D75A9E8BD85AD0E6D95A04
:108BF0009F8BDA5AA08BDB5AA18BDC5AD1E6DD5A67
:108C0000A28BDE5AA38BDF5AA48BE05ACBE6E15A43
:108C1000D5B5E25AA58BE35ACCE6E45AA68BE55AC1
:108C2000A78BE65ACFE6E75AA88BE85AA98BE95AF0
:108C3000DBC4EA5AAA8BEB5AC6E6EC5AAB8BED5A68
:108C4000AC8BEE5AAD8BEF5AAE8BF05AAF8BF15A1C
:108C5000CDE6F25AB08BF35AB18BF45AB28BF55A77
:108C6000B38BF65AB48BF75AB58BF85AB68BF95AC0
:108C7000B78BFA5AB88BFB5AB98BFC5ABA8BFD5A90
:108C8000BB8BFE5ABC8BFF5ABD8B005BBE8B015B5E
:108C9000BF8B025BC08B035BC18B045BC28B055B2C
:108CA000C38B065BC48B075BC58B085BC68B095BFC
:108CB000D2E60A5BC78B0B5BC88B0C5BC98B0D5B69
:108CC000CA8B0E5BCB8B0F5BCC8B105BCD8B115BA0
:108CD000CE8B125BCF8B135BD08B145BD18B155B70
:108CE000D28B165BD4E6175BD3E6185BD38B195B8C
:108CF000D48B1A5BD58B1B5BD68B1C5BD78B1D5B18
:108D0000D88B1E5BD98B1F5BDA8B205BDB8B215BE7
:108D1000DC8B225BDD8B235BDE8B245BDF8B255BB7
:108D2000E08B265BE18B275BE28B285BE38B295B87
:108D3000E48B2A5BE58B2B5BE68B2C5BE78B2D5B57
:108D4000E88B2E5BE98B2F5BEA8B305BEB8B315B27
:108D5000EC8B325BD5E6335BED8B345BF8D9355B5E
:108D6000EE8B365BEF8B375BD6E6385BF08B395B8F
:108D7000F18B3A5BF28B3B5BF38B3C5BF48B3D5BA3
:108D8000F58B3E5BF68B3F5BF78B405BD7E6415B39
:108D9000F88B425BF98B435BFA8B445BFB8B455B47
:108DA000FC8B465BFD8B475BFE8B485B408C495BD5
:108DB000418C4A5B428C4B5B438C4C5B448C4D5BDF
:108DC000458C4E5B468C4F5B478C505BD3D7515BD9
:108DD000DDE6525B488C535BDEE6545BD7BF555BE8
:108DE000D0D4565B498C575BD6D7585BE6B4595BF9
:108DF000EFCB5A5BDAE65B5BC3D85C5BCED75D5BDF
:108E0000A2D05E5B4A8C5F5BCFC3605B4B8C615BC7
:108E10004C8C625BDFE6635BBEBC645BC2B9655BC6
:108E2000DBE6665BA7D1675B4D8C685B4E8C695B4C
:108E3000A2BA6A5BCFC26B5B4F8C6C5BABD86D5BCD
:108E4000508C6E5B518C6F5B528C705BEBCA715BAC
:108E5000EEE5725B538C735BDCE6745B548C755B84
:108E6000F5B7765B558C775B568C785B578C795B66
:108E7000588C7A5BE6C87B5B598C7C5B5A8C7D5B3B
:108E8000F5C47E5B5B8C7F5B5C8C805BB2E5815B59
:108E9000FEC4825B5D8C835BFCCB845BB3E5855B4E
:108EA000ACD5865B5E8C875BEED3885BD8CA895B6A
:108EB000B2B08A5B5F8C8B5BCECB8C5BEACD8D5B7B
:108EC000608C8E5B618C8F5BEABA905B628C915B8D
:108ED000638C925B648C935BB5E5945B658C955B6E
:108EE000B4E5965B668C975BDAD7985BD9B9995BEA
:108EF000E6D69A5BA8B69B5BF0CD9C5BCBD29D5B24
:108F0000A6B19E5BB5CA9F5B678CA05BE8B3A15B13
:108F1000F3C9A25BCDBFA35BFBD0A45BD2CAA55BA8
:108F2000B6E5A65BC2BBA75B688CA85B698CA95B36
:108F30006A8CAA5BDCCFAB5BACB9AC5B6B8CAD5B1A
:108F40006C8CAE5B6D8CAF5B6E8CB05BD7D4B15B61
:108F50006F8CB25B708CB35BA6BAB45BE7D1B55BC8
:108F6000FCCFB65BD2BCB75B718CB85BB7E5B95BC5
:108F7000DDC8BA5B728CBB5B738CBC5B748CBD5BF5
:108F8000EDBFBE5BF6B1BF5BDECBC05B758CC15B7A
:108F9000768CC25BC5BCC35B778CC45BC4BCC55B51
:108FA000FAD2C65BDCC3C75BDCBFC85B788CC95B2D
:108FB000798CCA5B7A8CCB5B7B8CCC5BBBB8CD5B92
:108FC0007C8CCE5B7D8CCF5B7E8CD05BC2C3D15B57
:108FD000808CD25BAEBAD35BA2D4D45B818CD55BE0
:108FE000828CD65B838CD75B848CD85B858CD95B79
:108FF000868CDA5B878CDB5B888CDC5B898CDD5B49
:10900000DEC7DE5BAFC4DF5BECB2E05B8A8CE15BAA
:10901000D1B9E25B8B8CE35B8C8CE45BBBE5E55BFD
:10902000C8C1E65B8D8CE75B8E8CE85BAFD5E95BF6
:109030008F8CEA5B908CEB5B918CEC5B928CED5BA4
:10904000938CEE5BBCE5EF5B948CF05BBEE5F15B73
:10905000958CF25B968CF35B978CF45B988CF55B4C
:10906000998CF65B9A8CF75B9B8CF85BE7B4F95BA9
:10907000D4B6FA5BC2CBFB5BB0D1FC5BBCB5FD5B8D
:109080009C8CFE5B9D8CFF5BD9CA005C9E8C015C56
:10909000E2B7025C9F8C035CA08C045CE4C9055CB5
:1090A000A18C065CABBD075CA28C085CA38C095C40
:1090B000BECE0A5CF0D70B5CA48C0C5CA58C0D5C5E
:1090C000A68C0E5CA78C0F5CA1D0105CA88C115CE8
:1090D000D9C9125CA98C135CAA8C145CFBB6155C14
:1090E000D8E6165CE2BC175CAB8C185CBEB3195CAE
:1090F000AC8C1A5CD0C91B5CAD8C1C5CD9E61D5CC9
:10910000A2B31E5CAE8C1F5CAF8C205CB08C215C6B
:10911000B18C225CCCDE235CB28C245CC8D3255C91
:10912000CDDE265CB38C275CA2D2285CB48C295C93
:10913000B58C2A5CB68C2B5CB78C2C5CCEDE2D5C9F
:10914000B88C2E5CB98C2F5CBA8C305CBB8C315CDB
:10915000CDBE325CBC8C335CBD8C345CCFDE355C08
:10916000BE8C365CBF8C375CC08C385CACCA395C5A
:10917000FCD23A5CDFB33B5CEAE53C5CE1C43D5CBD
:10918000A1BE3E5CB2CE3F5CF2C4405CD6BE415C48
:10919000A8C6425CE3B2435CC18C445CC28C455CB3
:1091A000D3BE465CC38C475CC48C485CFCC7495C3E
:1091B000EBCC4A5CECBD4B5CDDCE4C5CC58C4D5CB5
:1091C000C68C4E5CBACA4F5CC1C6505CECE5515CC3
:1091D000BCD0525CC78C535CC88C545CC98C555C49
:1091E000B9D5565CCA8C575CCB8C585CCC8C595C1E
:1091F000EDE55A5CCD8C5B5CCE8C5C5CCF8C5D5CB1
:10920000D08C5E5CF4CA5F5CD18C605CC0CD615C6C
:10921000C5C2625CD28C635CEFE5645CD38C655C38
:10922000C4C2665CF0E5675CD48C685CD58C695C14
:10923000D68C6A5CD78C6B5CD88C6C5CD98C6D5C82
:10924000DA8C6E5CF8E56F5CCDCD705CDB8C715CAC
:10925000BDC9725CDC8C735CDD8C745CDE8C755C0F
:10926000DF8C765CE08C775CE18C785CE28C795CFE
:10927000D9D27A5CA8E17B5CE38C7C5CE48C7D5C7D
:10928000E58C7E5CE68C7F5CECD3805CE78C815C5B
:10929000EACB825CF1C6835CE88C845CE98C855CFB
:1092A000EA8C865CEB8C875CEC8C885CACE1895C3E
:1092B000ED8C8A5CEE8C8B5CEF8C8C5CA7E18D5C1A
:1092C000A9E18E5CF08C8F5CF18C905CAAE1915CE2
:1092D000AFE1925CF28C935CF38C945CEDB2955CA4
:1092E000F48C965CABE1975CDAB8985CADE1995C84
:1092F000AEE19A5CB0E19B5CBAB59C5CB1E19D5C6F
:10930000F58C9E5CF68C9F5CF78CA05CF88CA15C65
:10931000F98CA25CB3E1A35CB8E1A45CFA8CA55C17
:10932000FB8CA65CFC8CA75CFD8CA85CFE8CA95C0D
:10933000D2D1AA5C408DAB5CB6E1AC5CB5E1AD5C72
:10934000EBC1AE5C418DAF5C428DB05C438DB15CD6
:10935000B7E1B25C448DB35CC0D4B45C458DB55C00
:10936000B2E1B65C468DB75CBAE1B85CB6B0B95C48
:10937000478DBA5C488DBB5C498DBC5C4A8DBD5C39
:10938000B4E1BE5C4B8DBF5CF9BFC05C4C8DC15C71
:10939000B9E1C25C4D8DC35C4E8DC45CBBE1C55C64
:1093A0004F8DC65C508DC75C518DC85C528DC95CB9
:1093B000538DCA5C548DCB5CBEE1CC5C558DCD5CCD
:1093C000568DCE5C578DCF5C588DD05C598DD15C5D
:1093D0005A8DD25CBCE1D35C5B8DD45C5C8DD55C7A
:1093E0005D8DD65C5E8DD75C5F8DD85C608DD95C01
:1093F000C5D6DA5C618DDB5C628DDC5C638DDD5C27
:10940000648DDE5C658DDF5C668DE05C678DE15CA4
:10941000BFCFE25C688DE35C698DE45CBDE1E55C37
:10942000BFE1E65CCDC2E75C6A8DE85CEBB6E95C67
:109430006B8DEA5CF8D3EB5C6C8DEC5C6D8DED5C58
:10944000CDC7EE5C6E8DEF5C6F8DF05CE5B7F15CC7
:10945000708DF25C718DF35C728DF45C738DF55CD4
:10946000748DF65C758DF75C768DF85C778DF95CA4
:10947000788DFA5C798DFB5CFEBEFC5C7A8DFD5CC0
:109480007B8DFE5C7C8DFF5C7D8D005D7E8D015D46
:10949000808D025DC0E1035DC1E1045D818D055DEC
:1094A000828D065DC7E1075DE7B3085D838D095DC9
:1094B000848D0A5D858D0B5D868D0C5D878D0D5DC0
:1094C000888D0E5DE9C60F5D898D105D8A8D115DF9
:1094D0008B8D125D8C8D135D8D8D145DDEB4155DED
:1094E0008E8D165DC2D1175D8F8D185D908D195DC3
:1094F000918D1A5D928D1B5DC8E11C5D938D1D5D84
:10950000948D1E5DC6E11F5D958D205D968D215D5C
:10951000978D225D988D235D998D245DC5E1255D34
:109520009A8D265DC3E1275DC2E1285D9B8D295D93
:10953000C0B12A5D9C8D2B5D9D8D2C5D9E8D2D5D1A
:10954000B8D52E5DC4E12F5D9F8D305DA08D315D5E
:10955000A18D325DA28D335DA38D345DCBE1355D90
:10956000A48D365DA58D375DA68D385DA78D395DDF
:10957000A88D3A5DA98D3B5DAA8D3C5DAB8D3D5DAF
:10958000CCE13E5DCAE13F5DAC8D405DAD8D415D9E
:10959000AE8D425DAF8D435DB08D445DB18D455D57
:1095A000B28D465DB38D475DFAEF485DB48D495D80
:1095B000B58D4A5DD3E14B5DD2E14C5DB6C74D5DE3
:1095C000B68D4E5DB78D4F5DB88D505DB98D515DD7
:1095D000BA8D525DBB8D535DBC8D545DBD8D555DA7
:1095E000BE8D565DBF8D575DC08D585DC9E1595D1B
:1095F000C18D5A5DC28D5B5DCEE15C5DC38D5D5DED
:10960000D0E15E5DC48D5F5DC58D605DC68D615DC1
:10961000C78D625DC88D635DC98D645DCA8D655DF2
:10962000CB8D665DCC8D675DCD8D685DCE8D695DC2
:10963000D4E16A5DCF8D6B5DD1E16C5DCDE16D5D97
:10964000D08D6E5DD18D6F5DCFE1705DD28D715D1E
:10965000D38D725DD48D735DD58D745DD5E1755DEF
:10966000D68D765DD78D775DD88D785DD98D795D16
:10967000DA8D7A5DDB8D7B5DDC8D7C5DDD8D7D5DE6
:10968000DE8D7E5DDF8D7F5DE08D805DE18D815DB6
:10969000E28D825DD6E1835DE38D845DE48D855D41
:1096A000E58D865DE68D875DE78D885DE88D895D5A
:1096B000E98D8A5DEA8D8B5DEB8D8C5DEC8D8D5D2A
:1096C000ED8D8E5DEE8D8F5DEF8D905DF08D915DFA
:1096D000F18D925DF28D935DF38D945DF48D955DCA
:1096E000F58D965DF68D975DF78D985DF88D995D9A
:1096F000D7E19A5DF98D9B5DFA8D9C5DFB8D9D5D3B
:10970000D8E19E5DFC8D9F5DFD8DA05DFE8DA15D10
:10971000408EA25D418EA35D428EA45D438EA55D09
:10972000448EA65D458EA75D468EA85D478EA95DD9
:10973000488EAA5D498EAB5D4A8EAC5D4B8EAD5DA9
:109740004C8EAE5D4D8EAF5D4E8EB05D4F8EB15D79
:10975000508EB25D518EB35D528EB45D538EB55D49
:10976000548EB65D558EB75DDAE1B85D568EB95D43
:10977000578EBA5D588EBB5D598EBC5D5A8EBD5DED
:109780005B8EBE5D5C8EBF5D5D8EC05D5E8EC15DBD
:109790005F8EC25D608EC35D618EC45D628EC55D8D
:1097A000DBE1C65D638EC75D648EC85D658EC95D95
:1097B000668ECA5D678ECB5D688ECC5D698ECD5D31
:1097C000A1CECE5D6A8ECF5D6B8ED05D6C8ED15D8D
:1097D0006D8ED25D6E8ED35D6F8ED45D708ED55DD5
:1097E000718ED65D728ED75D738ED85D748ED95DA5
:1097F000758EDA5D768EDB5DDDE7DC5D778EDD5DB7
:10980000A8B4DE5DDDD6DF5D788EE05D798EE15D4A
:10981000B2D1E25DB2B3E35D7A8EE45D7B8EE55D4D
:10982000A4B9E65DF3D7E75DC9C7E85DDEBEE95DD3
:10983000AEB9EA5D7C8EEB5DD7CEEC5D7D8EED5DE5
:109840007E8EEE5DEEB2EF5DCFDBF05D808EF15D82
:10985000BABCF25DD1D2F35DC8CBF45DCDB0F55D9D
:10986000818EF65D828EF75DEFCFF85D838EF95DB8
:10987000848EFA5D858EFB5D868EFC5D878EFD5D38
:10988000E3D9FE5DEDBDFF5D888E005E898E015ED1
:10989000D2B1025ED0CA035EBCB2045E8A8E055E9F
:1098A000A7CB065EABB7075E8B8E085EA6CA095EC5
:1098B0008C8E0A5E8D8E0B5E8E8E0C5EA3CF0D5E3F
:1098C0008F8E0E5E908E0F5EF8E0105ECAD5115E30
:1098D000FBE0125E918E135E928E145EFAE0155ECE
:1098E000C1C5165EFBCC175E938E185EB1C1195EC2
:1098F000F9E01A5EE3D61B5EAFB21C5EC4D61D5EF5
:10990000DBB51E5E948E1F5E958E205E968E215E68
:10991000978E225E988E235E998E245E9A8E255EA7
:109920009B8E265EF8B4275EA1D6285E9C8E295EAB
:109930009D8E2A5E9E8E2B5E9F8E2C5EA08E2D5E4F
:10994000AFCF2E5EEFB02F5EA18E305EA28E315E65
:10995000FCE0325EA38E335EA48E345EA58E355E4F
:10996000A68E365EA78E375EA1E1385EA3B3395E60
:10997000A88E3A5EA98E3B5EFDE03C5EFEE03D5E59
:10998000B1C33E5EAA8E3F5EAB8E405EAC8E415E42
:10999000AD8E425EDDC3435EAE8E445EA2E1455EA7
:1099A000F9B7465EAF8E475EB08E485EB18E495EB7
:1099B000B28E4A5EB38E4B5EB48E4C5ECFBB4D5EB4
:1099C000B58E4E5EB68E4F5EB78E505EB88E515ECF
:1099D000B98E525EBA8E535EBB8E545EA3E1555E65
:1099E000BBC4565EBC8E575EBD8E585EBE8E595E41
:1099F000BF8E5A5EC08E5B5EA4E15C5EC18E5D5E12
:109A0000C28E5E5EA5E15F5EC38E605EC48E615EE7
:109A1000A6E1625EB1B4635EC58E645EC68E655EAD
:109A2000C78E665EC88E675EC98E685ECA8E695EC6
:109A3000CB8E6A5ECC8E6B5ECD8E6C5ECE8E6D5E96
:109A4000CF8E6E5ED08E6F5ED18E705ED28E715E66
:109A5000D38E725EC9B8735EBDC6745EEAC4755EAD
:109A6000D48E765EA2B2775ED58E785ED2D0795EE5
:109A7000D68E7A5EDBE77B5EC3BB7C5ED7D37D5E32
:109A8000C4D37E5ED78E7F5EE3B9805ECFE2815E17
:109A9000D88E825ED98E835EDA8E845EAFD7855E85
:109AA000DB8E865EECC7875ED3B1885EDC8E895E16
:109AB000DD8E8A5EB2B48B5ED1E28C5EDE8E8D5E10
:109AC000DF8E8E5EE08E8F5EF2D0905EAEC2915ED3
:109AD000D0E2925EE18E935EE2BF945EA6D3955E85
:109AE000D7B5965ED2E2975EEAB5985EE28E995E51
:109AF000EDC39A5EFDB89B5EE38E9C5EAEB89D5E44
:109B0000E48E9E5ED3C59F5ECFB7A05ED4E2A15E19
:109B1000E58EA25EE68EA35EE78EA45EE88EA55E6D
:109B2000D3E2A65EC8B6A75EF9D7A85EE98EA95EA5
:109B3000EA8EAA5EEB8EAB5EEC8EAC5EED8EAD5E19
:109B4000A5CDAE5EEE8EAF5EEF8EB05EF08EB15EF6
:109B5000F18EB25EF28EB35ED8E2B45EF38EB55E85
:109B6000D6E2B65EFCCAB75EB5BFB85EB9D3B95E21
:109B7000D5E2BA5EF48EBB5EF58EBC5EF68EBD5E3F
:109B8000F78EBE5ED7E2BF5EF88EC05EF98EC15E14
:109B9000FA8EC25EFB8EC35EFC8EC45EFD8EC55E19
:109BA000FE8EC65E408FC75E418FC85E428FC95E23
:109BB000AEC1CA5EC8C0CB5E438FCC5E448FCD5E63
:109BC000458FCE5E468FCF5E478FD05E488FD15E89
:109BD000DBE2D25EDAE2D35EAAC0D45E498FD55E04
:109BE0004A8FD65ECEC1D75E4B8FD85E4C8FD95E82
:109BF0004D8FDA5E4E8FDB5EDCE2DC5E4F8FDD5E2A
:109C0000508FDE5E518FDF5E528FE05E538FE15EDC
:109C1000548FE25E558FE35E568FE45E578FE55EAC
:109C2000588FE65E598FE75E5A8FE85EDDE2E95EA7
:109C30005B8FEA5EDEE2EB5E5C8FEC5E5D8FED5E7D
:109C40005E8FEE5E5F8FEF5E608FF05E618FF15E24
:109C5000628FF25E638FF35E648FF45EC8DBF55E45
:109C6000658FF65ED3D1F75EA2CDF85E668FF95EA2
:109C7000678FFA5EA8BDFB5E688FFC5E698FFD5E34
:109C80006A8FFE5EC3DEFF5EA5D8005FAABF015FDC
:109C9000CDDB025FECD2035FFAC6045FAAC5055FA5
:109CA0006B8F065F6C8F075F6D8F085FC4DE095F87
:109CB0006E8F0A5FD7B10B5FAEDF0C5F6F8F0D5FEA
:109CC000708F0E5F718F0F5FBDCA105F728F115F53
:109CD000B1DF125F738F135FADB9145F748F155FBF
:109CE000FDD2165F758F175FA5B8185FEBBA195FC5
:109CF000768F1A5F778F1B5FDAB31C5F788F1D5FDB
:109D0000798F1E5F7A8F1F5FDCB5205FC5D5215F1D
:109D10007B8F225F7C8F235F7D8F245F7E8F255F0B
:109D2000D6C3265FD2CF275FA1BB285F808F295F74
:109D3000F3E52A5FF2E52B5F818F2C5F828F2D5F29
:109D4000F4E52E5F838F2F5FE4CD305F848F315F2A
:109D5000F5C8325F858F335F868F345F878F355FBD
:109D6000888F365F898F375F8A8F385F8B8F395F37
:109D7000AFB53A5FBFC73B5F8C8F3C5FF6E53D5F99
:109D80008D8F3E5F8E8F3F5F8F8F405FB0EC415F66
:109D9000908F425F918F435F928F445F938F455FB7
:109DA000948F465F958F475F968F485F978F495F87
:109DB000988F4A5F998F4B5F9A8F4C5F9B8F4D5F57
:109DC0009C8F4E5F9D8F4F5F9E8F505FE6E5515F8A
:109DD0009F8F525FE9B9535FB1B5545FA08F555F54
:109DE000BCC2565FE8E5575FE7E5585FE9E5595FB4
:109DF000A18F5A5FA28F5B5FA38F5C5FA48F5D5FB3
:109E0000CDD25E5FA58F5F5FA68F605FA78F615F1A
:109E1000EAE1625FCED0635FA88F645FAECD655F1D
:109E2000A98F665FE5D1675FAA8F685FAB8F695FB7
:109E3000CAB26A5FEBB16B5FAC8F6C5FF2B16D5F02
:109E4000EDC56E5FAD8F6F5FAE8F705FC3D5715F15
:109E5000B0D3725FAF8F735FDCE1745FB08F755FFB
:109E6000B18F765FB28F775FDDE1785FB38F795F17
:109E7000DBD27A5FB48F7B5FB9B37C5FCBB17D5FA0
:109E8000B58F7E5FB68F7F5FB78F805FF9CD815FC3
:109E9000F7D5825FDEE1835FB88F845FB6BE855FF2
:109EA000FDB4865FB98F875FDFE1885FDCBA895FC9
:109EB000E0E18A5FB2BB8B5FC9C28C5FE1E18D5F7D
:109EC000BA8F8E5FBB8F8F5FBC8F905FECD0915F3E
:109ED000BD8F925FBDCD935FBE8F945FBF8F955F47
:109EE000E2E1965FC08F975FC3B5985FC7C5995F82
:109EF000E3E19A5FC18F9B5FC28F9C5FE4E19D5F4E
:109F0000C38F9E5FC48F9F5FC58FA05FC68FA15F09
:109F1000F9D3A25FC78FA35FC88FA45FC98FA55F66
:109F2000CA8FA65FCB8FA75FCC8FA85FE5E1A95F43
:109F3000CD8FAA5FADD1AB5FCE8FAC5FCF8FAD5F62
:109F4000E6E1AE5FA2CEAF5FD08FB05FD18FB15FE1
:109F5000D28FB25FD38FB35FD48FB45FD58FB55F2D
:109F6000E7E1B65FD68FB75FC2B5B85FD78FB95F8D
:109F7000D88FBA5FD98FBB5FDA8FBC5FE8E1BD5F76
:109F8000D5BBBE5FDB8FBF5FDC8FC05FDD8FC15F86
:109F9000DE8FC25FDF8FC35FC4D0C45FE0E2C55F06
:109FA000D8B1C65FE4D2C75FE08FC85FE18FC95FF9
:109FB000E1E2CA5FE28FCB5FE38FCC5FC9BCCD5FCC
:109FC000CCC8CE5FE48FCF5FE3E2D05FFEECD15F21
:109FD000FDECD25FAFDFD35FE58FD45FE68FD55F57
:109FE000E78FD65FE2E2D75FBED6D85FFCCDD95F00
:109FF000A6C3DA5FE88FDB5FE98FDC5FEA8FDD5FA6
:10A00000C3E3DE5FEB8FDF5FEC8FE05FD2D6E15F13
:10A01000E7E2E25FED8FE35FEE8FE45FE8E2E55FAA
:10A02000EF8FE65FF08FE75FC7D3E85FF18FE95FFF
:10A03000F28FEA5FECE2EB5FECBFEC5FF38FED5F7A
:10A04000EDE2EE5FE5E2EF5FF48FF05FF58FF15F39
:10A05000C0B3F25FF68FF35FF78FF45FF88FF55FB1
:10A06000EEC4F65FF98FF75FFA8FF85FEEE2F95F03
:10A07000FB8FFA5FFC8FFB5FC3D0FC5FFD8FFD5F42
:10A08000F6BAFE5FE9E2FF5FDEB70060B3BB0160D6
:10A09000ACCC0260CBCB0360E4E20460E6E2056096
:10A0A000EAE20660EBE20760FE8F0860409009601C
:10A0B00041900A60F7E20B6042900C6043900D60A3
:10A0C000F4E20E60F5D40F60F3E21060449011608A
:10A0D00045901260ADC5136046901460FAD51560C6
:10A0E000C2C51660C0B217604790186048901960EA
:10A0F000EFE21A6049901B60F2E21C60AFC11D6084
:10A10000BCCB1E604A901F604B902060A1B52160BF
:10A11000F9E222604C9023604D9024604E902560BF
:10A12000B1BC2660F1E22760D4D02860B9D42960A0
:10A13000F5E22A60D6B92B60F6E22C604F902D60D4
:10A1400050902E6051902F60D3C730605290316094
:10A15000539032605490336055903460569035601F
:10A16000F0E2366057903760589038605990396007
:10A170005A903A605B903B60DCD73C60A1ED3D605B
:10A180005C903E605D903F60F8E240605E904160B0
:10A19000A5ED4260FEE24360D1CA44605F90456035
:10A1A000609046606190476062904860639049604B
:10A1B00064904A6065904B60B5C14C6066904D609C
:10A1C000D0BB4E6067904F6068905060D6BF5160C2
:10A1D00069905260E3BA53606A9054606B90556026
:10A1E000A1CB56606C9057606D9058606E9059602E
:10A1F000A6ED5A60A3ED5B606F905C6070905D604F
:10A20000A2ED5E6071905F607290606073906160BB
:10A2100074906260D6BB6360A7ED6460F4D0656043
:10A220007590666076906760A4ED6860DEBA6960DC
:10A23000F7B66A60A1E36B60B2B66C60F1CC6D609A
:10A24000A7B96E6077906F60A2CF7060A1C7716090
:10A250007890726079907360D2BF74607A90756004
:10A260007B907660F1B677607C907860FAE27960F6
:10A27000FBE27A60FDE27B60FCE27C60D5C47D603D
:10A28000A2E37E607D907F60C1D380607E9081601C
:10A290008090826081908360A7E38460C4C78560FA
:10A2A00082908660839087608490886085908960C2
:10A2B000A4CF8A6086908B6087908C60A9E38D60C4
:10A2C000B7BA8E6088908F60899090608A90916014
:10A2D0008B909260A8E393608C909460DABB956059
:10A2E0008D909660A3E397608E9098608F909960B0
:10A2F00090909A60A4E39B60AAE39C6091909D601B
:10A30000A6E39E6092909F60F2CEA060C6D3A1604B
:10A310009390A2609490A360BCBBA4609590A5604C
:10A320009690A660C3D4A7609790A860FAC4A9606D
:10A330009890AA609990AB60A8EDAC60FCD0AD603D
:10A34000A5E3AE609A90AF60F5C3B0609B90B1603A
:10A35000ADE3B260AFB1B3609C90B460B2E3B560FE
:10A360009D90B6609E90B7609F90B860C2BCB96087
:10A37000A090BA60A190BB60ACE3BC60BFB5BD600B
:10A38000A290BE60A390BF60A490C060A590C16081
:10A39000A690C260A790C360A890C460A990C56051
:10A3A000E9C7C660B0E3C760AA90C860AB90C96057
:10A3B000AC90CA60AABECB60EFCDCC60AD90CD6052
:10A3C000AE90CE60AF90CF60B090D060B190D160D1
:10A3D000F3BBD260B290D360B390D460B490D56038
:10A3E000E8CCD660B590D760B690D860AFE3D960BE
:10A3F000B790DA60B1E3DB60B890DC60A7CFDD60D6
:10A40000AEE3DE60B990DF60A9CEE060DDBBE16065
:10A41000BA90E260BB90E360BC90E460BD90E56000
:10A42000BE90E660EBB5E760E5BEE860D2B2E960F9
:10A43000CDB3EA60BF90EB60B9B1EC60ABE3ED6027
:10A44000D1B2EE60ACB5EF60DFB9F060E8B6F160B4
:10A45000C090F260C190F360EBCFF460B7E3F560B9
:10A46000C290F660CCBBF760C390F860C490F9600E
:10A47000C7C8FA60CAD0FB60C590FC60C690FD609A
:10A48000C790FE60C890FF60C9900061B8E30161A9
:10A49000EEB30261CA900361CB900461CC90056178
:10A4A000CD900661A9ED0761CE900861FAD30961EC
:10A4B000E4D30A61CF900B61D0900C61D1900D6113
:10A4C000AAED0E61B9E30F61E2D21061D290116181
:10A4D000D3901261D4901361D5901461D690156118
:10A4E000B5E31661D7901761D8901861D9901961BA
:10A4F000DA901A61DED31B61DB901C61DC901D6178
:10A50000DD901E61DE901F61D0B82061B3E3216150
:10A51000DF902261E0902361B6E32461DFB725611B
:10A52000E1902661B4E32761A2C02861E29029612D
:10A53000E3902A61E4902B61BAE32C61E5902D61F0
:10A54000E6902E61E7902F61E8903061E9903161EB
:10A55000EA903261EB903361EC903461ED903561BB
:10A56000EE903661EF903761F0903861F19039618B
:10A57000F2903A61F3903B61F4903C61F5903D615B
:10A58000F6903E61F7903F61B8D44061F890416128
:10A59000F9904261FA904361FB904461FC904561FF
:10A5A000FD904661FE90476140914861C8B44961A1
:10A5B00041914A61BBE34B6142914C61C5BB4D6126
:10A5C00043914E61F7C94F6144915061459151618A
:10A5D000E5C9526146915361479154614891556173
:10A5E000BDC45661499157614A9158614B91596177
:10A5F0004C915A614D915B614E915C614F915D61EF
:10A60000ABED5E6150915F6151916061529161610A
:10A6100053916261FDC263615491646155916561BA
:10A620005691666157916761DBBB6861AEBF696136
:10A6300058916A6159916B615A916C615B916D613E
:10A640005C916E615D916F615E917061BFCE716171
:10A650005F917261609173616191746162917561E2
:10A66000BCE3766163917761B6BF7861649179618B
:10A6700065917A6166917B6167917C6168917D618A
:10A6800069917E616A917F616B9180616C9181615A
:10A690006D9182616E9183616F918461709185612A
:10A6A00071918661729187617391886174918961FA
:10A6B00075918A6176918B61EFB18C6177918D6133
:10A6C00078918E61F7D48F61799190617A919161DF
:10A6D0007B9192617C9193617D919461BEE39561E0
:10A6E0007E91966180919761819198618291996143
:10A6F00083919A6184919B6185919C6186919D6112
:10A70000ADED9E6187919F618891A0618991A16162
:10A710008A91A2618B91A3618C91A4618D91A561B5
:10A720008E91A6618F91A761BFE3A861A9BAA961C3
:10A73000ACEDAA619091AB619191AC61BDE3AD616B
:10A740009291AE619391AF619491B0619591B16135
:10A750009691B2619791B3619891B4619991B56105
:10A760009A91B6619B91B761C0E3B8619C91B96160
:10A770009D91BA619E91BB619F91BC61A091BD61A9
:10A78000A191BE61B6BABF61A291C061A391C1613E
:10A79000A491C261AEB6C361A591C461A691C56121
:10A7A000A791C661A891C761A991C861B8D0C961D4
:10A7B000AA91CA61C3B0CB61AEEDCC61AB91CD6162
:10A7C000AC91CE61AD91CF61AE91D061AF91D161CD
:10A7D000AFEDD261C1C0D361B091D461C1E3D561A5
:10A7E000B191D661B291D761B391D861B491D96179
:10A7F000B591DA61B691DB61B791DC61B891DD6149
:10A80000B991DE61BA91DF61BB91E061BC91E16118
:10A81000BD91E261BE91E361BF91E461C091E561E8
:10A82000C191E661B3C5E761C291E861C391E96195
:10A83000C491EA61C591EB61C691EC61C791ED618C
:10A84000C891EE61C991EF61CA91F061CB91F1615C
:10A85000CC91F261CD91F361CE91F461CF91F5612C
:10A86000C2E3F661D091F761D191F861D291F961BB
:10A87000D391FA61D491FB61D591FC61D691FD61D0
:10A88000D791FE61D891FF61B2DC0062D99101627B
:10A89000DA910262DB910362DC910462DD91056270
:10A8A000DE910662B0ED0762DF910862EAB80962E4
:10A8B000E0910A62ECCE0B62A7EA0C62E7D00D626F
:10A8C000F9CA0E62D6C80F62B7CF1062C9B311625F
:10A8D000D2CE1262E4BD1362E1911462E29115627C
:10A8E000DEE31662F2BB1762A8EA1862BDD51962F0
:10A8F000E3911A62DDC61B62A9EA1C62E4911D6243
:10A90000E5911E62E6911F62AAEA2062E791216248
:10A91000ACEA2262ABEA2362E8912462AEEA2562E5
:10A92000ADEA2662E9912762EA912862EB912962F9
:10A93000EC912A62D8BD2B62ED912C62AFEA2D62B8
:10A94000EE912E62BEC22F62EF913062F0913162C1
:10A95000F1913262F2913362C1B43462F7B435627C
:10A96000F3913662F4913762A7BB3862F591396290
:10A97000F6913A62F7913B62F8913C62F9913D623F
:10A98000E6EC3E62E5EC3F62BFB74062F9CB416264
:10A99000E2B14262FA914362E7EC4462FB914562A4
:10A9A000FC914662FD914762C8C94862E8EC496281
:10A9B000E9EC4A62FE914B62D6CA4C62D0DE4D622F
:10A9C000C5B24E62FAD44F624092506241925162D7
:10A9D000CBC65262C7B05362F2B45462D3C8556258
:10A9E000429256624392576244925862D0CD596265
:10A9F00045925A6246925B62B8BF5C6247925D6262
:10AA000048925E6249925F624A9260624B926162D2
:10AA10004C9262624D926362DBBF64624E926562E9
:10AA20004F926662A4C76762B4D668625092696248
:10AA3000A9C06A62D1DE6B62A8C96C62EFD16D6297
:10AA4000A4C56E62E7B06F62B6B37062C5C87162CA
:10AA50005192726252927362E2B074625392756262
:10AA600054927662F6B7776255927862569279621E
:10AA7000FAC57A6257927B6258927C62F3B67D6225
:10AA800059927E62D2D57F62D0B38062BCBC8162B3
:10AA90005A9282625B9283625C928462ADB38562F9
:10AAA0005D9286625E9287625F928862609289623E
:10AAB000F1BE8A62D1B08B6261928C6262928D62C9
:10AAC00063928E6264928F626592906266929162E6
:10AAD000D6D29262E3CA9362A5D7946267929562D6
:10AAE000B6CD9662B6B69762B9BF9862DBD5996269
:10AAF00068929A62A7B89B62D7C59C6269929D6270
:10AB00006A929E626B929F62D2DEA062D9BFA162FE
:10AB1000D5C2A262C0C7A3626C92A462A4BBA562A4
:10AB2000A8B1A6626D92A7626E92A862EAC5A962F8
:10AB30006F92AA627092AB62FBC5AC62A7CCAD62A9
:10AB40007192AE627292AF627392B0627492B162AD
:10AB5000A7B1B2627592B3627692B4627792B5622F
:10AB6000D6B5B6627892B7627992B8627A92B962D3
:10AB7000A8C4BA627B92BB62D3DEBC62BAD1BD62AA
:10AB8000E9B3BE627C92BF62F2C3C0627D92C162D1
:10AB90007E92C262F7B7C3628092C462F4D6C56285
:10ABA000A3B5C662F0B2C762B4C4C862E9C4C962E0
:10ABB000ADC0CA62D4DECB628192CC62E8B0CD6215
:10ABC000C4C5CE62E0C1CF628292D062D5B9D162F3
:10ABD0008392D262DCBED362D8CDD462CEB0D562CD
:10ABE0008492D662CFCDD762D6DED862D0BED9628B
:10ABF000BED7DA62D5DEDB62D0D5DC62DDB0DD62E5
:10AC00008592DE628692DF62E2C4E0628792E16250
:10AC10008892E262A3C2E362F0BCE4628992E562D8
:10AC2000B5D3E662B9C0E762A1C5E862A6B2E9623F
:10AC3000F1D4EA628A92EB628B92EC62A8C0ED6278
:10AC4000C3CAEE62D7DEEF62FCD5F0628C92F1628D
:10AC5000B0B9F2628D92F362ADC8F462A9CBF5622D
:10AC60008E92F662D9DEF762BDBFF8628F92F9620A
:10AC70009092FA629192FB629292FC62B4C6FD627B
:10AC8000A7D7FE62B0CAFF62C3C400639392016398
:10AC9000D6B30263D2B903639492046395920563B9
:10ACA0009692066397920763B8D60863FCEA096335
:10ACB000B4B00A6398920B6399920C639A920D63F5
:10ACC0009B920E63E6BF0F639C9210639D9211638B
:10ACD000F4CC12639E9213639F921463A092156347
:10ACE000A1921663DACD1763A2921863A392196337
:10ACF000A4921A63BFD61B63CEC21C63A5921D63C8
:10AD0000CECE1E63A2CC1F63AED02063D3C421631A
:10AD1000B2B52263D8DE2363F5D52463B7BC2563BF
:10AD2000D3BB2663A6922763A7922863A4B02963A6
:10AD3000A8922A63B2C52B63ECB42C63A9922D634D
:10AD4000AA922E63AB922F63F1D53063AC9231633C
:10AD5000AD923263FDEA3363AE923463AF923563F2
:10AD6000B0923663B1923763B2923863B39239636B
:10AD7000DADE3A63A6CD3B63B4923C63B5923D63A1
:10AD8000ECCD3E63B6923F63B7924063B8924163A5
:10AD9000B9924263E6CE4363DCDE4463BA92456314
:10ADA000B1CD4663A6C04763BB924863BC9249637A
:10ADB000BDD74A63BD924B63DBDE4C63C6B04D63C7
:10ADC000B4BA4E63D3C94F63F3C45063E8BE516352
:10ADD000BE925263BF925363C0925463C192556353
:10ADE000B6B25663C2925763C3925863C492596312
:10ADF000C5925A63C6925B63C7925C63C8925D63F7
:10AE0000C9925E63CCC05F63F0CB6063CA9261633A
:10AE1000F1BC6263BBBB6363B7B56463CB9265632C
:10AE2000CC926663CD926763F5C56863CE92696321
:10AE3000E6DE6A63CF926B63D0926C63D1926D63EE
:10AE4000E3DE6E63DDBE6F63D2927063D392716393
:10AE5000DFDE7263D4927363D5927463D6927563A6
:10AE6000D7927663B7B47763DDBD7863D8927963A0
:10AE7000D9927A63E0DE7B63EDC47C63DA927D6312
:10AE8000DB927E63DC927F63DD928063C6CF816359
:10AE9000DE928263E0B58363DF928463E092856330
:10AEA000E1928663E2928763DEB68863DACA8963D9
:10AEB000F4B58A63E5DE8B63E3928C63C6D58D635C
:10AEC000E4928E63E1DE8F63CDCC9063FEC6916326
:10AED000E5929263C5C59363E6929463E7929563A6
:10AEE000E8929663B4D29763E9929863F2BE99634D
:10AEF000EA929A63EB929B63EC929C63ED929D6362
:10AF0000EE929E63EF929F63F092A063D3C2A1631F
:10AF1000F192A263BDCCA363B8B3A463F292A5631C
:10AF2000D3BDA663F392A763D8BFA863C6CDA963B8
:10AF3000DAD1AA63EBB4AB63F492AC63E4DEAD6345
:10AF4000DDDEAE63E7DEAF63F592B063FEEAB163C8
:10AF5000F692B263F792B363B0C2B463E2DEB56354
:10AF6000F892B663F992B763C0D6B863A7B5B96370
:10AF7000FA92BA63F4B2BB63FB92BC63E8DEBD63D2
:10AF8000FC92BE63F2DEBF63FD92C063FE92C163BA
:10AF90004093C2634193C3634293C463EDDEC563D0
:10AFA0004393C663F1DEC7634493C8634593C963A3
:10AFB000E0C8CA634693CB634793CC634893CD63A1
:10AFC000E1D7CE63EFDECF63E8C3D063E1CCD163DA
:10AFD0004993D263E5B2D3634A93D4634B93D56369
:10AFE0004C93D663BED2D7634D93D8634E93D96347
:10AFF0004F93DA635093DB635193DC635293DD63C9
:10B000005393DE63EEDEDF635493E063EBDEE163D4
:10B01000D5CEE2635593E363A7B4E4635693E56347
:10B020005793E6635893E7635993E8635A93E96348
:10B03000ABBFEA63BEBEEB635B93EC635C93ED6313
:10B04000D2BDEE635D93EF635E93F0635F93F16354
:10B050006093F263E9DEF3636193F463AED4F56366
:10B060006293F663DEDEF7636393F863EADEF96307
:10B070006493FA636593FB636693FC636793FD6374
:10B08000BFC0FE636893FF63ECDE0064F3B201644B
:10B09000E9B80264A7C20364699304646A9305640F
:10B0A000C1BD06646B9307646C9308646D93096477
:10B0B0006E930A646F930B64F5DE0C64F8DE0D6426
:10B0C00070930E6471930F64ABB21064A4B41164F6
:10B0D0007293126473931364EAB41464A6C915647A
:10B0E0007493166475931764769318647793196450
:10B0F00078931A6479931B64F6DE1C64D1CB1D64CB
:10B100007A931E64E3B81F647B932064F7DE2164A6
:10B11000FADE22647C9323647D9324647E93256409
:10B1200080932664F9DE27648193286482932964DE
:10B1300083932A64C2CC2B6484932C64E1B02D6485
:10B14000EEB42E6485932F648693306487933164C4
:10B1500088933264899333648A933464BAE535649E
:10B160008B9336648C9337648D9338648E933964F3
:10B170008F933A64AFD03B6490933C6491933D6469
:10B18000EBB23E6492933F64A1EB406493934164BD
:10B19000F4DE42649493436495934464E3C9456444
:10B1A000F3DE4664DAB04764A1D24864F7B149647B
:10B1B00096934A64AFCC4B6497934C6498934D64D8
:10B1C00099934E649A934F649B9350649C935164FB
:10B1D0009D935264F0DE53649E935464A4CB5564F3
:10B1E0009F935664A0935764A1935864AAD5596459
:10B1F000A2935A64A3935B64A4935C64A5935D6477
:10B20000A6935E64FBDE5F64A7936064A8936164A9
:10B21000A9936264AA936364AB936464AC9365641A
:10B22000AD936664AE936764DDB46864AF9369649C
:10B23000A6C46A64B0936B64B1936C64B2936D649A
:10B24000FDDE6E64B3936F64B4937064B593716400
:10B25000B6937264B7937364B8937464B993756466
:10B26000BA937664BB937764BC937864FEC37964C5
:10B27000A1C47A64A1DF7B64BD937C64BE937D64CA
:10B28000BF937E64C0937F64C1938064C2938164E2
:10B29000C3938264CCC18364C4938464FCDE8564FC
:10B2A000EFBE8664C5938764B2C68864C69389641A
:10B2B000C7938A64C8938B64C9938C64CA938D6462
:10B2C000CB938E64CC938F64CD939064CE93916432
:10B2D000C5B39264F6C89364CF939464D093956495
:10B2E000BACB9664FEDE9764D1939864D293996446
:10B2F000A4DF9A64D3939B64D4939C64D5939D6498
:10B30000D6939E64B2D79F64D793A064D893A16468
:10B31000D993A264DA93A364DB93A464B7B3A5645E
:10B32000DC93A664DD93A764DE93A864DF93A9642D
:10B33000C3C1AA64E093AB64E193AC64CBC7AD64D2
:10B34000A5B2AE64E9B4AF64E293B064ABD7B164C4
:10B35000E393B264E493B364E593B464E693B564B1
:10B36000ECC4B664E793B764A2DFB864A3DFB96442
:10B37000E893BA64A5DFBB64E993BC64B3BABD6467
:10B38000EA93BE64EB93BF64EC93C064A6DFC16430
:10B39000ED93C264DEC0C364EE93C464EF93C564EE
:10B3A000C3C9C664F093C764F193C864F293C964D7
:10B3B000F393CA64F493CB64F593CC64F693CD64B1
:10B3C000D9B2CE64E6C7CF64F793D064A7DFD16467
:10B3D000F893D264DCC7D364F993D464FA93D56448
:10B3E000FB93D664FC93D764A8DFD864A2EBD9643E
:10B3F000FD93DA64FE93DB644094DC644194DD6485
:10B400004294DE64D3CBDF644394E0644494E1640B
:10B410004594E264AADFE3644694E464A9DFE5644A
:10B420004794E664C1B2E7644894E8644994E964E7
:10B430004A94EA644B94EB644C94EC644D94ED6450
:10B440004E94EE644F94EF645094F0645194F16420
:10B450005294F2645394F3645494F4645594F564F0
:10B460005694F6645794F7645894F8645994F964C0
:10B470005A94FA645B94FB645C94FC645D94FD6490
:10B480005E94FE645F94FF6460940065CAC50165C4
:10B490006194026562940365639404656494056530
:10B4A0006594066566940765679408656894096500
:10B4B000ABDF0A6569940B656A940C656B940D6546
:10B4C0006C940E656D940F656E9410656F941165A4
:10B4D00070941265DCD413657194146572941565CB
:10B4E000739416657494176575941865C1C81965C9
:10B4F00076941A6577941B6578941C6579941D651C
:10B500007A941E657B941F657C9420657D942165EB
:10B510007E942265809423658194246582942565B8
:10B52000ACDF266583942765849428658594296516
:10B5300086942A6587942B65F0BE2C6588942D65CA
:10B5400089942E65ADDF2F65A7D630658A94316565
:10B550008B9432658C9433658D943465B7EA356588
:10B56000B6EB3665D5CA37658E943865FCD8396533
:10B57000C4B83A658F943B65A5B93C6590943D6528
:10B5800091943E65C5B73F65FED54065929441658F
:10B590009394426594944365959444659694456567
:10B5A000CAB946659794476598944865A7D0496598
:10B5B000CDF44A6599944B659A944C65D0B54D6528
:10B5C0009B944E659C944F65F4C350659D94516562
:10B5D000C8BE52659E9453659F945465A09455656A
:10B5E000B7EB5665BDB05765A1945865A2945965EF
:10B5F000CCBD5A65A3945B65B2C15C65A4945D65DE
:10B60000D6B15E65A8B35F65A5946065A6946165D3
:10B61000A7946265D2B86365A2C96465A89465659C
:10B62000A9946665D8B66765AA946865AB946965A0
:10B63000AC946A65AD946B65B8EB6C65B4BE6D6532
:10B64000AE946E65AF946F65B0947065FDCA716518
:10B65000B1947265C3C77365B2947465FBD57565A3
:10B66000B3947665B4947765F3B77865B5947965E6
:10B67000B6947A65B7947B65B8947C65B9947D651A
:10B68000BA947E65BB947F65BC948065BD948165EA
:10B69000BE948265BF948365C0948465C1948565BA
:10B6A000C2948665C3948765C4CE8865C494896551
:10B6B000C5948A65C6948B65ABD58C65F3B18D65F1
:10B6C000C7948E65C8948F65C9949065B3EC9165F5
:10B6D000DFB09265CA949365B5EC9465CB9495659B
:10B6E000CC949665CD949765B7B69865CE949965D8
:10B6F000CFC19A65CF949B65FAF59C65B1D09D65E5
:10B70000D0949E65D1949F65E5D5A065D294A1653E
:10B71000D3CEA265D394A365D494A465EFBDA565EB
:10B72000E2B3A665D594A765ABB8A865D694A9651C
:10B73000B6D5AA65D794AB65BDEDAC65D894AD65BB
:10B74000CFB6AE65D994AF65B9CBB065C2D0B1659F
:10B75000DA94B265DB94B365DC94B465DD94B565C9
:10B76000DE94B665DF94B765E094B865E194B96599
:10B77000BDB7BA65E294BB65E394BC65B6ECBD6544
:10B78000A9CABE65E494BF65E594C065E694C16549
:10B79000D4C5C265E794C365B9ECC465B8ECC565AA
:10B7A000C3C2C665B7ECC765E894C865E994C965C6
:10B7B000EA94CA65EB94CB65FDD0CC65BAECCD6557
:10B7C000EC94CE65BBECCF65E5D7D065ED94D16543
:10B7D000EE94D265BCECD365EF94D465F094D56556
:10B7E000F194D665BDECD765ECC6D865F294D96501
:10B7F000F394DA65F494DB65F594DC65F694DD6525
:10B80000F794DE65F894DF65F994E065DECEE165D6
:10B81000FA94E265C8BCE365FB94E465FC94E565D5
:10B82000D5C8E665A9B5E765C9BEE865BCD6E965D2
:10B83000E7D4EA65FD94EB65FE94EC65AED1ED6569
:10B84000F1D0EE65B8EAEF65B9EAF065BAEAF165FC
:10B85000B5BAF2654095F3654195F4654295F56595
:10B860004395F665B1CAF765F5BFF8654495F96586
:10B870004595FA65FACDFB654695FC654795FD65EE
:10B880004895FE654995FF654A950066C0EA0166E0
:10B890004B950266BAB00366BEEA04664C9505662F
:10B8A0004D950666A5C007664E9508664F950966D4
:10B8B00050950A66BBEA0B6651950C66FDB20D66A3
:10B8C00052950E66F7C30F66E8BB10665395116676
:10B8D0005495126655951366D7D21466F4CE156644
:10B8E000BFEA1666569517665795186658951966F5
:10B8F000BCEA1A6659951B665A951C665B951D66CF
:10B90000C3EA1E665C951F66C7D02066B3D3216666
:10B910005D9522665E9523665F9524666095256633
:10B92000BAB4266661952766C1C32866F2D7296630
:10B9300062952A6663952B6664952C6665952D66DF
:10B94000D1D52E6666952F66C7CA30666795316673
:10B95000C5EA32666895336669953466C4EA356629
:10B96000C7EA3666C6EA37666A9538666B95396601
:10B970006C953A666D953B666E953C66E7D63D667E
:10B980006F953E66D4CF3F6670954066719541666F
:10B99000CBEA426672954366CEBB446673954566B4
:10B9A00074954666759547667695486677954966B7
:10B9B00078954A6679954B66FABD4C66CEC94D6658
:10B9C0007A954E667B954F66CCEA50667C955166BB
:10B9D0007D955266B9C95366FECF5466CAEA55666C
:10B9E000CED45666CDEA5766CFEA58667E9559663C
:10B9F00080955A66EDCD5B6681955C6682955D6645
:10BA000083955E6684955F66C9EA60668595616622
:10BA1000CEEA62668695636687956466EECE656655
:10BA200088956666DEBB676689956866BFB369669A
:10BA30008A956A668B956B668C956C668D956D663E
:10BA40008E956E66D5C66F66B0BE7066FACE7166AC
:10BA50008F9572669095736691957466E7C7756663
:10BA600092957666A7BE7766D0EA786693957966F2
:10BA700094957A66C7D67B6695957C6696957D6625
:10BA800097957E66C0C17F66989580669995816618
:10BA90009A958266DDD483669B958466D1EA856635
:10BAA0009C9586669D958766BECF88669E958966BD
:10BAB0009F958A66A0958B66A1958C66D2EA8D6665
:10BAC000A2958E66A3958F66A4959066A5959166BE
:10BAD000EECA9266A6959366A7959466A895956614
:10BAE000A9959666AFC59766B5B09866AA9599660A
:10BAF000AB959A66AC959B66AD959C66AE959D663A
:10BB0000D4EA9E66AF959F66B095A066B195A16692
:10BB1000B295A266B395A366B495A466B595A566DD
:10BB2000B695A666B795A766D3EAA866DFF4A966B8
:10BB3000B895AA66B995AB66BA95AC66BB95AD6685
:10BB4000BC95AE66BAC4AF66BD95B066BE95B1662B
:10BB5000BF95B266C095B366C195B466A9B1B56626
:10BB6000C295B666C395B766C495B866C595B966FD
:10BB7000DFE5BA66C695BB66C795BC66C895BD6667
:10BB8000C995BE66D5EABF66CA95C066CB95C16643
:10BB9000CC95C266CD95C366CE95C466CF95C56675
:10BBA000D095C666D195C766D295C866D395C96645
:10BBB000D495CA66D595CB66D695CC66D795CD6615
:10BBC000D895CE66D995CF66DA95D066DB95D166E5
:10BBD000DC95D266DD95D366DE95D466DF95D566B5
:10BBE000E095D666E195D766E295D866E395D96685
:10BBF000EFCADA66E495DB66D6EADC66D7EADD668C
:10BC0000D8C6DE66E595DF66E695E066E795E1660F
:10BC1000E895E266E995E366EA95E466EB95E56604
:10BC2000EC95E666D8EAE766ED95E866EE95E96696
:10BC3000D9EAEA66EF95EB66F095EC66F195ED666C
:10BC4000F295EE66F395EF66F495F066BBD4F16677
:10BC5000F595F266FAC7F366B7D2F466FCB8F566F6
:10BC6000F695F666F795F766C2EAF866F895F9660E
:10BC7000DCB2FA66F995FB66FA95FC66FCC2FD66D5
:10BC8000FB95FE66F8D4FF66E6CC0067EED7016749
:10BC9000FC950267FD950367FE950467409605676E
:10BCA000419606674296076743960867C2D40967BC
:10BCB000D0D30A67C3EB0B67F3C50C6744960D67D7
:10BCC000FEB70E6745960F6746961067D4EB11676F
:10BCD000479612674896136749961467B7CB15675E
:10BCE000DEEB16674A961767CAC018674B96196746
:10BCF0004C961A674D961B67FBCD1C674E961D67C9
:10BD0000AFB31E674F961F67DAC62067509621674C
:10BD10005196226752962367539624675496256757
:10BD200055962667FCEB276756962867BEC4296799
:10BD300057962A67B4CE2B67A9C42C67BEB12D676E
:10BD4000FDD42E6758962F67F5CA3067599631672C
:10BD5000ECD632675A9633675B963467D3C635673D
:10BD6000E4B636675C9637675D9638675E963967E6
:10BD70005F963A67FABB3B6760963C6761963D67A2
:10BD8000E0D03E6762963F6763964067B1C94167FE
:10BD900064964267D3D44367A8C8446765964567ED
:10BDA00066964667CBB8476767964867BEE84967B7
:10BDB000BCC94A6768964B6769964C67BBE84D6794
:10BDC0006A964E67EEC04F67D3D05067C4B25167D2
:10BDD000E5B452676B965367BCE854676C96556739
:10BDE0006D965667C8D557676E9658676F965967B0
:10BDF00070965A6771965B6772965C67C5B65D67A9
:10BE000073965E67BDE85F67F8CA6067DCB8616714
:10BE1000F5CC626774966367759664677696656716
:10BE2000B4C066677796676778966867EED169678A
:10BE3000BFE86A67C2E86B6779966C677A966D6748
:10BE4000BCBA6E677B966F67ADB17067DCBD71671A
:10BE50007C967267BDEA7367C3E874677D96756701
:10BE6000C6E876677E967767CBE8786780967967CD
:10BE700081967A6782967B6783967C67CCE87D673C
:10BE800084967E67C9CB7F67E5B0806785968167BA
:10BE9000ABBC82678696836787968467B9B98567E6
:10BEA0008896866789968767C1E888678A968967D2
:10BEB000F7CD8A678B968B67CAE88C678C968D67FF
:10BEC0008D968E678E968F678F969067F6CE916768
:10BED00090969267919693679296946793969567DA
:10BEE000EDD5966794969767D6C19867C4E8996729
:10BEF00095969A67B6C39B6796969C67FBB99D67B4
:10BF0000A6D69E67C8E89F679796A0679896A16790
:10BF10009996A267E0CAA367E6D4A4679A96A56734
:10BF2000C0E8A6679B96A767C5E8A867C7E8A967A2
:10BF30009C96AA67B9C7AB67E3B7AC679D96AD6738
:10BF4000C9E8AE679E96AF67DDBFB067D2E8B1675C
:10BF50009F96B267A096B367D7E8B467A196B56716
:10BF6000D5E8B667DCBCB767CFBCB867DBE8B967B4
:10BF7000A296BA67A396BB67A496BC67A596BD6751
:10BF8000A696BE67A796BF67A896C067A996C16721
:10BF9000DEE8C267AA96C367DAE8C467FAB1C56784
:10BFA000AB96C667AC96C767AD96C867AE96C967CD
:10BFB000AF96CA67B096CB67B196CC67B296CD679D
:10BFC000B396CE67B496CF67D8B0D067B3C4D16705
:10BFD000CCB8D267E2C6D367BEC8D467E1C8D5671C
:10BFE000B596D667B696D767B796D867CFE8D967BC
:10BFF000D4E8DA67D6E8DB67B896DC67F1B9DD67C5
:10C00000D8E8DE67F5D7DF67B996E067FBC4E1677C
:10C01000BA96E267DCE8E367BB96E467BC96E5673F
:10C02000E9B2E667BD96E767BE96E867BF96E9673F
:10C03000D1E8EA67C096EB67C196EC67EDBCED67A7
:10C04000C296EE67C396EF67C2BFF067CDE8F167AF
:10C05000F9D6F267C496F367F8C1F467F1B2F567F1
:10C06000C596F667C696F767C796F867C896F967E4
:10C07000C996FA67CA96FB67CB96FC67CC96FD67B4
:10C08000DFE8FE67CD96FF67C1CA0068D9E801689E
:10C09000CE960268CF960368D0960468D19605685C
:10C0A000A4D50668D2960768EAB10868BBD50968C6
:10C0B000CEE80A68D0E80B68B0B60C68D3E80D6823
:10C0C000D3960E68DDE80F68B8C01068D496116882
:10C0D000F7CA1268D5961368A8CB1468D696156867
:10C0E000D7961668DCC61768F5C01868D896196820
:10C0F000D9961A68DA961B68DB961C68DC961D6870
:10C10000E9E81E68DD961F68DE962068DF962168E4
:10C11000A3D02268E0962368E1962468E296256819
:10C12000E3962668E4962768E5962868E6962968E7
:10C13000F2E82A68EAD62B68E7962C68E8962D681C
:10C14000E9962E68EA962F68EB963068EC9631688F
:10C15000ED963268E0E83368E1E83468EE963568D9
:10C16000EF963668F0963768F9D13868CBBA3968F7
:10C17000F9B83A68F1963B68F2963C68F1B83D68C8
:10C18000D4D43E68EFE83F68F3964068EEE8416833
:10C19000ECE84268F0B94368D2CC4468E6E8456808
:10C1A000A6CE4668F2BF4768F4964868B8B04968BA
:10C1B000F1E84A68F0E84B68F5964C68C0D74D68DE
:10C1C000F6964E68E4E84F68F7965068A9CD516836
:10C1D000A3C95268F8965368B8BB5468DBBD55686C
:10C1E000EAE85668F9965768FA965868FB965968CF
:10C1F000FC965A68FD965B68FE965C6840975D68A1
:10C2000041975E6842975F6843976068E2E86168BB
:10C21000E3E86268E5E86368B5B56468E7E865681F
:10C22000C5C76668EBE86768EDE86868B0BD69682F
:10C23000AED76A6844976B68F8E86C6845976D6894
:10C2400046976E6847976F68489770684997716816
:10C250004A9772684B9773684C977468F5E87568ED
:10C260004D977668B0CD7768F6E878684E9779682C
:10C270004F977A6850977B6851977C6852977D6892
:10C2800053977E6854977F68559780685697816862
:10C29000BAC1826857978368E8E8846858978568C8
:10C2A000B7C38668F0B08768599788685A978968D5
:10C2B0005B978A685C978B685D978C685E978D68E2
:10C2C0005F978E6860978F68F4E8906861979168CF
:10C2D0006297926863979368F7E8946864979568A3
:10C2E0006597966866979768A3B9986867979968FD
:10C2F00068979A6869979B686A979C686B979D682E
:10C300006C979E686D979F686E97A0686F97A168FD
:10C310007097A268D2C9A3687197A4687297A5683C
:10C320007397A668CEC3A768E0CEA868E6C0A968E0
:10C330007497AA687597AB687697AC687797AD687D
:10C34000F3CBAE687897AF68DDCCB068B5D0B16894
:10C350007997B2687A97B368E1CAB4687B97B56891
:10C36000F3E8B6687C97B7687D97B8687E97B96838
:10C370008097BA688197BB688297BC688397BD68CD
:10C380008497BE688597BF688697C068ECBCC16813
:10C390008797C268F9E8C3688897C4688997C568B1
:10C3A0008A97C6688B97C7688C97C8688D97C96845
:10C3B000DEC3CA688E97CB68E5C6CC688F97CD6818
:10C3C000F7B9CE689097CF689197D0689297D16867
:10C3D0009397D268F4B0D3689497D4689597D5684A
:10C3E000D8D7D6689697D7689797D868ACBCD968DD
:10C3F0009897DA68EFC5DB689997DC689A97DD68EB
:10C400009B97DE689C97DF689D97E068C4CCE168E5
:10C410009E97E2689F97E368A6E9E468A097E568BD
:10C42000A197E668A297E768A397E868A497E968E8
:10C43000A597EA68A697EB68A797EC68A897ED68B8
:10C44000A997EE68ADC9EF68AA97F068A2E9F1680C
:10C45000E2C0F268AB97F368AC97F468AD97F56803
:10C46000C3BFF668AE97F768AF97F868B097F968FA
:10C47000FEE8FA68D7B9FB68B197FC68FBE8FD688D
:10C48000B297FE68B397FF68B4970069B5970169E2
:10C49000A4E90269B6970369B7970469B897056973
:10C4A000CED20669B9970769BA970869BB97096937
:10C4B000BC970A69BD970B69A3E90C69BE970D6922
:10C4C000B2D60E69B5D70F69BF971069A7E9116990
:10C4D000C0971269B7BD1369C1971469C2971569EE
:10C4E000C3971669C4971769C5971869C6971969DC
:10C4F000C7971A69C8971B69C9971C69CA971D69AC
:10C50000CB971E69CC971F69FCE82069FDE821697B
:10C51000CD972269CE972369CF972469A1E9256930
:10C52000D0972669D1972769D2972869D397296927
:10C53000D4972A69D5972B69D6972C69D7972D69F7
:10C54000D6CD2E69D8972F69D9973069ACD2316989
:10C55000DA973269DB973369DC973469B2E9356978
:10C56000DD973669DE973769DF973869E097396973
:10C57000A9E93A69E1973B69E2973C69E3973D692C
:10C58000AAB43E69E4973F69BBB44069E597416945
:10C59000E6974269ABE94369E7974469E8974569DB
:10C5A000E9974669EA974769EB974869EC974969C3
:10C5B000ED974A69EE974B69EF974C69F0974D6993
:10C5C000F1974E69F2974F69F3975069F497516963
:10C5D000F5975269F6975369F7975469A8D055694A
:10C5E000F8975669F9975769A5E95869FA9759690B
:10C5F000FB975A69FEB35B69FC975C69FD975D69BF
:10C60000ACE95E69E3C05F69FE976069AAE96169A8
:10C610004098626941986369B9E9646942986569BB
:10C6200043986669B8E96769449868694598696993
:10C6300046986A6947986B69AEE96C6948986D6974
:10C6400049986E69FAE86F694A9870694B98716900
:10C65000A8E972694C9873694D9874694E98756928
:10C660004F98766950987769ACBF7869B1E9796974
:10C67000BAE97A6951987B6952987C69A5C27D694B
:10C6800053987E6954987F6955988069AFE98169AC
:10C6900056988269C5B8836957988469ADE98569F8
:10C6A00058988669DCD38769B4E98869B5E98969EE
:10C6B000B7E98A6959988B695A988C695B988D6932
:10C6C000C7E98E695C988F695D9890695E989169F9
:10C6D0005F9892696098936961989469C6C09569FA
:10C6E000C5E996696298976963989869B0E999690C
:10C6F00064989A6965989B69BBE99C69F1B09D69EA
:10C7000066989E6967989F696898A0696998A16909
:10C710006A98A2696B98A3696C98A4696D98A569D9
:10C720006E98A6696F98A769BCE9A869A5D5A9699B
:10C730007098AA697198AB69BEE9AC697298AD69E5
:10C74000BFE9AE697398AF697498B0697598B169BB
:10C75000C1E9B2697698B3697798B469F1C1B569EE
:10C760007898B6697998B769B6C8B8697A98B96996
:10C770007B98BA697C98BB69BDE9BC697D98BD6945
:10C780007E98BE698098BF698198C0698298C169A6
:10C79000C2E9C2698398C3698498C4698598C569E8
:10C7A0008698C6698798C7698898C8698998C96949
:10C7B0008A98CA69C3E9CB698B98CC69B3E9CD691A
:10C7C0008C98CE69B6E9CF698D98D069B1BBD16933
:10C7D0008E98D2698F98D3699098D469C0E9D56949
:10C7E0009198D6699298D7699398D8699498D9699D
:10C7F0009598DA699698DB69F7BCDC699798DD69EA
:10C800009898DE699998DF69C4E9E069C6E9E16949
:10C810009A98E2699B98E3699C98E4699D98E56918
:10C820009E98E6699F98E769A098E869A198E969E8
:10C83000A298EA69A398EB69A498EC69A598ED69B8
:10C84000CAE9EE69A698EF69A798F069A898F16916
:10C85000A998F269CEE9F369AA98F469AB98F569E9
:10C86000AC98F669AD98F769AE98F869AF98F96930
:10C87000B098FA69B198FB69B298FC69B398FD6900
:10C88000DBB2FE69B498FF69C8E9006AB598016A2D
:10C89000B698026AB798036AB898046AB998056AA4
:10C8A000BA98066ABB98076ABC98086ABD98096A74
:10C8B000BE980A6AAEB70B6ABF980C6AC0980D6A38
:10C8C000C1980E6AC2980F6AC398106AC498116A18
:10C8D000C598126AC698136AC798146AC898156AE8
:10C8E000C998166ACA98176ACBE9186ACCE9196A16
:10C8F000CB981A6ACC981B6ACD981C6ACE981D6A90
:10C90000CF981E6AD0981F6AC1D5206AD198216A33
:10C91000A3C4226AD298236AD398246AD498256A39
:10C92000D598266AD698276AD798286AD8E9296AB6
:10C93000D8982A6AE1BA2B6AD9982C6ADA982D6AB3
:10C94000DB982E6ADC982F6AC9E9306ADD98316A73
:10C95000A3D3326ADE98336ADF98346AE098356A86
:10C96000D4E9366AE198376AE298386AE398396A16
:10C97000E4983A6AE5983B6AE6983C6AE7983D6A2B
:10C98000D7E93E6AD0E93F6AE898406AE998416A87
:10C99000EA98426AEB98436AEC98446ACFE9456AA0
:10C9A000ED98466AEE98476AC1C7486AEF98496AA7
:10C9B000F0984A6AF1984B6AF2984C6AF3984D6A7B
:10C9C000F4984E6AF5984F6AF698506AD2E9516A1F
:10C9D000F798526AF898536AF998546AFA98556A1F
:10C9E000FB98566AFC98576AFD98586AD9E9596AC3
:10C9F000C8B35A6AFE985B6AD3E95C6A40995D6A7B
:10CA000041995E6A42995F6A4399606A4499616A92
:10CA1000F0CF626A4599636A4699646A4799656A84
:10CA2000CDE9666A4899676A4999686A4A99696A64
:10CA30004B996A6A4C996B6A4D996C6A4E996D6A0A
:10CA40004F996E6A50996F6A5199706A5299716ADA
:10CA5000F7B3726A5399736A5499746A5599756AEF
:10CA60005699766A5799776A5899786A5999796A7E
:10CA7000D6E97A6A5A997B6A5B997C6ADAE97D6AB7
:10CA80005C997E6A5D997F6A5E99806AB4CC816A9E
:10CA90005F99826A6099836A6199846AADCF856A79
:10CAA0006299866A6399876A6499886A6599896ACE
:10CAB00066998A6A67998B6A68998C6A69998D6A9E
:10CAC0006A998E6AD5E98F6A6B99906ADCE9916AF6
:10CAD000DBE9926A6C99936A6D99946A6E99956A8A
:10CAE0006F99966A7099976ADEE9986A7199996A5E
:10CAF00072999A6A73999B6A74999C6A75999D6AEE
:10CB000076999E6A77999F6A7899A06AD1E9A16A15
:10CB10007999A26A7A99A36A7B99A46A7C99A56A91
:10CB20007D99A66A7E99A76A8099A86A8199A96A5F
:10CB3000DDE9AA6A8299AB6ADFE9AC6ACAC3AD6A69
:10CB40008399AE6A8499AF6A8599B06A8699B16A09
:10CB50008799B26A8899B36A8999B46A8A99B56AD9
:10CB60008B99B66A8C99B76A8D99B86A8E99B96AA9
:10CB70008F99BA6A9099BB6A9199BC6A9299BD6A79
:10CB80009399BE6A9499BF6A9599C06A9699C16A49
:10CB90009799C26A9899C36A9999C46A9A99C56A19
:10CBA0009B99C66A9C99C76A9D99C86A9E99C96AE9
:10CBB0009F99CA6AA099CB6AA199CC6AA299CD6AB9
:10CBC000A399CE6AA499CF6AA599D06AA699D16A89
:10CBD000A799D26AA899D36AA999D46AAA99D56A59
:10CBE000AB99D66AAC99D76AAD99D86AAE99D96A29
:10CBF000AF99DA6AB099DB6AB199DC6AB299DD6AF9
:10CC0000B399DE6AB499DF6AB599E06AB699E16AC8
:10CC1000B799E26AB899E36AB999E46ABA99E56A98
:10CC2000BB99E66ABC99E76ABD99E86ABE99E96A68
:10CC3000BF99EA6AC099EB6AC199EC6AC299ED6A38
:10CC4000C399EE6AC499EF6AC599F06AC699F16A08
:10CC5000C799F26AC899F36AC999F46ACA99F56AD8
:10CC6000CB99F66ACC99F76ACD99F86ACE99F96AA8
:10CC7000CF99FA6AD099FB6AD199FC6AD299FD6A78
:10CC8000D399FE6AD499FF6AD599006BD699016B46
:10CC9000D799026BD899036BD999046BDA99056B14
:10CCA000DB99066BDC99076BDD99086BDE99096BE4
:10CCB000DF990A6BE0990B6BE1990C6BE2990D6BB4
:10CCC000E3990E6BE4990F6BE599106BE699116B84
:10CCD000E799126BE899136BE999146BEA99156B54
:10CCE000EB99166BEC99176BED99186BEE99196B24
:10CCF000EF991A6BF0991B6BF1991C6BF2991D6BF4
:10CD0000F3991E6BF4991F6BF599206BB7C7216BD4
:10CD1000CEB4226BB6BB236BC0D0246BA3EC256BC7
:10CD2000F699266BF799276BB7C5286BF899296B8D
:10CD3000F9992A6BFA992B6BFB992C6BFC992D6B4B
:10CD4000FD992E6BFE992F6B409A306B419A316B97
:10CD5000429A326BFBD3336B439A346B449A356BF4
:10CD6000459A366B469A376BA4EC386B479A396B09
:10CD7000A5EC3A6BDBC63B6B489A3C6B499A3D6B22
:10CD80004A9A3E6BEEBF3F6B4B9A406B4C9A416B9D
:10CD90004D9A426B4E9A436BA6EC446B4F9A456B8F
:10CDA000509A466BA7EC476BAAD0486B519A496BD7
:10CDB000B8C74A6B529A4B6B539A4C6BE8B84D6BA1
:10CDC000549A4E6B559A4F6B569A506B579A516BBB
:10CDD000589A526B599A536B5A9A546B5B9A556B8B
:10CDE0005C9A566B5D9A576B5E9A586B5F9A596B5B
:10CDF000A8EC5A6B609A5B6B619A5C6B629A5D6B94
:10CE0000639A5E6B649A5F6B659A606B669A616BFE
:10CE1000679A626BB9D6636BFDD5646BCBB4656BF7
:10CE2000BDB2666BE4CE676BE7C6686B689A696BE8
:10CE3000699A6A6BE1CD6B6B6A9A6C6B6B9A6D6BDE
:10CE40006C9A6E6B6D9A6F6B6E9A706B6F9A716B5A
:10CE5000709A726B719A736B729A746B739A756B2A
:10CE6000749A766B759A776B769A786B779A796BFA
:10CE7000F5B47A6B789A7B6BC0CB7C6BDFBC7D6B37
:10CE8000799A7E6B7A9A7F6B7B9A806B7C9A816BA6
:10CE9000E2E9826BE3E9836BEAD1846BE5E9856BB8
:10CEA0007D9A866BF9B4876BE4E9886B7E9A896B0F
:10CEB000B3D18A6BE2CA8B6BD0B28C6B809A8D6BCC
:10CEC000E8E98E6B819A8F6B829A906B839A916B53
:10CED000849A926BE6E9936BE7E9946B859A956B7C
:10CEE000869A966BB3D6976B879A986B889A996B4C
:10CEF000899A9A6BE9E99B6BEAE99C6B8A9A9D6B2C
:10CF00008B9A9E6B8C9A9F6B8D9AA06B8E9AA16B5D
:10CF1000EBE9A26B8F9AA36B909AA46B919AA56B85
:10CF2000929AA66B939AA76B949AA86B959AA96B01
:10CF3000969AAA6BECE9AB6B979AAC6B989AAD6B2F
:10CF4000999AAE6B9A9AAF6B9B9AB06B9C9AB16BA5
:10CF50009D9AB26B9E9AB36BAFECB46BB9C5B56BCF
:10CF6000CEB6B66B9F9AB76BF3D2B86BA09AB96B7B
:10CF7000A19ABA6BA29ABB6BA39ABC6BA49ABD6B25
:10CF8000A59ABE6BA69ABF6BEEB5C06BA79AC16B94
:10CF9000D9BBC26BB1ECC36BA89AC46BA99AC56B21
:10CFA000E3D2C66BAA9AC76BAB9AC86BAC9AC96B33
:10CFB000AD9ACA6BAE9ACB6BE3CECC6BAF9ACD6B0E
:10CFC000B8C4CE6BB09ACF6BBFC3D06BB19AD16BE4
:10CFD000B29AD26BBEB6D36BB9D8D46BC8B1D56B8D
:10CFE000CFB1D66BD1B1D76BFEC5D86BB39AD96B25
:10CFF000D0B1DA6BB49ADB6BABC3DC6BB59ADD6B8B
:10D00000B69ADE6BB79ADF6BB89AE06BB99AE16BB0
:10D01000B1D5E26BBA9AE36BBB9AE46BBC9AE56B51
:10D02000BD9AE66BBE9AE76BBF9AE86BC09AE96B54
:10D03000C19AEA6BA4EBEB6BC1BAEC6BC29AED6BD5
:10D04000C39AEE6BC49AEF6BBACCF06BC59AF16BD6
:10D05000C69AF26BC79AF36BA5EBF46BC89AF56BA3
:10D06000A7EBF66BC99AF76BCA9AF86BCB9AF96B78
:10D07000A8EBFA6BCC9AFB6BCD9AFC6BCE9AFD6B4E
:10D08000A6EBFE6BCF9AFF6BD09A006CD19A016C25
:10D09000D29A026CD39A036CD49A046CD59A056C1C
:10D0A000A9EB066CABEB076CAAEB086CD69A096C83
:10D0B000D79A0A6CD89A0B6CD99A0C6CDA9A0D6CC8
:10D0C000ACEB0E6CDB9A0F6CCFCA106CB5D8116C40
:10D0D000F1C3126CDC9A136CA5C3146CF8C6156C02
:10D0E000ADEB166CCAC4176CDD9A186CAEEB196CFC
:10D0F000AFEB1A6CB0EB1B6CD5B71C6CDE9A1D6CD9
:10D10000DF9A1E6CE09A1F6CFAB7206CE19A216CD2
:10D11000B1EB226CE2C7236CE29A246CB3EB256C72
:10D12000E39A266CA4BA276CF5D1286CB1B0296CAF
:10D13000B2EB2A6CB4EB2B6CE49A2C6CE59A2D6C58
:10D14000E69A2E6CAAB52F6CC8C2306CE8C7316C59
:10D15000E79A326CB5EB336CE89A346CAECB356C35
:10D16000DFE3366CE99A376CEA9A386CC0D3396CD5
:10D17000EB9A3A6CEC9A3B6CED9A3C6CEE9A3D6CF7
:10D18000DBD93E6CEF9A3F6CF09A406CA1CD416CBC
:10D19000ADD6426CF3C7436CF19A446CF29A456C7D
:10D1A000F39A466CE0D9476CE3BB486CF49A496C3F
:10D1B000BABA4A6CE2E34B6CF59A4C6CF69A4D6C39
:10D1C000F79A4E6CF89A4F6CF99A506CABCF516C41
:10D1D000FA9A526CFB9A536CFC9A546CE0E3556CCF
:10D1E000C7C9566CFD9A576CB9BA586CFE9A596CFF
:10D1F000409B5A6C419B5B6CB4D15C6CE1E35D6C11
:10D20000EAC85E6CAFB95F6CADBD606CD8B3616CE1
:10D21000DBCE626C429B636C439B646CC0CC656CE0
:10D22000449B666C459B676C469B686CE8E3696C45
:10D23000E9E36A6CF4CD6B6C479B6C6C489B6D6C3E
:10D24000499B6E6C4A9B6F6C4B9B706CADCC716C48
:10D250004C9B726CB3BC736C4D9B746CEAE3756C45
:10D260004E9B766CEBE3776C4F9B786C509B796CA4
:10D27000DAD07A6C519B7B6C529B7C6C539B7D6C9F
:10D28000FBC67E6CDAB77F6C549B806C559B816CBF
:10D29000DFC7826CCAD2836CD6CE846C569B856CF9
:10D2A000E4E3866CECE3876C579B886CF2C9896C6D
:10D2B000C1B38A6C589B8B6C599B8C6CE7E38D6C6B
:10D2C0005A9B8E6C5B9B8F6CE3C6906CE5E3916C14
:10D2D0005C9B926C5D9B936CB3ED946CE6E3956CF8
:10D2E0005E9B966C5F9B976C609B986C619B996C46
:10D2F000B3C99A6C629B9B6CE6C59C6C639B9D6CEE
:10D30000649B9E6C659B9F6CB5B9A06C669BA16C81
:10D31000BBC3A26C679BA36CE3E3A46CBDC5A56C07
:10D32000A4C1A66CD9C2A76CD7B2A86C689BA96C23
:10D33000EDE3AA6CA6BBAB6CADC4AC6C699BAD6CE9
:10D34000F0E3AE6CDABEAF6C6A9BB06C6B9BB16CF9
:10D35000FBE3B26CF5E3B36CD3BAB46C6C9BB56C05
:10D360006D9BB66C6E9BB76C6F9BB86CD0B7B96C8D
:10D37000CDD3BA6C709BBB6CCED6BC6CD3D5BD6C18
:10D38000C1B9BE6CB4D5BF6CD8D1C06C719BC16C37
:10D39000729BC26C739BC36C749BC46CB9D0C56C1C
:10D3A000F6C7C66C759BC76C769BC86C779BC96CBF
:10D3B000AAC8CA6CB4B2CB6C789BCC6CDAC3CD6C07
:10D3C000799BCE6C7A9BCF6C7B9BD06CEEE3D16C5F
:10D3D0007C9BD26C7D9BD36CFCE3D46CEFE3D56C6F
:10D3E000A8B7D66CF7E3D76CF4E3D86C7E9BD96C06
:10D3F000809BDA6C819BDB6CBAB7DC6C829BDD6C4A
:10D40000839BDE6CA2C5DF6C849BE06CF6E3E16C71
:10D41000DDC5E26CA8B2E36CFCC6E46C859BE56CF0
:10D42000E0C4E66C869BE76C879BE86CA2D7E96C4E
:10D43000889BEA6CE1C0EB6CF9E3EC6C899BED6CCA
:10D440008A9BEE6CFAE3EF6CFDE3F06CA9CCF16C17
:10D45000F3E3F26C8B9BF36CBED3F46C8C9BF56C9A
:10D46000C3B1F66CB4EDF76CF1E3F86CF2E3F96C70
:10D470008D9BFA6CF8E3FB6CBAD0FC6CC3C6FD6CF8
:10D48000F3D4FE6CFEE3FF6C8E9B006D8F9B016DF1
:10D49000E0BD026D909B036D919B046DA7E4056D4B
:10D4A000929B066D939B076DA6E4086D949B096D96
:10D4B000959B0A6D969B0B6DF3D10C6DA3E40D6DDE
:10D4C000979B0E6DA9E40F6D989B106D999B116D44
:10D4D0009A9B126DF7C8136D9B9B146D9C9B156DE9
:10D4E0009D9B166D9E9B176DB4CF186D9F9B196DFC
:10D4F000A8E41A6DAEE41B6DE5C21C6DA09B1D6D0A
:10D50000A19B1E6DB4B61F6DA29B206DA39B216DC8
:10D51000A49B226DA59B236DA69B246DA79B256DC7
:10D52000F2BD266DA89B276DA2E4286DA99B296DED
:10D53000AA9B2A6DE9BA2B6DAAE42C6DAB9B2D6DCD
:10D54000AC9B2E6DACE42F6DAD9B306DAE9B316D01
:10D55000FDB6326DDED6336DB2E4346DAF9B356D02
:10D56000ADE4366DB09B376DB19B386DB29B396DB4
:10D57000A1E43A6DB39B3B6DEEBB3C6DDDCD3D6DE3
:10D58000A2C73E6DC9C53F6DB49B406DB59B416D53
:10D59000F7C1426DB69B436DA4E4446DB79B456DE6
:10D5A000B3C7466DACBD476DBDBD486DA5E4496DC3
:10D5B000B89B4A6DC7D74B6DE2B24C6DB99B4D6DB0
:10D5C000ABE44E6DC3BC4F6DAFE4506DBA9B516D73
:10D5D000EBBB526DB0E4536DA8C5546DB1E4556D0D
:10D5E000BB9B566DBC9B576DBD9B586DBE9B596DCB
:10D5F000E3D55A6DA3BF5B6DBF9B5C6DBAE45D6DF7
:10D60000C09B5E6DB7E45F6DC19B606DBBE4616DF7
:10D61000C29B626DC39B636DBDE4646DC49B656D0D
:10D62000C59B666DD6C6676DC69B686DC79B696DE9
:10D63000C6BA6A6DCBC06B6DC89B6C6DC99B6D6DB6
:10D64000CA9B6E6DA1B86F6DB4E4706DCB9B716DAC
:10D65000CC9B726DCD9B736DCE9B746DA1D4756D9B
:10D66000CF9B766DD09B776DA3BA786DFEBD796D3B
:10D67000D19B7A6DD29B7B6DD39B7C6DBCE47D6D21
:10D68000D49B7E6DD59B7F6DD69B806DD79B816D26
:10D69000D89B826DBFCD836DD99B846DDA9B856DE0
:10D6A000F9C4866DDB9B876DDC9B886DFBCF896D34
:10D6B000E6C98A6DDD9B8B6DDE9B8C6DBFD38D6D56
:10D6C000DF9B8E6DD1CF8F6DE09B906DE19B916D57
:10D6D000B3E4926DE29B936DB8E4946DB9E4956DFB
:10D6E000E9CC966DE39B976DE49B986DE59B996DF6
:10D6F000E69B9A6DE79B9B6DCECC9C6DE89B9D6DE8
:10D70000D4C09E6DB5E49F6DB0C1A06DB6E4A16DAF
:10D71000D0CEA26DE99BA36DC1BBA46DD3B5A56DA1
:10D72000EA9BA66DF3C8A76DA7BDA86DC7D5A96D67
:10D73000ACC9AA6DA2B8AB6DCAE4AC6DEB9BAD6D84
:10D74000EC9BAE6DCCE4AF6DC4D1B06DED9BB16D13
:10D75000EE9BB26DBAD2B36DEF9BB46DF09BB56D1D
:10D76000ADBAB66DF19BB76DF29BB86DD4BAB96D19
:10D77000F39BBA6DF49BBB6DF59BBC6DF69BBD6DC9
:10D78000F79BBE6DF89BBF6DC3E4C06DEDB5C16D79
:10D79000F99BC26DFA9BC36DFB9BC46DCDD7C56D64
:10D7A000C0E4C66DFDCFC76DBFE4C86DFC9BC96DFD
:10D7B000FD9BCA6DFE9BCB6DDCC1CC6DCACCCD6D23
:10D7C000409CCE6D419CCF6D429CD06D439CD16DF1
:10D7D000E7CAD26D449CD36D459CD46D469CD56DF3
:10D7E000479CD66DD7C4D76D489CD86DD4CCD96D25
:10D7F000C8E4DA6D499CDB6D4A9CDC6D4B9CDD6DA9
:10D80000C7E4DE6DC1E4DF6D4C9CE06DC4E4E16D06
:10D81000ADB5E26D4D9CE36D4E9CE46DD9D3E56DE5
:10D820004F9CE66DC6E4E76D509CE86D519CE96D38
:10D83000529CEA6D539CEB6DF9D2EC6DE3B4ED6D47
:10D84000549CEE6DB4BBEF6D559CF06D569CF16D24
:10D85000EEC9F26D579CF36DBEB4F46D589CF56D36
:10D86000599CF66D5A9CF76DECBBF86D5B9CF96D9D
:10D87000CDD1FA6D5C9CFB6DEDCCFC6DB5EDFD6D15
:10D880005D9CFE6D5E9CFF6D5F9C006E609C016EFA
:10D89000619C026E629C036E639C046E649C056EC8
:10D8A000E5C7066E659C076E669C086E679C096EF0
:10D8B000689C0A6EA8D40B6E699C0C6ECBE40D6E4E
:10D8C000D5D70E6EC2E40F6E6A9C106EA5BD116EA8
:10D8D000C5E4126E6B9C136E6C9C146EE6D3156ED1
:10D8E0006D9C166EC9E4176EF8C9186E6E9C196EA1
:10D8F0006F9C1A6EBEE41B6E709C1C6E719C1D6E3C
:10D90000E5D31E6E729C1F6E739C206EFEC7216E47
:10D91000C9B6226E749C236EFCD4246EB3B2256EFD
:10D92000D7E4266E759C276E769C286E779C296EB0
:10D93000C2CE2A6E789C2B6ECDE42C6E799C2D6E17
:10D94000BCCE2E6E7A9C2F6EDBB8306E7B9C316E17
:10D950007C9C326ED6E4336E7D9C346ECABF356ECD
:10D960007E9C366E809C376E819C386ECED3396E2D
:10D97000829C3A6EECC33B6E839C3C6E849C3D6EF5
:10D98000859C3E6E869C3F6E879C406E889C416E57
:10D99000899C426E8A9C436EC8C5446ED8E4456E2D
:10D9A0008B9C466E8C9C476E8D9C486E8E9C496EFF
:10D9B0008F9C4A6E909C4B6E919C4C6E929C4D6ECF
:10D9C000C4CD4E6ECFE44F6E939C506E949C516EBE
:10D9D000959C526E969C536ED4E4546ED5E4556E6D
:10D9E000979C566EFEBA576E989C586EE6CF596E4D
:10D9F000999C5A6E9A9C5B6EBFD55C6E9B9C5D6ECB
:10DA00009C9C5E6E9D9C5F6ED2E4606E9E9C616E7F
:10DA10009F9C626EA09C636EA19C646EA29C656ECE
:10DA2000A39C666EA49C676EA59C686EA69C696E9E
:10DA3000A79C6A6EA89C6B6ED0E46C6EA99C6D6E00
:10DA4000AA9C6E6ECEE46F6EAB9C706EAC9C716ED9
:10DA5000AD9C726EAE9C736EAF9C746EB09C756E16
:10DA6000B19C766EB29C776EB39C786EB49C796EE6
:10DA7000B59C7A6EB69C7B6EB79C7C6EB89C7D6EB6
:10DA8000B99C7E6EE5CD7F6EAACA806EBA9C816E0F
:10DA9000BB9C826EBC9C836EA3C0846EBD9C856E55
:10DAA000A6BD866ED3E4876EBE9C886EBF9C896ED1
:10DAB000C8B88A6EC09C8B6EC19C8C6EC29C8D6EE9
:10DAC000C39C8E6EC49C8F6EE7E4906EB4D4916E4E
:10DAD000C59C926EC69C936EC79C946EC89C956EB6
:10DAE000C99C966ECA9C976ECB9C986EDBE4996E2F
:10DAF000CC9C9A6ECD9C9B6ECE9C9C6EEFC19D6E15
:10DB0000CF9C9E6ED09C9F6EE9E4A06ED19CA16ECE
:10DB1000D29CA26EE7D2A36ED39CA46ED49CA56EB9
:10DB2000DFE4A66ED59CA76EE0E4A86ED69CA96E35
:10DB3000D79CAA6EAACFAB6ED89CAC6ED99CAD6EAA
:10DB4000DA9CAE6EDB9CAF6EDDCBB06EDC9CB16E52
:10DB5000DAE4B26ED1E4B36EDD9CB46EE5E4B56E8A
:10DB6000DE9CB66EDCC8B76EE3E4B86EDF9CB96EBF
:10DB7000E09CBA6EE7C4BB6EE2E4BC6EE19CBD6E95
:10DB8000E1E4BE6EE29CBF6EE39CC06EE49CC16E9D
:10DB9000FCB3C26EE8E4C36EE59CC46EE69CC56E41
:10DBA000E79CC66EE89CC76EE1B5C86EE99CC96E7D
:10DBB000EA9CCA6EEB9CCB6ECCD7CC6EEC9CCD6E47
:10DBC000ED9CCE6EEE9CCF6EE6E4D06EEF9CD16EF7
:10DBD000ACBBD26EF09CD36ED2D7D46ECFCCD56E08
:10DBE000F8EBD66EF19CD76EE4E4D86EF29CD96E59
:10DBF000F39CDA6EF6B9DB6EF49CDC6EF59CDD6EA0
:10DC0000F69CDE6ECDD6DF6ED9E4E06EDCE4E16E2C
:10DC1000FAC2E26EDEE4E36EF79CE46ECBC2E56E20
:10DC2000C4C0E66ED0C2E76EF89CE86EF5B1E96E4E
:10DC3000B2CCEA6EF99CEB6EFA9CEC6EFB9CED6E3E
:10DC4000FC9CEE6EFD9CEF6EFE9CF06E409DF16EB6
:10DC5000419DF26E429DF36E439DF46ECEB5F56E1E
:10DC6000449DF66E459DF76E469DF86E479DF96E94
:10DC7000EFE4FA6E489DFB6E499DFC6E4A9DFD6E79
:10DC80004B9DFE6E4C9DFF6E4D9D006F4E9D016F36
:10DC90004F9D026FAFC6036F509D046F519D056F7E
:10DCA000529D066FE1C6076F539D086F549D096F23
:10DCB000F5E40A6F559D0B6F569D0C6F579D0D6FC8
:10DCC000589D0E6F599D0F6FA9C2106F5A9D116F0D
:10DCD0005B9D126F5C9D136FECC0146FDDD1156FEF
:10DCE000EEE4166F5D9D176F5E9D186F5F9D196F57
:10DCF000609D1A6F619D1B6F629D1C6F639D1D6F00
:10DD0000649D1E6F659D1F6F669D206FAEC4216F61
:10DD1000679D226F689D236F699D246FEDE4256FD9
:10DD20006A9D266F6B9D276F6C9D286F6D9D296F77
:10DD3000F6E42A6FF4E42B6FFEC22C6F6E9D2D6FFC
:10DD4000DDE42E6F6F9D2F6FF0E4306F709D316FAB
:10DD5000FECA326F719D336FC4D5346F729D356FBB
:10DD6000739D366FF1E4376F749D386F759D396F11
:10DD7000769D3A6F779D3B6F789D3C6F799D3D6FA7
:10DD80007A9D3E6FFAD13F6F7B9D406F7C9D416FC6
:10DD90007D9D426F7E9D436F809D446F819D456F49
:10DDA000829D466FEBE4476FECE4486F839D496FBB
:10DDB000849D4A6F859D4B6FF2E44C6F869D4D6F3D
:10DDC000ABCE4E6F879D4F6F889D506F899D516F71
:10DDD0008A9D526F8B9D536F8C9D546F8D9D556F97
:10DDE0008E9D566F8F9D576F909D586FCBC5596F05
:10DDF000919D5A6F929D5B6F939D5C6FB1C75D6FF4
:10DE0000949D5E6FBAC25F6F959D606F969D616FC6
:10DE1000979D626FEAE4636F989D646F999D656F4B
:10DE20009A9D666FCAC1676F9B9D686F9C9D696F65
:10DE30009D9D6A6F9E9D6B6F9F9D6C6FA09D6D6F8A
:10DE4000B6CC6E6FB1B36F6FA19D706FA29D716FF5
:10DE5000A39D726FFBE4736FA49D746FF3E4756F01
:10DE6000A59D766FA69D776FA79D786FFAE4796F71
:10DE7000A89D7A6FFDE47B6FA99D7C6FFCE47D6FAC
:10DE8000AA9D7E6FAB9D7F6FAC9D806FAD9D816FB6
:10DE9000AE9D826FAF9D836FB09D846FCEB3856F53
:10DEA000B19D866FB29D876FB39D886FBAB3896F3E
:10DEB000F7E48A6FB49D8B6FB59D8C6FF9E48D6F1D
:10DEC000F8E48E6FECC58F6FB69D906FB79D916F24
:10DED000B89D926FB99D936FBA9D946FBB9D956FDE
:10DEE000BC9D966FBD9D976FBE9D986FBF9D996FAE
:10DEF000C09D9A6FC19D9B6FC29D9C6FBDC09D6F61
:10DF0000C39D9E6FC49D9F6FC59DA06FC69DA16F51
:10DF1000E8D4A26FC79DA36FC89DA46FC99DA56FCC
:10DF2000CA9DA66FCB9DA76FA2E5A86FCC9DA96FD8
:10DF3000CD9DAA6FCE9DAB6FCF9DAC6FD09DAD6FC9
:10DF4000D19DAE6FD29DAF6FD39DB06FD49DB16F99
:10DF5000D59DB26FD69DB36FC4B0B46FD79DB56F6A
:10DF6000D89DB66FA4E5B76FD99DB86FDA9DB96F2C
:10DF7000A3E5BA6FDB9DBB6FDC9DBC6FDD9DBD6F04
:10DF8000DE9DBE6FDF9DBF6FE09DC06FA4BCC16F03
:10DF9000E19DC26FA5E5C36FE29DC46FE39DC56FB0
:10DFA000E49DC66FE59DC76FE69DC86FE79DC96F8D
:10DFB000A1E5CA6FE89DCB6FE99DCC6FEA9DCD6F5F
:10DFC000EB9DCE6FEC9DCF6FED9DD06FEE9DD16F31
:10DFD000FEE4D26FF4B1D36FEF9DD46FF09DD56F97
:10DFE000F19DD66FF29DD76FF39DD86FF49DD96FD9
:10DFF000F59DDA6FF69DDB6FF79DDC6FF89DDD6FA9
:10E00000F99DDE6FA8E5DF6FFA9DE06FA9E5E16F8E
:10E01000A6E5E26FFB9DE36FFC9DE46FFD9DE56F60
:10E02000FE9DE66F409EE76F419EE86F429EE96F5E
:10E03000439EEA6F449EEB6F459EEC6F469EED6FEC
:10E04000479EEE6FA7E5EF6FAAE5F06F489EF16F70
:10E05000499EF26F4A9EF36F4B9EF46F4C9EF56F94
:10E060004D9EF66F4E9EF76F4F9EF86F509EF96F64
:10E07000519EFA6F529EFB6F539EFC6F549EFD6F34
:10E08000559EFE6F569EFF6F579E0070589E017002
:10E09000599E02705A9E03705B9E04705C9E0570D0
:10E0A0005D9E06705E9E07705F9E0870609E0970A0
:10E0B000619E0A70629E0B70639E0C70649E0D7070
:10E0C000659E0E70669E0F70679E1070689E117040
:10E0D000D9C61270699E13706A9E14706B9E15707B
:10E0E0006C9E16706D9E17706E9E18706F9E1970E4
:10E0F000709E1A70ABE51B70ADE51C70719E1D70B3
:10E10000729E1E70739E1F70749E2070759E21708B
:10E11000769E2270779E2370ACE52470789E2570E1
:10E12000799E26707A9E27707B9E28707C9E29702F
:10E130007D9E2A707E9E2B70809E2C70819E2D70FD
:10E14000829E2E70839E2F70849E3070859E3170CB
:10E15000869E3270879E3370889E3470899E35709B
:10E16000AFE536708A9E37708B9E38708C9E397002
:10E17000AEE53A708D9E3B708E9E3C708F9E3D70DA
:10E18000909E3E70919E3F70929E4070939E417013
:10E19000949E4270959E4370969E4470979E4570E3
:10E1A000989E4670999E47709A9E48709B9E4970B3
:10E1B0009C9E4A709D9E4B709E9E4C70E0B94D7027
:10E1C0009F9E4E70A09E4F70B0E55070A19E517002
:10E1D000A29E5270A39E5370A49E5470A59E55702B
:10E1E000A69E5670A79E5770A89E5870A99E5970FB
:10E1F000AA9E5A70AB9E5B70AC9E5C70AD9E5D70CB
:10E20000AE9E5E70B1E55F70AF9E6070B09E617053
:10E21000B19E6270B29E6370B39E6470B49E65706E
:10E22000B59E6670B69E6770B79E6870B89E69703E
:10E23000B99E6A70BA9E6B70F0BB6C70E1EC6D7049
:10E24000F0C36E70BB9E6F70C6B57070D2BB71703C
:10E25000BC9E7270BD9E7370BE9E7470BF9E7570C2
:10E26000E9C17670EED47770C09E7870C4BE7970C4
:10E27000C19E7A70C29E7B70C39E7C70C6D77D7033
:10E28000C49E7E70D6D47F70D3B28070BEEC817095
:10E29000C59E8270C69E8370C79E8470C89E85701E
:10E2A000C1EA8670C99E8770CA9E8870CB9E8970AD
:10E2B000AFC28A70B6B48B70CC9E8C70CD9E8D70C0
:10E2C000CE9E8E70D7D18F70CF9E9070D09E917061
:10E2D000D19E9270B4B39370D29E9470B2C8957070
:10E2E000BBBF9670C0EC9770D39E9870D49E997007
:10E2F000CBD69A70D59E9B70D69E9C70BFEC9D70BD
:10E30000C1EC9E70D79E9F70D89EA070D99EA170C0
:10E31000DA9EA270DB9EA370DC9EA470DD9EA570C9
:10E32000DE9EA670DF9EA770E09EA870E19EA97099
:10E33000E29EAA70E39EAB70C5ECAC70E6BEAD7019
:10E34000BFCCAE70DAC5AF70BCBEB070E49EB17029
:10E35000C6ECB270E59EB370FEB1B470E69EB570C7
:10E36000E79EB670E89EB770C4ECB870A8D5B970D7
:10E37000E3B5BA70E99EBB70C2ECBC70B6C1BD70AB
:10E38000E3B3BE70EA9EBF70EB9EC070C3ECC17079
:10E39000B8CBC270C3C0C370FECCC470EC9EC57055
:10E3A000ED9EC670EE9EC770EF9EC870D2C1C97058
:10E3B000F09ECA70C8ECCB70F19ECC70F29ECD700E
:10E3C000F39ECE70F49ECF70F59ED070F69ED17005
:10E3D000F79ED270F89ED370F99ED470FA9ED570D5
:10E3E000FB9ED670FC9ED770FD9ED870E6BAD970A1
:10E3F000D3C0DA70FE9EDB70F2D6DC70409FDD7019
:10E40000419FDE70429FDF70CCD1E070439FE1708E
:10E41000449FE270459FE370469FE470BEBFE57085
:10E42000479FE670B3B7E770D5C9E870C7ECE970ED
:10E43000E2BBEA70489FEB70CCCCEC70FDBDED7098
:10E44000C8C8EE70499FEF70A9CFF0704A9FF17075
:10E450004B9FF2704C9FF3704D9FF4704E9FF57080
:10E460004F9FF670509FF770E9CDF870519FF9708B
:10E47000EBC5FA70529FFB70539FFC70549FFD7068
:10E48000E9B7FE70559FFF70569F0071579F01714D
:10E49000589F0271599F03715A9F04715B9F0571C8
:10E4A0005C9F06715D9F07715E9F08715F9F097198
:10E4B000C9D10A71B8BA0B71609F0C71619F0D715F
:10E4C000629F0E71639F0F71649F1071C9EC11718F
:10E4D000659F1271669F1371CAEC1471679F157165
:10E4E000C0BB1671CBEC1771689F1871E2EC197103
:10E4F000BAB11A71D9B71B71699F1C716A9F1D71DE
:10E500006B9F1E716C9F1F716D9F20716E9F21719B
:10E510006F9F2271709F2371719F2471729F25716B
:10E52000739F2671B9BD2771749F2871759F2971DA
:10E53000769F2A71779F2B71789F2C71799F2D710F
:10E540007A9F2E717B9F2F71CCEC3071E6D13171A7
:10E55000CDEC32717C9F33717D9F34717E9F35711C
:10E56000809F3671BBC83771819F3871829F397126
:10E57000839F3A71849F3B71859F3C71869F3D715B
:10E58000879F3E71889F3F71899F40718A9F41712B
:10E590008B9F42718C9F43718D9F44718E9F4571FB
:10E5A000D1EC46718F9F4771909F4871919F49713F
:10E5B000929F4A71D3EC4B71939F4C71CDBB4D71BF
:10E5C000949F4E71E5BC4F71959F5071969F51710C
:10E5D000979F5271989F5371999F54719A9F55714B
:10E5E0009B9F56719C9F57719D9F58719E9F59711B
:10E5F0009F9F5A71A09F5B71A19F5C71CFEC5D7171
:10E60000A29F5E71B7C95F71A39F6071A49F617182
:10E61000A59F6271A69F6371A79F6471BAC365715C
:10E62000A89F6671E3EC6771D5D56871D0EC69710C
:10E63000A99F6A71AA9F6B71AB9F6C71AC9F6D7142
:10E64000AD9F6E71F3D66F71AE9F7071AF9F717198
:10E65000B09F7271D2EC7371CEEC7471B19F757111
:10E66000B29F7671B39F7771B49F7871D4EC797152
:10E67000B59F7A71D5EC7B71B69F7C71B79F7D7128
:10E68000BFC97E71B89F7F71B99F8071BA9F817138
:10E69000BB9F8271BC9F8371BD9F8471A8CF857120
:10E6A000BE9F8671BF9F8771C09F8871C19F89710E
:10E6B000C29F8A71DCD08B71C39F8C71C49F8D7196
:10E6C000C59F8E71C69F8F71ACD19071C79F91719C
:10E6D000C89F9271C99F9371CA9F9471DBC895714D
:10E6E000CB9F9671CC9F9771CD9F9871D6EC997105
:10E6F000F5CE9A71CE9F9B71CF9F9C71D09F9D71DB
:10E70000D19F9E71D29F9F71ECCAA071DAECA1716A
:10E71000D39FA271D49FA371D59FA471D69FA571D9
:10E72000D79FA671D89FA771D99FA871D9ECA9715D
:10E73000DA9FAA71DB9FAB71DC9FAC71BEB0AD718B
:10E74000DD9FAE71DE9FAF71DF9FB071E09FB17151
:10E75000E19FB271E29FB371D7ECB471E39FB571E1
:10E76000D8ECB671E49FB771E59FB871E69FB971B7
:10E77000E4ECBA71E79FBB71E89FBC71E99FBD7182
:10E78000EA9FBE71EB9FBF71EC9FC071ED9FC1719D
:10E79000EE9FC271EF9FC371BCC8C471F09FC57179
:10E7A000F19FC671F29FC771F39FC871F49FC97141
:10E7B000F59FCA71F69FCB71F79FCC71F89FCD7111
:10E7C000F99FCE71C7C1CF71FA9FD071FB9FD171F4
:10E7D000FC9FD271FD9FD371FE9FD471DCECD5718B
:10E7E000E0D1D67140A0D77141A0D87142A0D971B3
:10E7F00043A0DA7144A0DB7145A0DC7146A0DD7155
:10E8000047A0DE7148A0DF7149A0E071DBECE17147
:10E810004AA0E2714BA0E3714CA0E4714DA0E571F8
:10E82000EFD4E6714EA0E771DDECE8714FA0E9711D
:10E8300050A0EA7151A0EB7152A0EC7153A0ED71A0
:10E8400054A0EE71C6DBEF7155A0F07156A0F171C6
:10E8500057A0F27158A0F37159A0F4715AA0F57144
:10E860005BA0F6715CA0F7715DA0F8715EA0F97114
:10E87000DEECFA715FA0FB7160A0FC7161A0FD711C
:10E8800062A0FE7163A0FF7164A0007265A00172B6
:10E8900066A0027267A0037268A0047269A0057284
:10E8A0006AA00672ACB107726BA008726CA0097204
:10E8B0006DA00A726EA00B726FA00C7270A00D7228
:10E8C00071A00E7272A00F7273A0107274A01172F8
:10E8D00075A0127276A0137277A0147278A01572C8
:10E8E00079A016727AA017727BA018727CA0197298
:10E8F0007DA01A727EA01B7280A01C7281A01D7266
:10E90000DFEC1E7282A01F7283A0207284A021728D
:10E9100085A0227286A0237287A0247288A0257207
:10E9200089A026728AA027728BA02872E0EC297237
:10E930008CA02A72A6D72B728DA02C72C0C52D7206
:10E940008EA02E728FA02F7290A03072BCEB31720D
:10E95000AEB0327291A0337292A0347293A035722D
:10E96000F4BE3672B8B83772AFD23872D6B03972D8
:10E97000F9B53A7294A03B72B3D83C7295A03D723F
:10E98000ACCB3E7296A03F72DDE3407297A041721D
:10E9900098A0427299A043729AA044729BA04572BB
:10E9A0009CA046729DA04772ACC64872E6B0497200
:10E9B0009EA04A729FA04B72A0A04C72C6C54D7219
:10E9C000B9EB4E72A1A04F72A2A05072A3A05172D7
:10E9D000A4A05272BAEB5372A5A05472A6A05572AD
:10E9E000A7A05672BBEB5772A8A05872A9A0597283
:10E9F000C0D15A72AAA05B72A3C55C72ABA05D7253
:10EA0000F2EA5E72ACA05F72B2C46072ADA06172D5
:10EA1000B5C46272CEC06372AEA06472AFA06572FC
:10EA2000B0A06672F3EA6772C1C46872B1A069727D
:10EA3000EFCE6A72B2A06B72B3A06C72B4A06D72AA
:10EA4000B5A06E72F0EA6F72F4EA7072B6A07172DD
:10EA5000B7A07272FCC97372B8A07472B9A0757253
:10EA6000A3C77672BAA07772BBA07872BCA0797285
:10EA7000D8CC7A72FECE7B72BDA07C72BEA07D72B5
:10EA8000BFA07E72F5EA7F72F6EA8072ACCF817227
:10EA9000E7C08272C0A08372C1A08472F7EA857257
:10EAA000C2A08672C3A08772C4A08872C5A08972F2
:10EAB000C6A08A72BFB68B72F8EA8C72C7A08D723C
:10EAC000F9EA8E72C8A08F72FAEA9072C9A09172A8
:10EAD000CAA09272FBEA9372CBA09472CCA09572FA
:10EAE000CDA09672CEA09772CFA09872D0A0997246
:10EAF000D1A09A72D2A09B72D3A09C72D4A09D7216
:10EB0000D5A09E72D6A09F72F1EAA072D7A0A17282
:10EB1000D8A0A272D9A0A372DAA0A472DBA0A572B9
:10EB2000DCA0A672DDA0A772DEA0A872DFA0A97289
:10EB3000E0A0AA72E1A0AB72E2A0AC72AEC8AD7266
:10EB4000EBE1AE72E3A0AF72B8B7B072ECE1B172B4
:10EB5000E4A0B272E5A0B372E6A0B472EDE1B572C2
:10EB6000E7A0B672B4D7B772EEE1B872EFE1B9724E
:10EB7000CCD3BA72E8A0BB72E9A0BC72EAA0BD72A5
:10EB8000EBA0BE72ECA0BF72EDA0C072EEA0C1728D
:10EB9000F1E1C272F1BFC372F0E1C472D2B5C572C5
:10EBA000EFA0C672F0A0C772F1A0C872B7B1C97267
:10EBB000F2A0CA72F3A0CB72F4A0CC72F5A0CD7211
:10EBC000F3E1CE72F2E1CF72F6A0D072FCBAD1724C
:10EBD000F7A0D272F4E1D372F8A0D472F9A0D57282
:10EBE000FAA0D672FBA0D772B7B9D872FCA0D972BE
:10EBF000D1BEDA72FDA0DB72FEA0DC7240AADD722B
:10EC000041AADE72FCC4DF7242AAE072DDBAE17290
:10EC1000C6BDE27243AAE37244AAE47245AAE57251
:10EC200046AAE67247AAE77248AAE872F5E1E972D5
:10EC3000F7E1EA7249AAEB724AAAEC72C0B6ED7229
:10EC4000C1CFEE72A8CAEF72F6E1F072F8D5F17298
:10EC5000FCD3F272F8E1F372FCE1F472F9E1F572BF
:10EC60004BAAF6724CAAF772FAE1F872EAC0F9728E
:10EC70004DAAFA72FEE1FB72A1E2FC72C7C0FD72FE
:10EC80004EAAFE724FAAFF7250AA007351AA0173D6
:10EC9000FBE1027352AA0373FDE1047353AA0573E7
:10ECA00054AA067355AA077356AA087357AA09737C
:10ECB00058AA0A73A5E20B7359AA0C735AAA0D73CA
:10ECC0005BAA0E73D4C10F735CAA10735DAA117393
:10ECD0005EAA12735FAA1373A3E2147360AA15737A
:10ECE000A8E21673FEB21773A2E2187361AA197331
:10ECF00062AA1A7363AA1B73CDC31C73C2B21D73BD
:10ED0000A7E21E73A6E21F7364AA207365AA21738B
:10ED1000A4E22273A9E2237366AA247367AA257367
:10ED2000ABE2267368AA277369AA28736AAA2973B3
:10ED3000C9D02A73EDD62B73A8C32C73ACE22D7304
:10ED40006BAA2E73D7CF2F736CAA30736DAA317351
:10ED5000AEE232736EAA33736FAA3473EFBA3573AF
:10ED600070AA367371AA3773E0E93873ADE239736C
:10ED7000AAE23A7372AA3B7373AA3C7374AA3D73F6
:10ED800075AA3E73ABBB3F73B3D4407376AA41738D
:10ED900077AA427378AA437379AA44737AAA45730F
:10EDA0007BAA46737CAA47737DAA48737EAA4973DF
:10EDB00080AA4A7381AA4B7382AA4C7383AA4D73AB
:10EDC000B0E24E7384AA4F7385AA5073AFE25173B9
:10EDD00086AA5273E1E9537387AA547388AA5573BC
:10EDE00089AA56738AAA5773B1E258738BAA5973CA
:10EDF0008CAA5A738DAA5B738EAA5C738FAA5D73FB
:10EE000090AA5E7391AA5F7392AA6073B2E2617373
:10EE100093AA627394AA637395AA647396AA65739E
:10EE200097AA667398AA677399AA68739AAA69736E
:10EE30009BAA6A739CAA6B739DAA6C73B3E26D73F1
:10EE4000A1CC6E739EAA6F73B4E270739FAA7173A4
:10EE5000A0AA727340AB737341AB747342AB75730A
:10EE600043AB767344AB777345AB787346AB79733A
:10EE700047AB7A7348AB7B7349AB7C734AAB7D730A
:10EE80004BAB7E73B5E27F734CAB80734DAB81733C
:10EE90004EAB82734FAB837350AB8473FED08573DC
:10EEA00051AB867352AB8773CAC2887353AB8973F5
:10EEB000F1D38A7354AB8B73F5CD8C7355AB8D73D3
:10EEC00056AB8E73E0E78F7357AB907358AB91736B
:10EED000E1E7927359AB93735AAB94735BAB957341
:10EEE0005CAB9673C1BE97735DAB98735EAB997361
:10EEF0005FAB9A7360AB9B73EAC29C7361AB9D730B
:10EF000062AB9E7363AB9F73E4E7A07364ABA173C2
:10EF100065ABA273E3E7A37366ABA47367ABA5739A
:10EF200068ABA67369ABA7736AABA8736BABA97325
:10EF3000E6CDAA736CABAB73B5C3AC736DABAD73FD
:10EF40006EABAE73E2E7AF73B7BBB073D6CFB1733E
:10EF50006FABB273E1C1B373E9E7B47370ABB57370
:10EF600071ABB67372ABB773E8E7B87373ABB973D1
:10EF700074ABBA73F4E7BB73A3B2BC7375ABBD7368
:10EF800076ABBE7377ABBF7378ABC073EAE7C17380
:10EF900079ABC273E6E7C3737AABC4737BABC5735B
:10EFA0007CABC6737DABC7737EABC873ECE7C9732C
:10EFB000EBE7CA73BAC9CB7380ABCC7381ABCD73AB
:10EFC000E4D5CE7382ABCF73E5E7D073A9B7D17325
:10EFD000E7E7D27383ABD37384ABD47385ABD573BC
:10EFE00086ABD67387ABD77388ABD87389ABD9732D
:10EFF000EEE7DA738AABDB738BABDC738CABDD7360
:10F000008DABDE73F3E7DF738EABE073E9D6E173AC
:10F010008FABE27390ABE37391ABE47392ABE573A8
:10F02000EDE7E67393ABE773F2E7E87394ABE9734C
:10F03000F1E7EA7395ABEB7396ABEC7397ABED73BB
:10F04000E0B0EE7398ABEF7399ABF0739AABF173DA
:10F050009BABF273F5E7F3739CABF4739DABF57365
:10F060009EABF6739FABF773A0ABF87340ACF9732C
:10F0700041ACFA7342ACFB7343ACFC7344ACFD731C
:10F0800045ACFE7346ACFF7347AC007448AC0174EA
:10F0900049AC02744AAC0374F2C704744BAC0574F7
:10F0A000C5C00674EDC007744CAC08744DAC09744F
:10F0B000F0C10A74F0E70B744EAC0C744FAC0D74D5
:10F0C00050AC0E7451AC0F74F6E71074F6CB11749B
:10F0D00052AC127453AC137454AC147455AC157414
:10F0E00056AC167457AC177458AC187459AC1974E4
:10F0F0005AAC1A74A2E81B74A1E81C745BAC1D74B2
:10F100005CAC1E745DAC1F745EAC20745FAC21748B
:10F1100060AC2274C1D7237461AC247462AC2574D2
:10F12000FAE72674F9E7277463AC2874FBE72974BF
:10F1300064AC2A74F7E72B7465AC2C74FEE72D746D
:10F1400066AC2E74FDE72F7467AC3074FCE7317445
:10F1500068AC327469AC3374D5C13474D9C73574B2
:10F16000FDC53674C3C537746AAC38746BAC39747A
:10F170006CAC3A746DAC3B746EAC3C74EDC73D74D2
:10F180006FAC3E7470AC3F7471AC407472AC41743F
:10F19000A3E8427473AC437474AC447475AC4574A6
:10F1A00076AC467477AC477478AC487479AC4974E3
:10F1B0007AAC4A747BAC4B747CAC4C747DAC4D74B3
:10F1C0007EAC4E7480AC4F7481AC507482AC517480
:10F1D00083AC527484AC537485AC547486AC55744F
:10F1E000A6E8567487AC5774A5E8587488AC59746F
:10F1F000A7E85A74F7BA5B74F8E75C74A4E85D7426
:10F2000089AC5E74F0C85F74AAC960748AAC61741A
:10F210008BAC62748CAC63748DAC64748EAC6574AE
:10F220008FAC667490AC677491AC687492AC69747E
:10F2300093AC6A7494AC6B7495AC6C7496AC6D744E
:10F24000A9E86E7497AC6F7498AC7074E5B971747A
:10F2500099AC72749AAC73749BAC74749CAC7574F6
:10F260009DAC7674FED17774A8E878749EAC7974FE
:10F270009FAC7A74A0AC7B7440AD7C7441AD7D745E
:10F2800042AD7E74AAE87F7443AD8074ADE88174AA
:10F29000AEE8827444AD8374A7C1847445AD8574AF
:10F2A00046AD867447AD8774AFE8887448AD8974FD
:10F2B00049AD8A744AAD8B74B0E88C744BAD8D74D3
:10F2C0004CAD8E74ACE88F744DAD9074B4E891740D
:10F2D0004EAD92744FAD937450AD947451AD95741E
:10F2E00052AD967453AD977454AD987455AD9974EE
:10F2F00056AD9A7457AD9B7458AD9C74ABE89D7431
:10F3000059AD9E74B1E89F745AADA0745BADA17401
:10F310005CADA2745DADA3745EADA4745FADA57465
:10F3200060ADA67461ADA774B5E8A874B2E8A9741D
:10F33000B3E8AA7462ADAB7463ADAC7464ADAD7484
:10F3400065ADAE7466ADAF7467ADB07468ADB174E1
:10F3500069ADB2746AADB3746BADB4746CADB574B1
:10F360006DADB6746EADB7746FADB87470ADB97481
:10F3700071ADBA74B7E8BB7472ADBC7473ADBD74D3
:10F3800074ADBE7475ADBF7476ADC07477ADC17425
:10F3900078ADC27479ADC3747AADC4747BADC574F5
:10F3A0007CADC6747DADC7747EADC87480ADC974C4
:10F3B00081ADCA7482ADCB7483ADCC7484ADCD7491
:10F3C00085ADCE7486ADCF7487ADD07488ADD17461
:10F3D00089ADD274B6E8D3748AADD4748BADD574CC
:10F3E0008CADD6748DADD7748EADD8748FADD97405
:10F3F00090ADDA7491ADDB7492ADDC74CFB9DD748D
:10F4000093ADDE74ACF0DF7494ADE074ADF0E174F4
:10F4100095ADE274B0C6E374EAB0E474BFC8E574B5
:10F4200096ADE674DFCDE77497ADE87498ADE974F6
:10F4300099ADEA749AADEB749BADEC749CADED7430
:10F440009DADEE74CDCEEF74B1EAF0749EADF17463
:10F450009FADF274A0ADF37440AEF474B2EAF574EB
:10F4600041AEF674BFC6F774C9B4F87442AEF9740D
:10F4700043AEFA7444AEFB7445AEFC7446AEFD7404
:10F4800047AEFE7448AEFF74B3EA007549AE01752D
:10F490004AAE02754BAE03754CAE0475E7D50575E3
:10F4A0004DAE06754EAE07754FAE087550AE097578
:10F4B00051AE0A7552AE0B7553AE0C7554AE0D7548
:10F4C000F9DD0E7555AE0F75B4EA107556AE1175AF
:10F4D000B5EA127557AE1375B6EA147558AE1575C0
:10F4E00059AE16755AAE17755BAE1875CAB8197550
:10F4F000B0DF1A75F5C91B755CAE1C75F0CC1D75B7
:10F500005DAE1E755EAE1F75FAC920755FAE2175C2
:10F5100060AE227561AE237562AE247563AE25754B
:10F52000FBC9267564AE277565AE2875C3D32975EA
:10F53000A6CB2A7566AE2B75A6B82C75AEF02D75C8
:10F54000C2B12E7567AE2F75B8E53075EFCC317549
:10F55000C9D33275D7BC3375EAC9347568AE357511
:10F56000E7B5367569AE3775D0C43875E9B5397504
:10F570006AAE3A75AEEE3B75ADBB3C756BAE3D7594
:10F580006CAE3E75DEE73F756DAE4075AFEE417512
:10F590006EAE42756FAE437570AE447571AE457513
:10F5A000A9B3467572AE477573AE4875B2EE49752C
:10F5B00074AE4A7575AE4B75B1EE4C75E7BD4D75C1
:10F5C00076AE4E75B0EE4F75B7CE507577AE5175BD
:10F5D00078AE527579AE53757AAE5475CFC5557500
:10F5E0007BAE56757CAE57757DAE58757EAE59753F
:10F5F000F4C15A75CEDB5B75B3EE5C75F3D05D7507
:10F6000080AE5E7581AE5F7582AE607583AE6175EA
:10F6100084AE627585AE637586AE647587AE6575BA
:10F62000D4C26675E8C6677588AE687589AE6975B7
:10F630008AAE6A75ACB76B758BAE6C758CAE6D753A
:10F640008DAE6E758EAE6F758FAE707590AE717536
:10F6500091AE7275B4EE737592AE7475EBB3757549
:10F6600093AE767594AE777595AE7875FBBB79756C
:10F67000B5EE7A7596AE7B7597AE7C7598AE7D7556
:10F6800099AE7E759AAE7F75DCE780759BAE81750D
:10F690009CAE82759DAE8375B6EE84759EAE857503
:10F6A0009FAE8675AEBD8775A0AE887540AF897573
:10F6B00041AF8A7542AF8B75E2F18C7543AF8D75A2
:10F6C00044AF8E7545AF8F75E8CA907546AF91759A
:10F6D000C9D29275DAF0937547AF9475DBF09575E2
:10F6E00048AF9675DCF09775C6C1987549AF9975A6
:10F6F000EDB89A75CEBE9B754AAF9C754BAF9D75A4
:10F70000DEF09E754CAF9F75B1C5A075DDF0A1759B
:10F71000F1D1A2754DAFA375E0F0A475CCB0A5757D
:10F72000EABDA6754EAFA7754FAFA87550AFA975C6
:10F7300051AFAA7552AFAB75DFD2AC75DFF0AD75C6
:10F7400053AFAE75AFB4AF75E8B7B075E6F0B1754D
:10F75000E5F0B275A3C6B375E1F0B475E2F0B57526
:10F76000C3B4B67554AFB77555AFB875E3F0B97596
:10F77000EED5BA7556AFBB7557AFBC75DBCCBD7552
:10F78000D2BEBE75B2BCBF7558AFC07559AFC1759A
:10F790005AAFC275E8F0C375E7F0C475E4F0C575FB
:10F7A000A1B2C6755BAFC775A2D6C875B8D3C97507
:10F7B000B7BECA75ACC8CB755CAFCC755DAFCD7547
:10F7C000EAF0CE755EAFCF755FAFD07560AFD17523
:10F7D00061AFD275F7D1D37562AFD475CCD6D5757C
:10F7E000DBBAD675E9F0D77563AFD875BBB6D975F6
:10F7F00064AFDA7565AFDB75B4CDDC7566AFDD750A
:10F8000067AFDE75A6C6DF7568AFE07569AFE175F5
:10F810006AAFE275A1C1E375EBF0E475EEF0E57552
:10F820006BAFE675EDF0E775F0F0E875ECF0E975B3
:10F830006CAFEA75BEBBEB75EFF0EC756DAFED75B7
:10F840006EAFEE756FAFEF7570AFF075B5CCF1754B
:10F85000F2F0F27571AFF37572AFF475D5B3F5755B
:10F8600073AFF67574AFF77575AFF87576AFF97558
:10F87000D4B1FA7577AFFB7578AFFC75F3F0FD7511
:10F8800079AFFE757AAFFF75F4F00076F6F0017689
:10F89000E1B402767BAF0376F1F004767CAF0576B7
:10F8A000F7F006767DAF07767EAF087680AF0976F3
:10F8B00081AF0A76FAF00B7682AF0C76F8F00D760F
:10F8C00083AF0E7684AF0F7685AF1076F5F01176A4
:10F8D00086AF127687AF137688AF147689AF157628
:10F8E000FDF016768AAF1776F9F01876FCF01976E7
:10F8F000FEF01A768BAF1B76A1F11C768CAF1D76CD
:10F900008DAF1E768EAF1F76C1CE2076A4F1217604
:10F910008FAF2276A3F1237690AF2476F6C12576B9
:10F92000FBF02676DDCA277691AF287692AF29764E
:10F93000F1B42A76F1B12B76B1CC2C7693AF2D763B
:10F94000A6F12E7694AF2F7695AF3076A7F131766B
:10F9500096AF327697AF3376ACF13476CED5357636
:10F96000A9F1367698AF377699AF3876B3C839763D
:10F970009AAF3A769BAF3B769CAF3C76A2F13D7650
:10F980009DAF3E76ABF13F76A8F14076A5F141768A
:10F990009EAF42769FAF4376AAF14476A0AF4576FC
:10F9A00040B0467641B0477642B0487643B049769B
:10F9B00044B04A7645B04B7646B04C76A9B04D7609
:10F9C000ADF14E7647B04F7648B0507649B051769B
:10F9D0004AB052764BB053764CB05476AFF1557670
:10F9E0004DB05676B1F157764EB058764FB0597645
:10F9F00050B05A7651B05B7652B05C76B0F15D761D
:10FA000053B05E76AEF15F7654B0607655B06176F5
:10FA100056B0627657B06376A2D1647658B06576F8
:10FA200059B066765AB067765BB068765CB0697636
:10FA30005DB06A765EB06B76B2F16C765FB06D7673
:10FA400060B06E7661B06F76B3F1707662B0717649
:10FA500063B0727664B0737665B0747666B07576AE
:10FA600067B0767668B0777669B07876EFB97976F0
:10FA70006AB07A766BB07B76C7B57C766CB07D76F3
:10FA8000D7B07E76D9B07F766DB080766EB0817655
:10FA90006FB08276EDD4837670B08476C4B5857607
:10FAA00071B08676D4BD8776CABB8876A7F0897692
:10FAB00072B08A7673B08B76DEB88C7674B08D7641
:10FAC00075B08E76A8F08F7676B0907677B0917616
:10FAD000A8B0927678B09376A9F0947679B09576BE
:10FAE0007AB09676EECD97767BB098767CB09976A4
:10FAF000AAF09A767DB09B767EB09C7680B09D769B
:10FB000081B09E7682B09F7683B0A07684B0A176D5
:10FB100085B0A27686B0A37687B0A476ABF0A57642
:10FB200088B0A67689B0A7768AB0A8768BB0A97679
:10FB30008CB0AA768DB0AB768EB0AC768FB0AD7649
:10FB400090B0AE76A4C6AF7691B0B07692B0B176F2
:10FB5000E5D6B276E4F1B37693B0B476E5F1B57656
:10FB600094B0B67695B0B77696B0B87697B0B976C9
:10FB700098B0BA7699B0BB769AB0BC769BB0BD7699
:10FB80009CB0BE769DB0BF76F3C3C0769EB0C17602
:10FB90009FB0C276DBD3C376A0B0C47640B1C57641
:10FBA000D1D6C676E8C5C77641B1C876AFD3C97697
:10FBB00042B1CA76E6D2CB7643B1CC7644B1CD76AB
:10FBC000C1EECE76BBB0CF76B5D5D076CED1D176DC
:10FBD000E0BCD276D0BAD37645B1D476F8BFD5762C
:10FBE00046B1D676C7B8D776C1B5D876CCC5D97662
:10FBF00047B1DA7648B1DB76A2CADC7649B1DD7668
:10FC00004AB1DE764BB1DF76CBC3E0764CB1E1761C
:10FC10004DB1E2764EB1E3764FB1E47650B1E57680
:10FC2000C2EEE67651B1E77652B1E87653B1E976A5
:10FC300054B1EA7655B1EB7656B1EC7657B1ED7624
:10FC400058B1EE76BFC4EF76A2B6F07659B1F17630
:10FC5000ECEDF276A4C3F3765AB1F476B1D6F5762C
:10FC60005BB1F6765CB1F7765DB1F876E0CFF97608
:10FC7000EFEDFA765EB1FB765FB1FC76CEC5FD7630
:10FC800060B1FE76DCB6FF7661B1007762B10177D4
:10FC9000A1CA027763B1037764B10477EDED05770C
:10FCA00065B1067766B10777F0ED0877F1ED097772
:10FCB000BCC30A7767B10B77B4BF0C7768B10D7717
:10FCC000EEED0E7769B10F776AB110776BB11177EE
:10FCD0006CB112776DB113776EB114776FB1157780
:10FCE00070B1167771B1177772B1187773B1197750
:10FCF000F4ED1A77F2ED1B7774B11C7775B11D77AF
:10FD000076B11E7777B11F77E6D52077DFC32177ED
:10FD100078B12277F3ED237779B124777AB125771B
:10FD20007BB12677F6ED27777CB12877A3D52977A5
:10FD3000A3D12A777DB12B777EB12C7780B12D7737
:10FD4000F5ED2E7781B12F77D0C3307782B131773F
:10FD500083B1327784B1337785B1347786B1357723
:10FD6000F7ED3677F4BF3777ECBE3877F8ED3977B3
:10FD700087B13A77F7CC3B7788B13C77DBD13D77D9
:10FD800089B13E778AB13F778BB14077C5D741774C
:10FD9000F6D542778CB14377FCED44778DB145774A
:10FDA0008EB146778FB14777FBED487790B14977B1
:10FDB00091B14A7792B14B7793B14C7794B14D772B
:10FDC00095B14E7796B14F7797B15077F9ED51775E
:10FDD000FAED527798B1537799B154779AB1557734
:10FDE0009BB156779CB157779DB158779EB15977A3
:10FDF0009FB15A77FDED5B77A6BE5C77A0B15D77CA
:10FE000040B25E7741B25F7742B2607743B26177CA
:10FE1000AFCB6277A1EE6377BDB6647744B2657706
:10FE2000A2EE6677C0C4677745B26877FEED697762
:10FE300046B26A7747B26B77DEBD6C77C7B26D7733
:10FE400048B26E7749B26F774AB270774BB271772A
:10FE50004CB272774DB273774EB274774FB27577FA
:10FE600050B2767751B2777752B2787753B27977CA
:10FE7000C3B67A7754B27B7755B27C7756B27D772A
:10FE8000A5EE7E77BAD87F77A3EE8077A6EE81774E
:10FE900057B2827758B2837759B28477E9C38577AE
:10FEA000F2B386775AB287775BB288775CB289778C
:10FEB0005DB28A775EB28B775FB28C77A7EE8D7773
:10FEC000A4EE8E77B9CF8F7760B2907761B29177D9
:10FED000A8EE9277F7C2937762B2947763B2957780
:10FEE00064B2967765B2977766B2987767B299777A
:10FEF00068B29A7769B29B776AB29C776BB29D774A
:10FF00006CB29E776DB29F77A9EEA077AAEEA1772B
:10FF10006EB2A277ABDEA3776FB2A47770B2A5778B
:10FF2000B3C6A67771B2A777C6C7A87772B2A9770A
:10FF3000F5D6AA77C9B5AB7773B2AC77B2CBAD774C
:10FF400074B2AE7775B2AF7776B2B077ABEEB17709
:10FF500077B2B27778B2B377ABCDB47779B2B57701
:10FF6000ACEEB6777AB2B7777BB2B8777CB2B977B6
:10FF70007DB2BA777EB2BB77B0D5BC7780B2BD77A1
:10FF8000ADEEBE7781B2BF77C4F6C07782B2C177DB
:10FF900083B2C27784B2C37785B2C47786B2C5779D
:10FFA00087B2C67788B2C77789B2C8778AB2C9776D
:10FFB0008BB2CA778CB2CB778DB2CC778EB2CD773D
:10FFC000C7DBCE778FB2CF7790B2D07791B2D177AF
:10FFD00092B2D27793B2D37794B2D47795B2D577E1
:10FFE00096B2D67797B2D777A3B4D87798B2D977A5
:10FFF00099B2DA779AB2DB77ACC3DC77E6F1DD77DA
:020000040802F0
:100000009BB2DE779CB2DF779DB2E0779EB2E1775C
:100010009FB2E277B8CAE377D3D2E477A0B2E577AC
:10002000AAD6E67740B3E777F2EFE87741B3E9770E
:10003000D8BEEA7742B3EB77C3BDEC77F3EFED7749
:10004000CCB6EE77ABB0EF7743B3F07744B3F1774C
:1000500045B3F27746B3F377AFCAF47747B3F57792
:1000600048B3F677B6EDF77749B3F877B7EDF97798
:100070004AB3FA774BB3FB774CB3FC774DB3FD77BC
:10008000F9CEFE77AFB7FF77F3BF0078B8ED017810
:10009000EBC20278B0C903784EB304784FB3057849
:1000A00050B3067851B3077852B3087853B3097840
:1000B000B9ED0A7854B30B7855B30C78F6C60D78C1
:1000C000B3BF0E7856B30F7857B3107858B3117882
:1000D000BCED1278F8C5137859B31478D0D11578DF
:1000E0005AB31678A9D71778BAED1878BBED1978F6
:1000F0005BB31A78E2D11B785CB31C78BFED1D7836
:10010000C0ED1E785DB31F78C4ED20785EB3217812
:100110005FB3227860B32378C8ED247861B3257883
:10012000C6ED2678CEED2778E8D5287862B3297811
:10013000C9ED2A7863B32B7864B32C78C7ED2D789A
:10014000BEED2E7865B32F7866B33078E9C5317887
:1001500067B3327868B3337869B33478C6C6357814
:100160006AB336786BB33778E9C93878D2D439783E
:10017000C1ED3A78C2ED3B78C3ED3C78C5ED3D78F2
:100180006CB33E78F9C03F786DB34078A1B4417844
:100190006EB342786FB3437870B3447871B34578E7
:1001A000E8B9467872B34778D0ED487873B34978A8
:1001B00074B34A7875B34B7876B34C78D1ED4D78FB
:1001C00077B34E78CAED4F7878B35078CFED517849
:1001D00079B35278F8CE53787AB354787BB35578A4
:1001E000B6CB5678CCED5778CDED58787CB35978AE
:1001F0007DB35A787EB35B7880B35C7881B35D78E9
:10020000F5CF5E7882B35F7883B3607884B361782A
:1002100085B3627886B3637887B3647888B365788A
:1002200089B366788AB367788BB368788CB369785A
:100230008DB36A78D2ED6B78F2C16C78B2D36D78F9
:10024000CBED6E78B7C86F788EB370788FB3717856
:1002500090B3727891B3737892B3747893B37578DE
:1002600094B3767895B37778EFBC787896B379784D
:1002700097B37A7898B37B7899B37C78F0C57D781A
:100280009AB37E789BB37F789CB380789DB3817856
:100290009EB382789FB38378A0B3847840B4857886
:1002A00041B4867842B48778D6ED887843B48978AB
:1002B000EFB58A7844B48B7845B48C78B5C28D7824
:1002C000ADB08E78E9CB8F7846B4907847B491780A
:1002D000AEB1927848B49378D4ED947849B49578D7
:1002E0004AB496784BB49778EBCD9878E2B5997884
:1002F0004CB49A78D5ED9B78D3ED9C78D7ED9D786A
:100300004DB49E784EB49F78FAB5A0784FB4A178DA
:10031000D8EDA27850B4A378D9EDA47851B4A578DB
:10032000DCEDA67852B4A778CCB1A87853B4A978FC
:1003300054B4AA7855B4AB7856B4AC7857B4AD7809
:1003400058B4AE7859B4AF785AB4B078F6C5B1782D
:10035000EEBCB278DAEDB378BCCCB478EAB2B5785A
:100360005BB4B6785CB4B7785DB4B8785EB4B9788D
:10037000DBEDBA785FB4BB7860B4BC7861B4BD78AB
:1003800062B4BE78EBC4BF7863B4C07864B4C1789B
:10039000C5B4C27865B4C37866B4C47867B4C578A8
:1003A000F5B0C67868B4C77869B4C8786AB4C97853
:1003B000DFEDCA78DAC0CB78E8B4CC786BB4CD780E
:1003C0006CB4CE786DB4CF786EB4D078CDC5D1781A
:1003D0006FB4D27870B4D37871B4D478DDEDD578B9
:1003E000C4BFD67872B4D77873B4D87874B4D978D7
:1003F000DEEDDA7875B4DB7876B4DC7877B4DD7866
:1004000078B4DE7879B4DF787AB4E0787BB4E178D8
:100410007CB4E2787DB4E3787EB4E47880B4E578A7
:1004200081B4E67882B4E77883B4E878A5C4E97843
:1004300084B4EA7885B4EB7886B4EC78E0EDED78B6
:1004400087B4EE7888B4EF7889B4F0788AB4F1781C
:100450008BB4F278E1EDF3788CB4F478E3EDF578D1
:100460008DB4F6788EB4F778D7C1F8788FB4F97870
:1004700090B4FA78C7BBFB7891B4FC7892B4FD785D
:1004800093B4FE7894B4FF7895B4007996B401796A
:10049000B8BD027997B4037998B4047999B4057911
:1004A000E2ED06799AB407799BB408799CB409798E
:1004B0009DB40A799EB40B799FB40C79A0B40D79E0
:1004C00040B50E7941B50F7942B5107943B5117930
:1004D00044B5127945B51379E4ED147946B515792B
:1004E00047B5167948B5177949B518794AB51979D4
:1004F0004BB51A794CB51B794DB51C794EB51D79A4
:100500004FB51E79E6ED1F7950B5207951B52179A7
:1005100052B5227953B5237954B52479E5ED25797F
:1005200055B5267956B5277957B5287958B529791B
:1005300059B52A795AB52B795BB52C795CB52D79EB
:100540005DB52E795EB52F795FB5307960B53179BB
:1005500061B5327962B5337963B53479E7ED3579D0
:1005600064B5367965B5377966B5387967B539795F
:1005700068B53A79BECA3B79EAEC3C79F1C03D797D
:1005800069B53E79E7C93F796AB54079EBEC4179C5
:10059000EEC642796BB543796CB544796DB5457952
:1005A0006EB54679ECEC47796FB54879EDC6497977
:1005B000EDEC4A7970B54B7971B54C7972B54D79DE
:1005C00073B54E7974B54F7975B5507976B5517963
:1005D00077B5527978B55379F0EC547979B5557986
:1005E0007AB55679E6D75779F3EC58797BB55979CE
:1005F0007CB55A79F1EC5B79EEEC5C79EFEC5D79E6
:10060000A3D75E79F1C95F79EECB6079F4EC6179BB
:100610007DB56279F2EC63797EB5647980B56579F0
:10062000E9CF667981B56779F6EC6879B1C6697901
:1006300082B56A7983B56B7984B56C7985B56D7946
:10064000C0BC6E7986B56F79F5EC707987B5717934
:1006500088B5727989B573798AB574798BB57579EE
:100660008CB576798DB57779BBB57879F6BB797924
:100670008EB57A79F7EC7B798FB57C7990B57D79F9
:1006800091B57E7992B57F7993B58079F7D98179E3
:10069000FBBD827994B5837995B58479BBC28579A0
:1006A000F8EC867996B5877997B5887998B5897980
:1006B00099B58A79F9EC8B799AB58C799BB58D7956
:1006C0009CB58E799DB58F79A3B890799EB59179B7
:1006D0009FB59279A0B5937940B6947941B6957952
:1006E00042B6967943B6977944B6987945B69979E2
:1006F00046B69A79FAEC9B7947B69C7948B69D79CB
:1007000049B69E794AB69F794BB6A0794CB6A17985
:100710004DB6A2794EB6A3794FB6A47950B6A57955
:1007200051B6A67952B6A779FBECA87953B6A97948
:1007300054B6AA7955B6AB7956B6AC7957B6AD79F9
:1007400058B6AE7959B6AF795AB6B0795BB6B179C9
:100750005CB6B2795DB6B379FCECB4795EB6B579C6
:100760005FB6B67960B6B77961B6B87962B6B9796D
:10077000EDD3BA79AED8BB79EBC0BC7963B6BD799D
:10078000DDC7BE79CCBABF7964B6C079E3D0C17990
:10079000BDCBC27965B6C379BACDC47966B6C57921
:1007A00067B6C679D1B8C77968B6C87969B6C97964
:1007B000FCB1CA796AB6CB79EFC7CC796BB6CD7983
:1007C000D6D6CE796CB6CF796DB6D0796EB6D179F2
:1007D000C6BFD279EBC3D3796FB6D47970B6D57969
:1007E000F5EFD67971B6D77972B6D879D8C3D979F9
:1007F00073B6DA7974B6DB7975B6DC7976B6DD79FD
:1008000077B6DE7978B6DF79E2D7E07979B6E17943
:100810007AB6E2797BB6E379F7EFE479D3B3E57999
:100820007CB6E679D8C7E779EDD1E8797DB6E97984
:10083000C8D6EA797EB6EB79F8EFEC7980B6ED7937
:10084000F6EFEE7981B6EF79FDBBF079C6B3F179B9
:1008500082B6F27983B6F37984B6F47985B6F57900
:1008600086B6F67987B6F77988B6F879D5BDF9797D
:1008700089B6FA798AB6FB79C6D2FC798BB6FD794E
:10088000E0BBFE798CB6FF798DB6007AA1CF017AF4
:100890008EB6027AFCEF037AFBEF047A8FB6057A04
:1008A00090B6067AF9EF077A91B6087A92B6097A85
:1008B00093B60A7A94B60B7ACCB30C7A95B60D7AC5
:1008C000D4C90E7AB0CB0F7A96B6107A97B6117A51
:1008D00098B6127A99B6137A9AB6147AFEEF157A08
:1008E0009BB6167A9CB6177ADEB0187A9DB6197A3E
:1008F0009EB61A7AC9D61B7A9FB61C7AA0B61D7A04
:1009000040B71E7AFDEF1F7A41B7207AEDB3217A06
:1009100042B7227A43B7237AD5F6247A44B7257AA8
:1009200045B7267A46B7277A47B7287A48B7297A4B
:1009300049B72A7A4AB72B7A4BB72C7A4CB72D7A1B
:100940004DB72E7A4EB72F7A4FB7307A50B7317AEB
:1009500051B7327A52B7337AC8CE347A53B7357A30
:1009600054B7367A55B7377AA2F0387A56B7397A0B
:10097000A1F03A7A57B73B7ABEB53C7ADABC3D7AF9
:10098000FCBB3E7A58B73F7AE5B8407A59B7417A0E
:100990005AB7427A5BB7437A5CB7447A5DB7457A17
:1009A0005EB7467AC2C4477A5FB7487A60B7497A79
:1009B00061B74A7A62B74B7A63B74C7A64B74D7ABB
:1009C00065B74E7A66B74F7A67B7507A68B7517A8B
:1009D000A3F0527A69B7537A6AB7547A6BB7557AEB
:1009E0006CB7567A6DB7577AEBCB587A6EB7597A9F
:1009F0006FB75A7A70B75B7A71B75C7A72B75D7A03
:100A000073B75E7A74B75F7A75B7607A76B7617AD2
:100A100077B7627A78B7637A79B7647A7AB7657AA2
:100A20007BB7667A7CB7677A7DB7687A7EB7697A72
:100A300080B76A7A81B76B7A82B76C7A83B76D7A3E
:100A400084B76E7A85B76F7A86B7707AA6F0717AB6
:100A500087B7727A88B7737A89B7747AA8D1757AAA
:100A60008AB7767ABFBE777AEEC7787AB6F1797AA6
:100A7000B7F17A7AD5BF7B7A8BB77C7A8CB77D7ADF
:100A80008DB77E7A8EB77F7AA9B4807AB8F1817AF1
:100A9000BBCD827A8FB7837AD4C7847AADD5857A75
:100AA00090B7867AB9F1877A91B7887ABAF1897A5C
:100AB00092B78A7A93B78B7A94B78C7A95B78D7AF6
:100AC000CFC78E7A96B78F7A97B7907A98B7917A80
:100AD000A4D2927ACFD6937A99B7947A9AB7957A24
:100AE000BBF1967AD1BD977AB0B4987ABDBE997AA7
:100AF0009BB79A7A9CB79B7A9DB79C7ADCB49D7A17
:100B0000D1CE9E7A9EB79F7ADFBFA07ABDF1A17A3F
:100B10009FB7A27AA0B7A37A40B8A47A41B8A57AC1
:100B2000FABFA67ABCF1A77A42B8A87ABFF1A97A2F
:100B300043B8AA7A44B8AB7A45B8AC7ABEF1AD7A7C
:100B4000C0F1AE7A46B8AF7A47B8B07A48B8B17A51
:100B500049B8B27A4AB8B37AC1F1B47A4BB8B57A27
:100B60004CB8B67A4DB8B77A4EB8B87A4FB8B97AA9
:100B700050B8BA7A51B8BB7A52B8BC7A53B8BD7A79
:100B800054B8BE7A55B8BF7AFEC1C07A56B8C17A99
:100B900057B8C27A58B8C37A59B8C47A5AB8C57A1D
:100BA0005BB8C67A5CB8C77A5DB8C87A5EB8C97AED
:100BB0005FB8CA7A60B8CB7AA2C1CC7A61B8CD7A74
:100BC00062B8CE7A63B8CF7A64B8D07A65B8D17A91
:100BD00066B8D27A67B8D37A68B8D47A69B8D57A61
:100BE0006AB8D67AFACAD77A6BB8D87A6CB8D97A92
:100BF000BED5DA7A6DB8DB7A6EB8DC7A6FB8DD7A9A
:100C000070B8DE7ABABEDF7AB9BEE07AC2D5E17AD0
:100C100071B8E27A72B8E37AA2BFE47A73B8E57A7F
:100C2000AFCDE67AB5F1E77A74B8E87A75B8E97AC3
:100C300076B8EA7A77B8EB7A78B8EC7A79B8ED7A60
:100C4000DFBDEE7A7AB8EF7ACBB6F07A7BB8F17A7C
:100C50007CB8F27A7DB8F37A7EB8F47A80B8F57A07
:100C600081B8F67A82B8F77A83B8F87A84B8F97AD4
:100C7000F1D6FA7AC3F3FB7A85B8FC7A86B8FD7AA6
:100C8000C4F3FE7A87B8FF7ACDB8007B88B8017BC1
:100C900089B8027B8AB8037BC6F3047BC7F3057B64
:100CA0008BB8067BCAB0077B8CB8087BC5F3097B81
:100CB0008DB80A7BC9F30B7BF1CB0C7B8EB80D7B17
:100CC0008FB80E7B90B80F7BCBF3107B91B8117B64
:100CD000A6D0127B92B8137B93B8147BCAB1157B54
:100CE000C8F3167B94B8177B95B8187B96B8197B18
:100CF000CFF31A7B97B81B7BD1B51C7B98B81D7BB3
:100D000099B81E7BD7F31F7B9AB8207BD2F3217B47
:100D10009BB8227B9CB8237B9DB8247BD4F3257B96
:100D2000D3F3267BFBB7277B9EB8287BBFB1297BFB
:100D30009FB82A7BCEF32B7BCAF32C7BDAB52D7BB5
:100D4000A0B82E7BD0F32F7B40B9307B41B9317BEB
:100D5000D1F3327B42B9337BD5F3347B43B9357B56
:100D600044B9367B45B9377B46B9387BCDF3397BFF
:100D700047B93A7BE3BC3B7B48B93C7BFDC13D7B3B
:100D800049B93E7BD6F33F7B4AB9407B4BB9417BA7
:100D90004CB9427B4DB9437B4EB9447B4FB9457B3F
:100DA000DAF3467B50B9477BCCF3487B51B9497B9A
:100DB000C8B54A7B52B94B7BEEBD4C7BDCF34D7B17
:100DC00053B94E7B54B94F7BA4B7507BF0BF517BD6
:100DD000FED6527BB2CD537B55B9547BF0B4557BD4
:100DE00056B9567BDFB2577B57B9587BD8F3597B3E
:100DF00058B95A7BD9F35B7BB8C95C7B59B95D7B29
:100E0000DDF35E7B5AB95F7B5BB9607BDEF3617BB0
:100E10005CB9627BE1F3637B5DB9647B5EB9657B42
:100E20005FB9667B60B9677B61B9687B62B9697BD2
:100E300063B96A7B64B96B7B65B96C7B66B96D7BA2
:100E400067B96E7BDFF36F7B68B9707B69B9717BC3
:100E5000E3F3727BE2F3737B6AB9747B6BB9757BE6
:100E6000DBF3767B6CB9777BEABF787B6DB9797BF6
:100E7000EFB37A7B6EB97B7BE0F37C7B6FB97D7BD4
:100E800070B97E7BA9C77F7B71B9807BF2BC817B07
:100E900072B9827B73B9837B74B9847B75B9857BA6
:100EA000EBF3867B76B9877B77B9887B78B9897BCA
:100EB00079B98A7B7AB98B7B7BB98C7B7CB98D7B4A
:100EC000BFB98E7B7DB98F7B7EB9907BE4F3917B3C
:100ED00080B9927B81B9937B82B9947BADB2957BCB
:100EE000FEBB967B83B9977BE3CB987B84B9997BD8
:100EF00085B99A7B86B99B7B87B99C7BEDF39D7BFB
:100F0000E9F39E7B88B99F7B89B9A07B8AB9A17BD5
:100F1000DCB9A27BEEF3A37B8BB9A47B8CB9A57B58
:100F20008DB9A67BE5F3A77BE6F3A87BEAF3A97B63
:100F3000E1C2AA7BECF3AB7BEFF3AC7BE8F3AD7BD8
:100F4000FDBCAE7B8EB9AF7B8FB9B07B90B9B17B66
:100F5000E4CFB27B91B9B37B92B9B47BF0F3B57BAC
:100F600093B9B67B94B9B77B95B9B87BE7F3B97BF6
:100F700096B9BA7B97B9BB7B98B9BC7B99B9BD7B55
:100F80009AB9BE7B9BB9BF7B9CB9C07B9DB9C17B25
:100F9000F2F3C27B9EB9C37B9FB9C47BA0B9C57B6A
:100FA00040BAC67BADD7C77BAAC6C87B41BAC97B4E
:100FB00042BACA7B43BACB7B44BACC7BF3F3CD7B3A
:100FC00045BACE7B46BACF7B47BAD07B48BAD17BF5
:100FD000F1F3D27B49BAD37BA8C2D47B4ABAD57B82
:100FE0004BBAD67B4CBAD77B4DBAD87B4EBAD97B9D
:100FF000DDB8DA7BF5F3DB7B4FBADC7B50BADD7B07
:10100000F4F3DE7B51BADF7B52BAE07B53BAE17B6B
:10101000DBB4E27B54BAE37B55BAE47B56BAE57B9A
:10102000F6F3E67BF7F3E77B57BAE87B58BAE97B40
:1010300059BAEA7BF8F3EB7B5ABAEC7B5BBAED7BEF
:101040005CBAEE7BBAC0EF7B5DBAF07B5EBAF17B37
:10105000E9C0F27B5FBAF37B60BAF47B61BAF57BDF
:1010600062BAF67B63BAF77BF1C5F87B64BAF97BA9
:1010700065BAFA7B66BAFB7B67BAFC7BFBF3FD7B48
:1010800068BAFE7BFAF3FF7B69BA007C6ABA017C1E
:101090006BBA027C6CBA037C6DBA047C6EBA057CB8
:1010A0006FBA067C70BA077CD8B4087C71BA097C28
:1010B00072BA0A7C73BA0B7CFEF30C7CF9F30D7CDC
:1010C00074BA0E7C75BA0F7CFCF3107C76BA117C76
:1010D00077BA127C78BA137C79BA147C7ABA157C08
:1010E0007BBA167CFDF3177C7CBA187C7DBA197C20
:1010F0007EBA1A7C80BA1B7C81BA1C7C82BA1D7CA9
:1011000083BA1E7C84BA1F7CA1F4207C85BA217C22
:1011100086BA227C87BA237C88BA247C89BA257C4B
:101120008ABA267CA3F4277CC9BB287C8BBA297C8D
:101130008CBA2A7CA2F42B7C8DBA2C7C8EBA2D7CA6
:101140008FBA2E7C90BA2F7C91BA307C92BA317CC7
:1011500093BA327C94BA337C95BA347C96BA357C97
:1011600097BA367C98BA377C99BA387CA4F4397C23
:101170009ABA3A7C9BBA3B7C9CBA3C7C9DBA3D7C3B
:101180009EBA3E7C9FBA3F7CBEB2407CA6F4417CB6
:10119000A5F4427CA0BA437C40BB447C41BB457C67
:1011A00042BB467C43BB477C44BB487C45BB497C37
:1011B00046BB4A7C47BB4B7C48BB4C7C49BB4D7C07
:1011C000AEBC4E7C4ABB4F7C4BBB507C4CBB517C75
:1011D0004DBB527C4EBB537C4FBB547C50BB557CAB
:1011E00051BB567C52BB577C53BB587C54BB597C7B
:1011F00055BB5A7C56BB5B7C57BB5C7C58BB5D7C4B
:1012000059BB5E7C5ABB5F7C5BBB607C5CBB617C1A
:101210005DBB627C5EBB637C5FBB647C60BB657CEA
:1012200061BB667C62BB677C63BB687C64BB697CBA
:1012300065BB6A7C66BB6B7C67BB6C7C68BB6D7C8A
:1012400069BB6E7C6ABB6F7C6BBB707C6CBB717C5A
:101250006DBB727C6EBB737CD7C3747CE1D9757C2B
:101260006FBB767C70BB777C71BB787C72BB797C02
:1012700073BB7A7C74BB7B7CE0C07C7CCCF47D7CD3
:10128000D1D77E7C75BB7F7C76BB807C77BB817C35
:1012900078BB827C79BB837C7ABB847C7BBB857C7E
:1012A0007CBB867C7DBB877C7EBB887C80BB897C4D
:1012B000DBB78A7C81BB8B7C82BB8C7C83BB8D7CC7
:1012C00084BB8E7C85BB8F7C86BB907C87BB917CEE
:1012D000CEF4927CA3C1937C88BB947C89BB957C23
:1012E000C9C6967C8ABB977CD6B4987CB3D5997CCA
:1012F0008BBB9A7C8CBB9B7C8DBB9C7CD0F49D7CF7
:10130000CFF49E7CD1F49F7CDACBA07C8EBBA17CF9
:101310008FBBA27CD2F4A37C90BBA47CC1D4A57C5F
:10132000E0D6A67C91BBA77C92BBA87C93BBA97C92
:1013300094BBAA7CE0B7AB7C95BBAC7C96BBAD7C88
:1013400097BBAE7CB8C1AF7C98BBB07C99BBB17C7D
:10135000BBC1B27CD3F4B37CACBEB47C9ABBB57CCD
:101360009BBBB67C9CBBB77C9DBBB87C9EBBB97C51
:10137000E2B4BA7C9FBBBB7CA0BBBC7CD4F4BD7C7C
:10138000D5F4BE7CABBEBF7C40BCC07C41BCC17C44
:10139000D6F4C27C42BCC37C43BCC47C44BCC57C88
:1013A000DBF4C67C45BCC77CD7F4C87CDAF4C97CC6
:1013B00046BCCA7CFDBACB7C47BCCC7CD8F4CD7C87
:1013C000D9F4CE7C48BCCF7C49BCD07C4ABCD17C13
:1013D0004BBCD27C4CBCD37C4DBCD47C4EBCD57CAD
:1013E000E2B8D67CC7CCD77CDCF4D87C4FBCD97CA7
:1013F000DAB2DA7C50BCDB7C51BCDC7CD3C3DD7C54
:1014000052BCDE7C53BCDF7CE3D4E07CB7BFE17C24
:1014100054BCE27C55BCE37C56BCE47C57BCE57C08
:1014200058BCE67C59BCE77C5ABCE87CDDF4E97C1E
:101430005BBCEA7C5CBCEB7C5DBCEC7C5EBCED7CAC
:101440005FBCEE7C60BCEF7CB4C5F07C61BCF17C21
:1014500062BCF27C63BCF37C64BCF47C65BCF57C50
:1014600066BCF67C67BCF77C68BCF87CE9F4F97C68
:1014700069BCFA7C6ABCFB7CB5CFFC7C6BBCFD7C98
:101480006CBCFE7C6DBCFF7C6EBC007D6FBC017DC6
:1014900070BC027D71BC037D72BC047D73BC057D94
:1014A00074BC067D75BC077D76BC087D77BC097D64
:1014B00078BC0A7DC9CE0B7D79BC0C7D7ABC0D7DD4
:1014C0007BBC0E7D7CBC0F7D7DBC107D7EBC117D08
:1014D00080BC127D81BC137D82BC147D83BC157DD4
:1014E00084BC167D85BC177D86BC187D87BC197DA4
:1014F00088BC1A7D89BC1B7D8ABC1C7D8BBC1D7D74
:101500008CBC1E7D8DBC1F7D8EBC207DD8CB217DEB
:101510008FBC227DF7CB237D90BC247D91BC257DA3
:1015200092BC267D93BC277DF4BD287D94BC297D8B
:1015300095BC2A7D96BC2B7DCFD72C7D97BC2D7D6D
:1015400098BC2E7D99BC2F7DDBC0307D9ABC317D4F
:101550009BBC327D9CBC337D9DBC347D9EBC357D67
:101560009FBC367DA0BC377D40BD387D41BD397DF7
:1015700042BD3A7D43BD3B7D44BD3C7D45BD3D7D87
:1015800046BD3E7D47BD3F7D48BD407D49BD417D57
:101590004ABD427D4BBD437D4CBD447D4DBD457D27
:1015A0004EBD467D4FBD477D50BD487D51BD497DF7
:1015B00052BD4A7D53BD4B7D54BD4C7D55BD4D7DC7
:1015C00056BD4E7D57BD4F7D58BD507D59BD517D97
:1015D0005ABD527D5BBD537D5CBD547D5DBD557D67
:1015E0005EBD567D5FBD577D60BD587D61BD597D37
:1015F00062BD5A7D63BD5B7D64BD5C7D65BD5D7D07
:1016000066BD5E7D67BD5F7D68BD607D69BD617DD6
:101610006ABD627D6BBD637D6CBD647D6DBD657DA6
:101620006EBD667D6FBD677D70BD687D71BD697D76
:1016300072BD6A7D73BD6B7D74BD6C7D75BD6D7D46
:1016400076BD6E7DF5D06F7D77BD707D78BD717D87
:1016500079BD727D7ABD737D7BBD747D7CBD757DEA
:101660007DBD767D7EBD777DEAF4787D80BD797D18
:1016700081BD7A7D82BD7B7D83BD7C7D84BD7D7D8A
:1016800085BD7E7D86BD7F7D87BD807D88BD817D5A
:1016900089BD827D8ABD837D8BBD847D8CBD857D2A
:1016A0008DBD867D8EBD877D8FBD887D90BD897DFA
:1016B00091BD8A7D92BD8B7D93BD8C7D94BD8D7DCA
:1016C00095BD8E7D96BD8F7D97BD907D98BD917D9A
:1016D00099BD927D9ABD937D9BBD947D9CBD957D6A
:1016E0009DBD967D9EBD977D9FBD987DA0BD997D3A
:1016F00040BE9A7D41BE9B7D42BE9C7D43BE9D7D8A
:1017000044BE9E7D45BE9F7D46BEA07D47BEA17D59
:1017100048BEA27D49BEA37D4ABEA47D4BBEA57D29
:101720004CBEA67DEBF4A77D4DBEA87D4EBEA97D27
:101730004FBEAA7D50BEAB7D51BEAC7D52BEAD7DCD
:1017400053BEAE7DECF4AF7D54BEB07D55BEB17DD1
:1017500056BEB27D57BEB37D58BEB47D59BEB57D71
:101760005ABEB67D5BBEB77D5CBEB87D5DBEB97D41
:101770005EBEBA7D5FBEBB7D60BEBC7D61BEBD7D11
:1017800062BEBE7D63BEBF7D64BEC07D65BEC17DE1
:1017900066BEC27D67BEC37D68BEC47D69BEC57DB1
:1017A0006ABEC67D6BBEC77D6CBEC87D6DBEC97D81
:1017B0006EBECA7D6FBECB7D70BECC7D71BECD7D51
:1017C00072BECE7D73BECF7D74BED07D75BED17D21
:1017D00076BED27D77BED37D78BED47D79BED57DF1
:1017E0007ABED67D7BBED77D7CBED87D7DBED97DC1
:1017F0007EBEDA7D80BEDB7D81BEDC7D82BEDD7D8E
:1018000083BEDE7D84BEDF7D85BEE07D86BEE17D5C
:1018100087BEE27D88BEE37D89BEE47D8ABEE57D2C
:101820008BBEE67D8CBEE77D8DBEE87D8EBEE97DFC
:101830008FBEEA7D90BEEB7D91BEEC7D92BEED7DCC
:1018400093BEEE7D94BEEF7D95BEF07D96BEF17D9C
:1018500097BEF27D98BEF37D99BEF47D9ABEF57D6C
:101860009BBEF67D9CBEF77D9DBEF87D9EBEF97D3C
:101870009FBEFA7DA0BEFB7D40BFFC7D41BFFD7DCC
:1018800042BFFE7D43BFFF7D44BF007E45BF017E5A
:1018900046BF027E47BF037E48BF047E49BF057E28
:1018A0004ABF067E4BBF077E4CBF087E4DBF097EF8
:1018B0004EBF0A7E4FBF0B7E50BF0C7E51BF0D7EC8
:1018C00052BF0E7E53BF0F7E54BF107E55BF117E98
:1018D00056BF127E57BF137E58BF147E59BF157E68
:1018E0005ABF167E5BBF177E5CBF187E5DBF197E38
:1018F0005EBF1A7E5FBF1B7E60BF1C7E61BF1D7E08
:1019000062BF1E7E63BF1F7E64BF207E65BF217ED7
:1019100066BF227E67BF237E68BF247E69BF257EA7
:101920006ABF267E6BBF277E6CBF287E6DBF297E77
:101930006EBF2A7E6FBF2B7E70BF2C7E71BF2D7E47
:1019400072BF2E7E73BF2F7E74BF307E75BF317E17
:1019500076BF327E77BF337E78BF347E79BF357EE7
:101960007ABF367E7BBF377E7CBF387E7DBF397EB7
:101970007EBF3A7E80BF3B7EE3F73C7E81BF3D7EEB
:1019800082BF3E7E83BF3F7E84BF407E85BF417E57
:10199000B1B7427E86BF437E87BF447E88BF457E07
:1019A00089BF467E8ABF477EEDF4487E8BBF497E65
:1019B0008CBF4A7E8DBF4B7E8EBF4C7E8FBF4D7ECF
:1019C00090BF4E7E91BF4F7E92BF507E93BF517E9F
:1019D00094BF527E95BF537E96BF547E97BF557E6F
:1019E00098BF567E99BF577E9ABF587E9BBF597E3F
:1019F0009CBF5A7E9DBF5B7E9EBF5C7E9FBF5D7E0F
:101A0000A0BF5E7E40C05F7E41C0607E42C0617EFE
:101A100043C0627E44C0637E45C0647E46C0657E2E
:101A200047C0667E48C0677E49C0687E4AC0697EFE
:101A30004BC06A7E4CC06B7E4DC06C7E4EC06D7ECE
:101A40004FC06E7E50C06F7E51C0707E52C0717E9E
:101A500053C0727E54C0737E55C0747E56C0757E6E
:101A600057C0767E58C0777E59C0787E5AC0797E3E
:101A70005BC07A7E5CC07B7E5DC07C7E5EC07D7E0E
:101A80005FC07E7E60C07F7E61C0807E62C0817EDE
:101A900063C0827EEBD7837E64C0847E65C0857E12
:101AA00066C0867E67C0877E68C0887E69C0897E82
:101AB0006AC08A7E6BC08B7E6CC08C7E6DC08D7E52
:101AC0006EC08E7E6FC08F7E70C0907E71C0917E22
:101AD00072C0927E73C0937E74C0947E75C0957EF2
:101AE00076C0967E77C0977E78C0987E79C0997EC2
:101AF0007AC09A7E7BC09B7EEEF49C7E7CC09D7EED
:101B00007DC09E7E7EC09F7EF9E6A07EC0BEA17E87
:101B1000FAE6A27EECBAA37EFBE6A47ECBCFA57E3E
:101B2000FCE6A67EBCD4A77EB6BCA87EFDE6A97E58
:101B3000FEE6AA7ECDBCAB7ED2C8AC7EB3CEAD7E77
:101B4000A1E7AE7E80C0AF7EBFB4B07EA2E7B17E1B
:101B5000B4C9B27ED9B8B37EC9C4B47E81C0B57EE3
:101B6000DDD7B67EDAC2B77ED7B7B87EBDD6B97E2E
:101B7000C6CEBA7EC4B7BB7E82C0BC7E83C0BD7EEB
:101B8000A6C5BE7EA3E7BF7EDFCFC07EA4E7C17E31
:101B9000A5E7C27EA6E7C37EB7C1C47EE9D7C57EEE
:101BA000F0C9C67EB8CFC77EAFD6C87ED5D6C97EAF
:101BB000A7E7CA7EEDB0CB7EA8E7CC7EA9E7CD7EB5
:101BC000DCC9CE7EEFD2CF7EADBED07EAAE7D17E7D
:101BD000F3B0D27EDEC8D37EE1BDD47EABE7D57E46
:101BE000C6C8D67E84C0D77EACE7D87EE6BBD97E99
:101BF000F8B8DA7EA4D1DB7EADE7DC7EE7C2DD7E1D
:101C0000F8BEDE7ECABDDF7EB3CDE07EAEE7E17E0C
:101C1000AFE7E27EEEBEE37EE5D0E47E85C0E57E02
:101C2000E7CBE67ED0CCE77ECCBCE87EB0E7E97EB1
:101C3000A8BCEA7EF7D0EB7EB1E7EC7E86C0ED7EF5
:101C4000F8D0EE7EB2E7EF7EB3E7F07EC2B4F17E6D
:101C5000B4E7F27EB5E7F37EFEC9F47EACCEF57E46
:101C6000E0C3F67EB7E7F77EC1B1F87EF1B3F97E47
:101C700087C0FA7EB8E7FB7EB9E7FC7EDBD7FD7E46
:101C8000C0D5FE7EBAE7FF7ECCC2007FBAD7017F07
:101C9000BBE7027FBCE7037FBDE7047FEABC057FAB
:101CA000E5C3067FC2C0077FBEE7087FBFE7097FA5
:101CB000A9BC0A7F88C00B7FC0E70C7FC1E70D7FFE
:101CC000B6E70E7FD0B60F7FC2E7107F89C0117FC5
:101CD000C3E7127FC4E7137FBABB147FDEB5157F5D
:101CE000C6C2167FE0B1177FC5E7187FB5D4197F4C
:101CF000C6E71A7FBFB81B7FC8E71C7FC7E71D7FF9
:101D0000ECB71E7F8AC01F7FC9E7207FF8B2217F12
:101D1000CAE7227FCBE7237FCCE7247FCDE7257F6F
:101D2000CEE7267FCFE7277FD0E7287FA7D3297F7D
:101D3000F5CB2A7FD1E72B7FD2E72C7FD3E72D7F0E
:101D4000D4E72E7FC9C92F7FD5E7307FD6E7317F13
:101D5000D7E7327FD8E7337FD9E7347FC9BD357FF6
:101D6000DAE7367FBEF3377F8BC0387FD7B8397F4D
:101D70008CC03A7FB1C83B7F8DC03C7F8EC03D7F19
:101D80008FC03E7F90C03F7F91C0407F92C0417F17
:101D900093C0427FBFF3437F94C0447FC0F3457F2D
:101DA000C1F3467F95C0477F96C0487F97C0497F63
:101DB00098C04A7F99C04B7F9AC04C7F9BC04D7F93
:101DC0009CC04E7F9DC04F7F9EC0507FDEB9517F2B
:101DD000F8CD527F9FC0537FA0C0547FE8D8557F75
:101DE000B1BA567F40C1577FDEC2587FB7EE597FE8
:101DF00041C15A7FA3B75B7F42C15C7F43C15D7F16
:101E000044C15E7F45C15F7FB9EE607F46C1617F9F
:101E1000B8EE627FD5B0637F47C1647F48C1657FFC
:101E200049C1667F4AC1677F4BC1687FBBEE697F4E
:101E3000D6D56A7FEFD76B7F4CC16C7F4DC16D7F6C
:101E40004EC16E7FC3D66F7F4FC1707F50C1717F0F
:101E5000BDEE727FF0CA737F51C1747FBCEE757F97
:101E600052C1767F53C1777F54C1787F55C1797F46
:101E7000BEEE7A7F56C17B7F57C17C7F58C17D7F84
:101E800059C17E7FC0EE7F7F5AC1807F5BC1817F59
:101E9000BFEE827F5CC1837F5DC1847F5EC1857F31
:101EA0005FC1867F60C1877F61C1887F62C1897F92
:101EB00063C18A7FF2D18B7F64C18C7FBCC78D7F69
:101EC00065C18E7FC0C38F7F66C1907F67C1917FE0
:101ED00068C1927F69C1937F6AC1947FE1B8957FA1
:101EE0006BC1967F6CC1977F6DC1987F6EC1997FE2
:101EF0006FC19A7FE7C19B7F70C19C7F71C19D7F3D
:101F0000C6F49E7FDFD09F7FC7F4A07F72C1A17F00
:101F1000DBCFA27F73C1A37F74C1A47FBAC8A57FA2
:101F200075C1A67F76C1A77FC8F4A87F77C1A97FB6
:101F300078C1AA7F79C1AB7F7AC1AC7F7BC1AD7F0D
:101F40007CC1AE7F7DC1AF7FC9F4B07FCAF4B17FE1
:101F50007EC1B27FCBF4B37F80C1B47F81C1B57F36
:101F600082C1B67F83C1B77F84C1B87FFAD9B97FF8
:101F7000FEB8BA7F85C1BB7F86C1BC7FF1E5BD7F5E
:101F8000F0D3BE7F87C1BF7FE0F4C07F88C1C17F2F
:101F9000CCCEC27F89C1C37F8AC1C47F8BC1C57FBC
:101FA000E1B3C67F8CC1C77F8DC1C87F8EC1C97F99
:101FB0008FC1CA7FB4F1CB7F90C1CC7FEED2CD7FF1
:101FC00091C1CE7FE1F4CF7F92C1D07F93C1D17F09
:101FD00094C1D27F95C1D37F96C1D47FE8CFD57FFE
:101FE000E2F4D67F97C1D77F98C1D87FCCC7D97F7D
:101FF00099C1DA7F9AC1DB7F9BC1DC7F9CC1DD7F09
:102000009DC1DE7F9EC1DF7FD4B5E07FE4B4E17F78
:10201000E4F4E27F9FC1E37FA0C1E47F40C2E57F9B
:10202000E3F4E67FE5F4E77F41C2E87F42C2E97F5F
:10203000E6F4EA7F43C2EB7F44C2EC7F45C2ED7F0A
:1020400046C2EE7FE7F4EF7F47C2F07FB2BAF17F7E
:10205000BFB0F27F48C2F37FE8F4F47F49C2F57F56
:102060004AC2F67F4BC2F77F4CC2F87F4DC2F97F60
:102070004EC2FA7F4FC2FB7FADB7FC7FEDD2FD7F32
:1020800050C2FE7F51C2FF7F52C20080ABD201809E
:10209000CFC0028053C20380BCBF0480A3EB058085
:1020A000DFD50680C8EA078054C2088055C209807F
:1020B00056C20A8057C20B80F3F10C80F8B60D802F
:1020C000A3CB0E8058C20F8059C21080CDC411809E
:1020D0005AC21280E7F113805BC21480E8F11580C8
:1020E000FBB81680E9F11780C4BA1880C5D41980EE
:1020F000D2B01A805CC21B805DC21C80EAF11D80D8
:102100005EC21E805FC21F8060C22080EBF1218012
:1021100061C22280ECF1238062C2248063C22580E8
:10212000EDF12680EEF12780EFF12880F1F1298092
:10213000F0F12A80D5C52B8064C22C8065C22D8029
:1021400066C22E8067C22F8068C2308069C231802B
:10215000F2F132806AC23380FAB634806BC23580C5
:10216000F4F13680AED23780C7DE3880CACB3980F2
:102170006CC23A806DC23B80DCB33C806EC23D8055
:10218000A2B53E806FC23F80A2B9408070C241803C
:1021900071C24280F4C44380F5F1448072C245802C
:1021A00073C24680F6F1478074C2488075C2498088
:1021B00076C24A80C4C14B80FBC14C80B0D64D80F2
:1021C000F7F14E8077C24F8078C2508079C251803B
:1021D0007AC25280F8F153807BC25480AAC15580E4
:1021E0007CC256807DC257807EC25880B8C6598056
:1021F00080C25A80DBBE5B8081C25C8082C25D800F
:1022000083C25E8084C25F8085C2608086C2618036
:1022100087C2628088C2638089C264808AC2658006
:102220008BC266808CC267808DC268808EC26980D6
:10223000F9F16A80CFB46B808FC26C8090C26D80E0
:1022400091C26E8092C26F8093C2708094C271807E
:10225000FAF1728095C2738096C2748097C27580BD
:1022600098C2768099C277809AC278809BC2798022
:102270009CC27A809DC27B809EC27C809FC27D80F2
:10228000A0C27E8040C37F80B2ED8080B1ED8180AE
:1022900041C3828042C38380E0CB8480DED28580CC
:1022A00043C38680C1CB8780D8D5888044C38980CA
:1022B000E2C88A8045C38B80DFC08C80A1BC8D8042
:1022C00046C38E8047C38F8048C3908049C39180A6
:1022D0004AC392804BC39380C1EB94804CC39580DA
:1022E0004DC39680A4D097804EC39880E2D6998043
:1022F0004FC39A80C7B69B80D8B89C80C0EB9D80A6
:10230000CEB89E8050C39F80BFEBA080A6B3A180B3
:10231000C9B9A280ABD6A38051C3A480F4B7A5806D
:10232000CAB7A68052C3A78053C3A88054C3A9804C
:10233000E7BCAA80BEB7AB80C6EBAC8055C3AD800E
:10234000C7EBAE80B9B0AF80CFBFB08056C3B1800D
:10235000C5EBB280FDD3B38057C3B480C8EBB58062
:1023600058C3B68059C3B780C9EBB8805AC3B98087
:102370005BC3BA80CEB7BB805CC3BC80C2EBBD8000
:10238000C4EBBE80F6C9BF80D7D6C080CDD5C18092
:10239000B2D0C280CFEBC380B8CEC480D0EBC580B2
:1023A0005DC3C680A8B5C7805EC3C8805FC3C9804F
:1023B00060C3CA8061C3CB8062C3CC80B3B1CD801F
:1023C000D2EBCE80A5CCCF8063C3D08064C3D18054
:1023D00065C3D28066C3D38067C3D48068C3D58009
:1023E00069C3D680D6C5D780D3EBD8806AC3D980DD
:1023F000D1EBDA80DFC5DB80CEEBDC80A4CADD80E8
:10240000D5EBDE80FBB0DF806BC3E0806CC3E18086
:10241000FABAE2806DC3E3806EC3E480B7D8E5808A
:10242000E3F1E6806FC3E780CAEBE880CBEBE9809D
:10243000CCEBEA80CDEBEB80D6EBEC80C0E6ED8018
:10244000D9EBEE8070C3EF80E8BFF080C8D2F18096
:10245000D7EBF280DCEBF380ECB8F480D8EBF580BE
:1024600071C3F680BABDF78072C3F880D8D0F98006
:1024700073C3FA80B7B0FB8074C3FC80DDEBFD80D2
:10248000DCC4FE8075C3FF8076C3008177C3018101
:1024900078C30281ACD6038179C304817AC30581F4
:1024A0007BC30681E0B407817CC308817DC30981B9
:1024B000F6C20A81B9BC0B817EC30C8180C30D8139
:1024C000DAEB0E81DBEB0F81E0D41081EAC61181DB
:1024D000D4C41281DFEB1381A7C51481F5D915810E
:1024E00081C31681B1B2178182C31881E4EB1981CF
:1024F00083C31A81C5BD1B8184C31C8185C31D8113
:1025000086C31E81E2EB1F8187C3208188C321819E
:1025100089C322818AC323818BC324818CC32581F3
:102520008DC326818EC327818FC3288190C32981C3
:1025300091C32A8192C32B8193C32C81E3EB2D811C
:1025400094C32E8195C32F81ACB8308196C331815D
:10255000D1CD3281E5EB338197C3348198C3358186
:1025600099C33681E1EB37819AC33881B3C1398190
:102570009BC33A819CC33B819DC33C819EC33D81EB
:102580009FC33E81A2C63F81A0C3408140C4418118
:1025900041C4428142C4438143C4448144C445810F
:1025A00045C44681F3CC478146C44881E6EB498166
:1025B00047C44A81B0C04B81B8D24C81E7EB4D8112
:1025C00048C44E8149C44F814AC45081AFB851813B
:1025D000ADB852814BC45381E8EB5481BBC75581E0
:1025E000F3CD56814CC457814DC458814EC4598196
:1025F000EAEB5A81EBEB5B814FC45C8150C45D8197
:1026000051C45E8152C45F8153C46081EDEB61812E
:1026100054C4628155C4638156C4648157C46581C2
:10262000C8D0668158C46781F2EB688159C469815A
:10263000EEEB6A815AC46B815BC46C815CC46D81B2
:10264000F1EB6E81F9C86F815DC47081FCD171813D
:10265000ECEB72815EC473815FC47481E9EB7581B8
:1026600060C4768161C4778162C4788163C47981F2
:10267000B9B87A81D9CF7B81E5C47C81EFEB7D81CC
:10268000F0EB7E81DACC7F81C8CD8081F2B0818190
:1026900064C48281F6EB838165C4848166C48581CC
:1026A00067C4868168C4878169C48881F5EB8981A4
:1026B0006AC48A81B2B28B816BC48C816CC48D81F7
:1026C0006DC48E816EC48F81E0B890816FC491819A
:1026D000F7EB928170C4938171C4948172C4958127
:1026E00073C4968174C4978175C49881ECB1998143
:1026F00076C49A8177C49B81C5CC9C81A4C49D81FA
:10270000A5CF9E8178C49F8179C4A0817AC4A1811C
:102710007BC4A2817CC4A381F9EBA4817DC4A58183
:102720007EC4A681A2ECA78180C4A881F2C5A9813C
:1027300081C4AA81FAEBAB8182C4AC8183C4AD8130
:1027400084C4AE8185C4AF8186C4B08187C4B181A1
:1027500088C4B28189C4B381C5C9B4818AC4B58132
:102760008BC4B6818CC4B7818DC4B8818EC4B98145
:102770008FC4BA81DFE2BB81FEEBBC8190C4BD8116
:1027800091C4BE8192C4BF8193C4C081CECDC181AA
:10279000A1ECC281DBB1C381B7D3C48194C4C5812C
:1027A00095C4C681DCD2C78196C4C88197C4C9814B
:1027B00098C4CA81FDEBCB8199C4CC81FBEBCD8160
:1027C0009AC4CE819BC4CF819CC4D0819DC4D18149
:1027D0009EC4D2819FC4D381A0C4D48140C5D58179
:1027E00041C5D68142C5D78143C5D88144C5D98169
:1027F00045C5DA8146C5DB8147C5DC8148C5DD8139
:1028000049C5DE814AC5DF814BC5E0814CC5E18108
:102810004DC5E2814EC5E381BCB3E4814FC5E5817E
:1028200050C5E68151C5E781B0EAE88152C5E9812A
:1028300053C5EA81D4D7EB8154C5EC81ABF4ED816B
:10284000F4B3EE8155C5EF8156C5F08157C5F181CE
:1028500058C5F28159C5F381C1D6F481C2D6F5813C
:102860005AC5F6815BC5F7815CC5F8815DC5F98104
:102870005EC5FA815FC5FB81E9D5FC81CABEFD81D9
:1028800060C5FE81A7F4FF8161C50082A8D20182E4
:10289000A8F40282A9F4038262C50482AAF4058224
:1028A000CBBE0682DFD3078263C5088264C5098276
:1028B00065C50A8266C50B8267C50C82E0C90D82B8
:1028C000E1C90E8268C50F8269C51082C2F3118208
:1028D0006AC51282E6CA13826BC51482F2CC1582D5
:1028E0006CC516826DC517826EC518826FC51982B8
:1028F00070C51A8271C51B82B6E21C82B4CB1D82E0
:1029000072C51E82E8CE1F82DBD6208273C521826B
:10291000ADF42282AEF42382AFF4248274C5258202
:1029200075C5268276C5278277C52882B2F42982AA
:1029300078C52A82BDBA2B82B3F42C82E3B02D82F3
:10294000B0F42E8279C52F82B1F43082A2BD3182DB
:10295000D5B232827AC53382B6F43482B7F4358286
:10296000E6B63682B0B23782CFCF3882B4F439823D
:10297000ACB43A827BC53B82B5F43C827CC53D82D7
:102980007DC53E82B8F43F827EC5408280C54182CB
:1029900081C5428282C5438283C54482B9F445829F
:1029A00084C5468285C54782A7CD488286C54982AF
:1029B000BAF44A8287C54B82BBF44C8288C54D82EB
:1029C00089C54E828AC54F82BCF450828BC5518224
:1029D0008CC552828DC553828EC554828FC5558257
:1029E00090C5568291C5578292C55882D2CB5982E2
:1029F00093C55A82BDF45B8294C55C8295C55D82A5
:102A000096C55E8297C55F82BEF4608298C561827A
:102A100099C562829AC563829BC564829CC56582A2
:102A20009DC566829EC567829FC56882BFF4698224
:102A3000A0C56A8240C66B8241C66C8242C66D8266
:102A400043C66E82DEF46F82BCC17082E8BC7182C4
:102A500044C67282ABC97382DED17482F5E5758299
:102A600045C6768246C6778247C6788248C679824E
:102A7000B3DC7A82D5D27B8249C67C824AC67D820B
:102A8000B4DC7E82ACB07F82B5DC80824BC68182B2
:102A90004CC68282DABD83824DC68482B9DC8582CF
:102AA0004EC686824FC6878250C68882C2D8898227
:102AB00051C68A82B7DC8B82F3D38C8252C68D8258
:102AC000D6C98E82BADC8F82B6DC908253C69182E0
:102AD000BBDC9282A2C3938254C6948255C695826F
:102AE00056C6968257C69782BCDC9882C5DC99820E
:102AF000BDDC9A8258C69B8259C69C82DFCE9D82DD
:102B0000A5D69E825AC69F82CFDCA0825BC6A182D8
:102B1000CDDCA2825CC6A3825DC6A482D2DCA58283
:102B2000E6BDA682ABC2A7825EC6A882B8DCA98237
:102B3000CBDCAA82CEDCAB82BEDCAC82D2B7AD826B
:102B4000C5B0AE82C7DCAF82BED0B082C1DCB1827C
:102B5000A8BBB2825FC6B382BCB7B482CCDCB582FC
:102B600060C6B68261C6B782C6DCB882BFDCB982F5
:102B7000DBC7BA8262C6BB8263C6BC8264C6BD8242
:102B8000BFD1BE82C0DCBF8265C6C08266C6C182BC
:102B9000CADCC28267C6C38268C6C482D0DCC58272
:102BA00069C6C6826AC6C782ADCEC882C2DCC98287
:102BB0006BC6CA82C3DCCB82C8DCCC82C9DCCD82C6
:102BC000D4B2CE82D1DCCF82D5CBD0826CC6D182BA
:102BD000B7D4D282DBDCD382DFDCD482A6CCD58230
:102BE000E6DCD6826DC6D782E7C3D882DCDCD98228
:102BF0006EC6DA826FC6DB82C1BFDC82D9DCDD82C1
:102C000070C6DE82FAB0DF82B6B9E082E5DCE1822E
:102C1000D3DCE28271C6E382C4DCE482D6DCE582E6
:102C2000F4C8E682E0BFE78272C6E88273C6E98232
:102C300074C6EA8275C6EB82BBC9EC8276C6ED82A9
:102C400077C6EE8278C6EF82BDB1F08279C6F18296
:102C5000A2D3F2827AC6F3827BC6F482DADCF582F2
:102C60007CC6F6827DC6F782D5DCF8827EC6F98204
:102C7000BBC6FA8280C6FB82DEDCFC8281C6FD8296
:102C800082C6FE8283C6FF8284C6008385C6018316
:102C9000C2D70283AFC30383B6B70483D1C705830A
:102CA000A9C30683E2DC0783D8DC0883EBDC098355
:102CB000D4DC0A8386C60B8387C60C83DDDC0D83D8
:102CC00088C60E83A5BE0F83D7DC108389C6118307
:102CD000E0DC12838AC613838BC61483E3DC15837E
:102CE000E4DC16838CC61783F8DC18838DC6198341
:102CF0008EC61A83E1DC1B83A2DD1C83E7DC1D8307
:102D00008FC61E8390C61F8391C6208392C62183DF
:102D100093C6228394C6238395C6248396C62583AF
:102D200097C6268398C62783EBBC2883C4B429831F
:102D300099C62A839AC62B83A3C32C83E7B22D831B
:102D4000FADC2E839BC62F83F2DC30839CC6318352
:102D5000EFDC32839DC63383FCDC3483EEDC3583C9
:102D6000F0D23683E8B237839EC63883D7C839831A
:102D7000E3C83A83FBDC3B839FC63C83EDDC3D83A9
:102D8000A0C63E8340C73F8341C74083F7DC4183F1
:102D900042C7428343C74383F5DC448344C745832A
:102DA00045C74683A3BE4783F4DC488346C74983AF
:102DB000DDB24A8347C74B8348C74C8349C74D831D
:102DC0004AC74E834BC74F83F3DC5083F6BC518315
:102DD000E8DC5283C4BB53834CC75483F3C0558390
:102DE0004DC756834EC757834FC7588350C7598323
:102DF00051C75A83D4BC5B83E9DC5C83EADC5D8326
:102E000052C75E83F1DC5F83F6DC6083F9DC6183AB
:102E1000B4B5628353C76383D9C86483E7BB658352
:102E2000FEDC6683FDDC6783ABD36883A1DD698349
:102E3000A3DD6A83A5DD6B83F1D26C83A4DD6D8392
:102E4000A6DD6E83A7DD6F83A9D2708354C771831B
:102E500055C7728356C7738357C7748358C7758322
:102E600059C776835AC77783C9BA7883A9DD79832E
:102E70005BC77A835CC77B83B6DD7C83B1DD7D83F2
:102E8000B4DD7E835DC77F835EC780835FC7818338
:102E900060C7828361C7838362C7848363C7858376
:102EA000B0DD8683CEC6878364C7888365C7898380
:102EB000F2C08A8366C78B8367C78C8368C78D839C
:102EC00069C78E83AFC98F836AC790836BC79183AD
:102ED0006CC79283ECDC9383AEDD94836DC79583DE
:102EE0006EC796836FC7978370C79883B7DD998342
:102EF00071C79A8372C79B83F0DC9C83AFDD9D838F
:102F000073C79E83B8DD9F8374C7A083ACDDA183A4
:102F100075C7A28376C7A38377C7A48378C7A58321
:102F200079C7A6837AC7A7837BC7A883B9DDA9839E
:102F3000B3DDAA83ADDDAB83AAC4AC837CC7AD830C
:102F40007DC7AE837EC7AF8380C7B083A8DDB18362
:102F5000B3C0B283ABC1B383AADDB483ABDDB583A9
:102F600081C7B683B2DDB783F1BBB883B5DDB98362
:102F7000A8D3BA83BADDBB8382C7BC83BBDDBD8364
:102F8000A7C3BE8383C7BF8384C7C083D2DDC18389
:102F9000BCDDC28385C7C38386C7C48387C7C58397
:102FA000D1DDC68388C7C783BDB9C88389C7C98334
:102FB0008AC7CA83D5BECB838BC7CC83FABECD83E9
:102FC0008CC7CE838DC7CF83CABAD0838EC7D18337
:102FD0008FC7D28390C7D38391C7D483CADDD583EB
:102FE00092C7D683C5DDD78393C7D883BFDDD98386
:102FF00094C7DA8395C7DB8396C7DC83CBB2DD83C6
:10300000C3DDDE8397C7DF83CBDDE083A4B2E1833A
:10301000D5DDE28398C7E38399C7E4839AC7E58344
:10302000BEDDE6839BC7E7839CC7E8839DC7E98332
:10303000D0C6EA83D0DDEB839EC7EC839FC7ED83C8
:10304000A0C7EE8340C8EF8341C8F083D4DDF1838D
:10305000E2C1F283C6B7F38342C8F48343C8F58361
:1030600044C8F68345C8F78346C8F883CEDDF983A4
:10307000CFDDFA8347C8FB8348C8FC8349C8FD837A
:10308000C4DDFE834AC8FF834BC800844CC801845A
:10309000BDDD02844DC80384CDDD0484D1CC05841C
:1030A0004EC80684C9DD07844FC8088450C8098407
:1030B00051C80A8452C80B84C2DD0C84C8C30D8475
:1030C000BCC60E84AECE0F84CCDD108453C81184F0
:1030D000C8DD128454C8138455C8148456C8158496
:1030E00057C8168458C8178459C81884C1DD198474
:1030F0005AC81A845BC81B845CC81C84C6DD1D8446
:10310000DCC21E845DC81F845EC820845FC8218421
:1031100060C8228461C8238462C82484A9D325841A
:10312000AAD32684D3DD2784F4CF2884F8C8298441
:1031300063C82A8464C82B8465C82C8466C82D841F
:1031400067C82E8468C82F8469C830846AC83184EF
:10315000E6DD32846BC833846CC834846DC8358432
:103160006EC836846FC8378470C83884C7DD398428
:1031700071C83A8472C83B8473C83C84E0DD3D84E6
:10318000E4C23E8474C83F8475C8408476C84184D4
:1031900077C8428478C8438479C844847AC845840F
:1031A0007BC84684E1DD47847CC848847DC8498467
:1031B0007EC84A8480C84B8481C84C8482C84D84B0
:1031C00083C84E8484C84F8485C8508486C851847F
:1031D000D7DD528487C8538488C8548489C85584ED
:1031E0008AC856848BC85784F8D658848CC85984AA
:1031F000D9DD5A84D8DD5B84F0B85C84D6DD5D848B
:103200008DC85E848EC85F848FC8608490C86184D6
:10321000CFC6628491C86384ADB6648492C8658465
:1032200093C8668494C8678495C8688496C869847E
:10323000E2DD6A8497C86B84F9BA6C84E1D46D844A
:10324000E7DD6E8498C86F8499C870849AC87184C9
:10325000D0B472849BC87384DADD74849CC875848E
:10326000FBBF7684E3DD77849DC87884DFDD7984D5
:103270009EC87A84DDDD7B849FC87C84A0C87D8461
:1032800040C97E8441C97F8442C9808443C9818406
:1032900044C98284D9B5838445C9848446C9858458
:1032A00047C9868448C98784DBDD8884DCDD89845E
:1032B000DEDD8A8449C98B84AFBD8C84E4DD8D84D6
:1032C0004AC98E84E5DD8F844BC990844CC99184B2
:1032D0004DC992844EC993844FC9948450C9958432
:1032E00051C9968452C99784F5DD988453C999844D
:1032F000C9C39A8454C99B8455C99C84E2CB9D84DC
:1033000056C99E8457C99F8458C9A08459C9A184AD
:10331000F2DDA2845AC9A3845BC9A4845CC9A584D4
:103320005DC9A6845EC9A7845FC9A88460C9A98451
:1033300061C9AA8462C9AB8463C9AC8464C9AD8421
:1033400065C9AE8466C9AF84E1D8B08467C9B18469
:1033500068C9B284D1C6B38469C9B484F4DDB584C4
:103360006AC9B6846BC9B7846CC9B884F4D5B9840A
:10337000F3DDBA84F0DDBB846DC9BC846EC9BD8445
:10338000ECDDBE846FC9BF84EFDDC08470C9C18429
:10339000E8DDC28471C9C38472C9C484EED0C58417
:1033A00073C9C68474C9C78475C9C88476C9C984F9
:1033B000D8C8CA84EEDDCB8477C9CC8478C9CD84E3
:1033C000E9DDCE8479C9CF847AC9D084EADDD1849D
:1033D000F2CBD2847BC9D384EDDDD4847CC9D5847F
:1033E0007DC9D684CDB1D7847EC9D88480C9D9841B
:1033F00081C9DA8482C9DB8483C9DC8484C9DD8421
:10340000B6C0DE8485C9DF84BBBCE084F1DDE18425
:1034100086C9E28487C9E384F7DDE48488C9E5844A
:10342000F6DDE684EBDDE78489C9E8848AC9E984AE
:103430008BC9EA848CC9EB848DC9EC84EEC5ED841C
:103440008EC9EE848FC9EF8490C9F084FBDDF184CE
:1034500091C9F28492C9F38493C9F48494C9F58420
:1034600095C9F68496C9F78497C9F88498C9F984F0
:1034700099C9FA849AC9FB849BC9FC84A4DEFD84A3
:103480009CC9FE849DC9FF84A3DE00859EC9018579
:103490009FC90285A0C9038540CA048541CA058524
:1034A00042CA068543CA078544CA088545CA0985B4
:1034B00046CA0A8547CA0B8548CA0C85F8DD0D85C2
:1034C00049CA0E854ACA0F854BCA10854CCA118558
:1034D000EFC312854DCA1385FBC214854ECA1585EC
:1034E0004FCA168550CA1785E1D5188551CA198566
:1034F00052CA1A85B5CE1B8553CA1C8554CA1D8570
:1035000055CA1E8556CA1F85FDDD208557CA2185EF
:10351000CCB2228558CA238559CA24855ACA258522
:103520005BCA26855CCA27855DCA28855ECA29854F
:103530005FCA2A8560CA2B85E8C42C85DFCA2D8521
:1035400061CA2E8562CA2F8563CA308564CA3185F7
:1035500065CA328566CA338567CA348568CA3585C7
:1035600069CA36856ACA3785BEC73885FADD3985A6
:10357000FCDD3A85FEDD3B85A2DE3C85AAB03D85BB
:10358000CEB13E856BCA3F856CCA40856DCA418508
:103590006ECA42856FCA4385ACDE448570CA4585D4
:1035A00071CA468572CA478573CA4885A6DE4985B1
:1035B000B6BD4A85EFC84B8574CA4C8575CA4D8522
:1035C00076CA4E8577CA4F8578CA508579CA5185A3
:1035D0007ACA52857BCA53857CCA54857DCA558573
:1035E0007ECA5685A1DE578580CA588581CA59850D
:1035F000A5DE5A8582CA5B8583CA5C8584CA5D85DF
:1036000085CA5E85A9DE5F8586CA608587CA6185B1
:1036100088CA628589CA63858ACA6485A8DE658589
:103620008BCA66858CCA67858DCA6885A7DE698561
:103630008ECA6A858FCA6B8590CA6C8591CA6D8562
:1036400092CA6E8593CA6F8594CA708595CA718532
:1036500096CA7285ADDE738597CA7485CCD475859C
:1036600098CA768599CA77859ACA78859BCA7985DA
:10367000B3DE7A85AADE7B85AEDE7C859CCA7D853D
:103680009DCA7E85D9C07F859ECA80859FCA818557
:10369000A0CA828540CB838541CB8485A1B1858535
:1036A000B6DE868542CB8785B1DE888543CB8985AA
:1036B00044CB8A8545CB8B8546CB8C8547CB8D8586
:1036C00048CB8E8549CB8F85B2DE90854ACB9185DC
:1036D0004BCB92854CCB93854DCB94854ECB95852A
:1036E0004FCB968550CB978551CB988552CB9985FA
:1036F00053CB9A8554CB9B85A6D19C85B5DE9D8501
:1037000055CB9E8556CB9F8557CBA08558CBA185A1
:1037100059CBA2855ACBA3855BCBA485AFDEA5850B
:103720005CCBA6855DCBA7855ECBA885B0DEA985E1
:103730005FCBAA85BDD0AB8560CBAC8561CBAD85B9
:1037400062CBAE85B4DEAF85EDCAB085B9DEB1859A
:1037500063CBB28564CBB38565CBB48566CBB585C9
:1037600067CBB68568CBB785B8DEB88569CBB98538
:10377000B7DEBA856ACBBB856BCBBC856CCBBD8510
:103780006DCBBE856ECBBF856FCBC08570CBC18541
:10379000BBDEC28571CBC38572CBC48573CBC585B7
:1037A00074CBC68575CBC78576CBC88577CBC985E5
:1037B000E5BDCA8578CBCB8579CBCC857ACBCD8559
:1037C0007BCBCE857CCBCF85D8B2D085EAC3D185E3
:1037D0007DCBD2857ECBD385BADED48580CBD58513
:1037E000BAC5D68581CBD78582CBD88583CBD98501
:1037F00084CBDA8585CBDB8586CBDC85BCDEDD85BD
:1038000087CBDE8588CBDF8589CBE0858ACBE185D8
:103810008BCBE2858CCBE3858DCBE485D9CCE5855C
:103820008ECBE6858FCBE78590CBE88591CBE9857C
:10383000AAB7EA8592CBEB8593CBEC8594CBED854B
:1038400095CBEE8596CBEF8597CBF08598CBF18520
:1038500099CBF2859ACBF3859BCBF4859CCBF585F0
:103860009DCBF6859ECBF7859FCBF885A0CBF985C0
:1038700040CCFA8541CCFB85E5D4FC8542CCFD8566
:1038800043CCFE8544CCFF85BDDE008645CC018659
:1038900046CC028647CC038648CC048649CC0586B4
:1038A000BFDE06864ACC07864BCC08864CCC098600
:1038B0004DCC0A864ECC0B864FCC0C8650CC0D8658
:1038C00051CC0E8652CC0F8653CC108654CC118628
:1038D000A2C4128655CC138656CC148657CC1586B6
:1038E00058CC1686C1DE178659CC18865ACC198654
:1038F0005BCC1A865CCC1B865DCC1C865ECC1D86A0
:103900005FCC1E8660CC1F8661CC208662CC21866F
:1039100063CC228664CC238665CC248666CC25863F
:1039200067CC268668CC2786BEDE288669CC2986A9
:10393000C0DE2A866ACC2B866BCC2C866CCC2D867E
:103940006DCC2E866ECC2F866FCC308670CC3186B7
:1039500071CC328672CC338673CC348674CC358687
:1039600075CC368676CC378677CC3886BAD539860C
:1039700078CC3A8679CC3B867ACC3C86C2DE3D86D2
:103980007BCC3E867CCC3F867DCC40867ECC4186FF
:1039900080CC428681CC438682CC448683CC4586CB
:1039A00084CC468685CC478686CC488687CC49869B
:1039B00088CC4A8689CC4B868ACC4C868BCC4D866B
:1039C000AEF24E86A2BB4F86B2C25086B0C55186BB
:1039D000C7C252868CCC53868DCC5486AFF25586A6
:1039E0008ECC56868FCC578690CC588691CC5986F3
:1039F00092CC5A86E9D05B8693CC5C8694CC5D866B
:103A000095CC5E86DDD35F8696CC608697CC61864A
:103A100098CC6286BDEB638699CC64869ACC658629
:103A20009BCC66869CCC67869DCC68869ECC69863E
:103A30009FCC6A86A0CC6B86E6B36C86B0F26D86AE
:103A400040CD6E86B1F26F8641CD708642CD7186D3
:103A5000ADCA728643CD738644CD748645CD7586D6
:103A600046CD768647CD778648CD788649CD79860E
:103A7000E7BA7A86B3F27B86B5F27C86B4F27D86AD
:103A8000E4CB7E86BACF7F86B2F28086B4CA8186C6
:103A9000CFD28286ECC283864ACD84864BCD858682
:103AA0004CCD86864DCD87864ECD88864FCD898676
:103AB00050CD8A86C3CE8B86B8F28C86F6B08D86C2
:103AC000B7F28E8651CD8F8652CD908653CD91869A
:103AD00054CD928655CD9386BEF2948656CD95866A
:103AE000CFB2968657CD978658CD988659CD998670
:103AF0005ACD9A865BCD9B865CCD9C86C1D19D8636
:103B0000BAF29E865DCD9F865ECDA0865FCDA186F2
:103B100060CDA28661CDA386BCF2A486E9D4A58639
:103B200062CDA68663CDA786BBF2A886B6F2A9862B
:103B3000BFF2AA86BDF2AB8664CDAC86B9F2AD8683
:103B400065CDAE8666CDAF86C7F2B086C4F2B186CB
:103B5000C6F2B28667CDB38668CDB486CAF2B586A2
:103B6000C2F2B686C0F2B78669CDB8866ACDB9868C
:103B70006BCDBA86C5F2BB866CCDBC866DCDBD86DD
:103B80006ECDBE866FCDBF8670CDC086FBD6C1869A
:103B900071CDC28672CDC38673CDC486C1F2C5868F
:103BA00074CDC686F9C7C786DFC9C88675CDC986F4
:103BB000C8F2CA86C6B9CB86B0B5CC8676CDCD86DE
:103BC00077CDCE86C3F2CF86C9F2D086D0F2D18629
:103BD000D6F2D28678CDD38679CDD486D7BBD5869A
:103BE0007ACDD6867BCDD7867CCDD886D5F2D986C0
:103BF000DCCDDA867DCDDB86EBD6DC867ECDDD8640
:103C000080CDDE86D2F2DF86D4F2E08681CDE186F9
:103C100082CDE28683CDE38684CDE486F2B8E58664
:103C200085CDE68686CDE78687CDE88688CDE98690
:103C3000CBF2EA8689CDEB868ACDEC868BCDED86FC
:103C4000CEF2EE86F9C2EF868CCDF086DDD5F18618
:103C5000CCF2F286CDF2F386CFF2F486D3F2F5867B
:103C60008DCDF6868ECDF7868FCDF886D9F2F98682
:103C7000BCD3FA8690CDFB8691CDFC8692CDFD8695
:103C800093CDFE86EAB6FF8694CD0087F1CA018700
:103C900095CD0287E4B70387D7F2048796CD0587D1
:103CA00097CD068798CD0787D8F20887DAF209877B
:103CB000DDF20A87DBF20B8799CD0C879ACD0D8751
:103CC000DCF20E879BCD0F879CCD10879DCD118791
:103CD0009ECD1287D1D11387D1F214879FCD15873E
:103CE000C9CD1687A0CD1787CFCE1887A9D619873B
:103CF00040CE1A87E3F21B8741CE1C87DBC31D87AA
:103D000042CE1E87E0F21F8743CE208744CE218714
:103D1000AFC02287ECF22387DEF2248745CE2587C9
:103D2000E1F2268746CE278747CE288748CE2987C7
:103D3000E8F22A8749CE2B874ACE2C874BCE2D8797
:103D40004CCE2E87E2F22F874DCE30874ECE318774
:103D5000E7F232874FCE338750CE3487E6F235878D
:103D600051CE368752CE3787E9F2388753CE39871E
:103D700054CE3A8755CE3B87DFF23C8756CE3D87FF
:103D800057CE3E87E4F23F87EAF2408758CE41871C
:103D900059CE42875ACE43875BCE44875CCE458757
:103DA0005DCE46875ECE4787ACD34887E5F249872C
:103DB000F5B24A875FCE4B8760CE4C87F2F24D87D3
:103DC00061CE4E87ABD04F8762CE508763CE51878E
:103DD00064CE528765CE5387F5F2548766CE5587F9
:103DE00067CE568768CE5787C8BB588769CE598734
:103DF000F9F25A876ACE5B876BCE5C876CCE5D87A3
:103E00006DCE5E876ECE5F876FCE6087F0F2618782
:103E100070CE628771CE6387F6F26487F8F26587A9
:103E2000FAF2668772CE678773CE688774CE698729
:103E300075CE6A8776CE6B8777CE6C8778CE6D87A6
:103E400079CE6E87F3F26F877ACE7087F1F2718741
:103E50007BCE72877CCE73877DCE7487FBBA7587E5
:103E60007ECE7687FBB5778780CE788781CE7987BF
:103E700082CE7A8783CE7B87EFF27C87F7F27D87CD
:103E8000EDF27E87EEF27F8784CE808785CE8187B4
:103E900086CE8287EBF28387A6F3848787CE8587D9
:103EA000A3F3868788CE878789CE8887A2F3898700
:103EB0008ACE8A878BCE8B87F4F28C878CCE8D87C7
:103EC000DAC88E878DCE8F878ECE90878FCE9187E2
:103ED00090CE928791CE9387FBF2948792CE95876E
:103EE00093CE968794CE9787A5F3988795CE99879A
:103EF00096CE9A8797CE9B8798CE9C8799CE9D87A2
:103F00009ACE9E879BCE9F87F8C3A0879CCEA18721
:103F10009DCEA2879ECEA3879FCEA487A0CEA58745
:103F200040CFA68741CFA78742CFA887FDF2A987B8
:103F300043CFAA8744CFAB87A7F3AC87A9F3AD875C
:103F4000A4F3AE8745CFAF87FCF2B08746CFB187E9
:103F500047CFB28748CFB387ABF3B48749CFB58794
:103F6000AAF3B6874ACFB7874BCFB8874CCFB9876C
:103F70004DCFBA87DDC2BB874ECFBC874FCFBD8741
:103F8000AEF3BE8750CFBF8751CFC087B0F3C18794
:103F900052CFC28753CFC38754CFC48755CFC5876D
:103FA00056CFC687A1F3C78757CFC88758CFC987D1
:103FB00059CFCA87B1F3CB87ACF3CC875ACFCD8723
:103FC0005BCFCE875CCFCF875DCFD0875ECFD187E9
:103FD000AFF3D287FEF2D387ADF3D4875FCFD58717
:103FE00060CFD68761CFD78762CFD88763CFD98795
:103FF00064CFDA8765CFDB87B2F3DC8766CFDD87F6
:1040000067CFDE8768CFDF8769CFE087B4F3E187CA
:104010006ACFE2876BCFE3876CCFE4876DCFE5870C
:10402000A8F3E6876ECFE7876FCFE88770CFE98781
:1040300071CFEA87B3F3EB8772CFEC8773CFED874D
:1040400074CFEE87B5F3EF8775CFF08776CFF18722
:1040500077CFF28778CFF38779CFF4877ACFF58758
:104060007BCFF6877CCFF7877DCFF8877ECFF98728
:10407000B7D0FA8780CFFB8781CFFC8782CFFD87BF
:1040800083CFFE87B8F3FF8784CF008885CF018870
:1040900086CF028887CF0388F9D9048888CF05881E
:1040A00089CF06888ACF07888BCF08888CCF09886C
:1040B0008DCF0A88B9F30B888ECF0C888FCF0D88EF
:1040C00090CF0E8891CF0F8892CF108893CF118810
:1040D00094CF128895CF1388B7F3148896CF15889C
:1040E000E4C81688B6F3178897CF188898CF198830
:1040F00099CF1A889ACF1B88BAF31C889BCF1D884A
:104100009CCF1E889DCF1F889ECF20889FCF21885F
:10411000BBF32288C0B42388A0CF248840D0258850
:1041200041D0268842D0278843D0288844D0298887
:1041300045D02A8846D02B8847D02C8848D02D8857
:1041400049D02E884AD02F884BD030884CD0318827
:104150004DD03288C3EE33884ED034884FD0358866
:1041600050D0368851D0378852D0388853D03988CB
:10417000BCF33A8854D03B8855D03C88BDF33D8889
:1041800056D03E8857D03F8858D04088AAD1418821
:1041900059D042885AD043885BD04488ACF44588D3
:1041A000C6D046885CD047885DD048885ED04988B4
:1041B0005FD04A8860D04B8861D04C88D0D04D8881
:1041C000DCD14E8862D04F8863D0508864D051884B
:1041D00065D0528866D0538867D05488CECF558832
:1041E00068D0568869D05788D6BD58886AD0598813
:1041F000C3D15A886BD05B886CD05C886DD05D88E9
:104200006ED05E886FD05F8870D0608871D0618812
:10421000E2BA6288E9E16388C2D26488C2F1658843
:10422000B9B2668872D0678873D06888EDB1698842
:10423000C3F16A8874D06B88C0C96C88C4B36D88B8
:1042400075D06E88F2D96F8876D07088A5CB7188CA
:1042500077D07288C4F1738878D0748879D07588E3
:104260007AD076887BD07788D4D678887CD07988C5
:104270007DD07A887ED07B8880D07C8881D07D88F4
:10428000C5F17E88C0F47F88C6F1808882D081889D
:10429000ACD48288C7F1838883D08488C0B08588F5
:1042A000C1F4868884D0878885D08888C2F48988BC
:1042B00086D08A8887D08B88FCB48C8888D08D88FB
:1042C000DBC58E8889D08F888AD090888BD09188E2
:1042D0008CD09288BBCC93888DD094888ED09588D2
:1042E0008FD09688E4D0978890D0988891D099887C
:1042F00092D09A8893D09B8894D09C88E0CD9D885A
:1043000095D09E8896D09F8897D0A08898D0A18875
:1043100099D0A288C8F1A3889AD0A488F3D9A58897
:104320009BD0A6889CD0A7889DD0A8889ED0A9881D
:104330009FD0AA88A0D0AB88BBB1AC8840D1AD8853
:10434000AECFAE8841D1AF8842D1B08843D1B188D9
:10435000A4B8B28844D1B38845D1B48846D1B588D1
:1043600047D1B68848D1B788CAF1B88849D1B98849
:104370004AD1BA884BD1BB884CD1BC88CBF1BD881F
:104380004DD1BE884ED1BF884FD1C08850D1C18891
:10439000C3B2C288D1C1C38851D1C48852D1C588A3
:1043A000B0D7C688C9F1C78853D1C88854D1C98845
:1043B000CCF1CA8855D1CB8856D1CC8857D1CD887D
:1043C00058D1CE88CEF1CF8859D1D0885AD1D18852
:1043D0005BD1D288F6D9D3885CD1D488E1D2D58894
:1043E000A3D4D6885DD1D7885ED1D888C3F4D988C4
:1043F000B9C8DA885FD1DB8860D1DC8861D1DD881B
:1044000062D1DE8863D1DF88C4F4E08864D1E188BA
:1044100065D1E288CDF1E388CFF1E488E3BFE58898
:10442000D0F1E68866D1E78867D1E888D4F1E988D9
:1044300068D1EA8869D1EB886AD1EC886BD1ED88C4
:104440006CD1EE886DD1EF886ED1F088D6F1F1880D
:10445000D1F1F2886FD1F388D1C9F488E1C5F5882C
:1044600070D1F68871D1F78872D1F888E3C2F988E3
:10447000FCB9FA8873D1FB8874D1FC88D3F1FD882C
:1044800075D1FE88D5F1FF8876D1008977D1018971
:1044900078D10289D3B9038979D104897AD1058980
:1044A0007BD106897CD107897DD108897ED1098994
:1044B00080D10A89DBF10B8981D10C8982D10D89E8
:1044C00083D10E8984D10F8985D11089D6BA1189FB
:1044D00086D11289FDB01389D9F1148987D1158944
:1044E00088D1168989D117898AD118898BD11989E0
:1044F000D8F11A89D2F11B89DAF11C898CD11D8976
:104500008DD11E898ED11F898FD1208990D121898B
:10451000D7F1228991D1238992D1248993D12589F8
:10452000ECC8268994D1278995D1288996D12989E3
:1045300097D12A89CACD2B89DDF12C8998D12D8973
:1045400099D12E899AD12F899BD13089BDE53189A6
:104550009CD132899DD133899ED13489DCF1358952
:104560009FD13689DEF13789A0D1388940D2398987
:1045700041D23A8942D23B8943D23C8944D23D89D7
:1045800045D23E8946D23F8947D2408948D24189A7
:10459000DFF1428949D243894AD24489E5CF45892E
:1045A0004BD246894CD247894DD248894ED249894F
:1045B0004FD24A8950D24B8951D24C8952D24D891F
:1045C00053D24E8954D24F8955D2508956D25189EF
:1045D00057D2528958D2538959D254895AD25589BF
:1045E0005BD256895CD257895DD258895ED259898F
:1045F0005FD25A8960D25B8961D25C8962D25D895F
:1046000063D25E89C5F45F89F3BD608964D2618934
:1046100065D2628966D2638967D2648968D2658906
:1046200069D26689E0F167896AD268896BD2698943
:104630006CD26A896DD26B896ED26C896FD26D89AA
:1046400070D26E8971D26F8972D2708973D271897A
:1046500074D2728975D2738976D2748977D275894A
:1046600078D2768979D277897AD278897BD279891A
:104670007CD27A897DD27B89E1F17C897ED27D8969
:1046800080D27E8981D27F89F7CE808982D281894A
:10469000AAD2828983D28389FBF1848984D28589D5
:1046A00085D28689B2B8878986D2888987D2898956
:1046B00088D28A8989D28B898AD28C898BD28D893A
:1046C0008CD28E898DD28F898ED290898FD291890A
:1046D00090D2928991D2938992D2948993D29589DA
:1046E00094D2968995D2978996D2988997D29989AA
:1046F00098D29A8999D29B899AD29C899BD29D897A
:104700009CD29E899DD29F899ED2A0899FD2A18949
:10471000A0D2A28940D3A38941D3A48942D3A58939
:1047200043D3A68944D3A78945D3A88946D3A98969
:1047300047D3AA8948D3AB8949D3AC894AD3AD8939
:104740004BD3AE894CD3AF894DD3B0894ED3B18909
:104750004FD3B28950D3B38951D3B48952D3B589D9
:1047600053D3B68954D3B78955D3B88956D3B989A9
:1047700057D3BA8958D3BB8959D3BC895AD3BD8979
:104780005BD3BE895CD3BF895DD3C0895ED3C18949
:10479000FBBCC289DBB9C3895FD3C489E6B9C589CB
:1047A000D9C3C689D3CAC789E8EAC889C0C0C9893C
:1047B000F5BECA89E9EACB89EAEACC89EBEACD8978
:1047C00060D3CE89ECEACF89EDEAD089EEEAD189CF
:1047D000EFEAD289C7BDD38961D3D48962D3D589A1
:1047E00063D3D689FBF5D78964D3D88965D3D989B2
:1047F00066D3DA89FDF5DB8967D3DC89FEF5DD89CF
:1048000068D3DE89FCF5DF8969D3E0896AD3E18961
:104810006BD3E2896CD3E389E2BDE4896DD3E5898A
:10482000A1F6E689A5B4E7896ED3E8896FD3E98953
:1048300070D3EA8971D3EB89A2F6EC8972D3ED8942
:1048400073D3EE8974D3EF89A3F6F08975D3F18918
:1048500076D3F28977D3F389B2ECF48978D3F589EA
:1048600079D3F6897AD3F7897BD3F8897CD3F98910
:104870007DD3FA897ED3FB8980D3FC8981D3FD89DE
:1048800082D3FE8983D3FF8984D3008AD4D1018A5D
:1048900085D3028A86D3038A87D3048A88D3058A7C
:1048A00089D3068A8AD3078AEAD9088A8BD3098AE8
:1048B0008CD30A8A8DD30B8A8ED30C8A8FD30D8A20
:1048C00090D30E8A91D30F8A92D3108A93D3118AF0
:1048D00094D3128A95D3138A96D3148A97D3158AC0
:1048E00098D3168A99D3178A9AD3188A9BD3198A90
:1048F0009CD31A8A9DD31B8A9ED31C8A9FD31D8A60
:10490000A0D31E8A40D41F8A41D4208A42D4218A4F
:1049100043D4228A44D4238A45D4248A46D4258A7F
:1049200047D4268A48D4278A49D4288A4AD4298A4F
:104930004BD42A8A4CD42B8A4DD42C8A4ED42D8A1F
:104940004FD42E8A50D42F8A51D4308A52D4318AEF
:1049500053D4328A54D4338A55D4348A56D4358ABF
:1049600057D4368A58D4378A59D4388A5AD4398A8F
:104970005BD43A8A5CD43B8A5DD43C8A5ED43D8A5F
:104980005FD43E8AA4F63F8A60D4408A61D4418ACB
:1049900062D4428A63D4438A64D4448A65D4458A03
:1049A00066D4468A67D4478A68D4488ABAEE498A68
:1049B00069D44A8A6AD44B8A6BD44C8A6CD44D8AA7
:1049C0006DD44E8A6ED44F8A6FD4508A70D4518A77
:1049D00071D4528A72D4538A73D4548A74D4558A47
:1049E00075D4568A76D4578A77D4588A78D4598A17
:1049F00079D45A8A7AD45B8A7BD45C8A7CD45D8AE7
:104A00007DD45E8A7ED45F8A80D4608A81D4618AB4
:104A100082D4628A83D4638A84D4648A85D4658A82
:104A200086D4668A87D4678A88D4688A89D4698A52
:104A30008AD46A8A8BD46B8A8CD46C8A8DD46D8A22
:104A40008ED46E8A8FD46F8A90D4708A91D4718AF2
:104A500092D4728A93D4738A94D4748A95D4758AC2
:104A600096D4768A97D4778A98D4788A99D4798A92
:104A7000B2D57A8A9AD47B8A9BD47C8A9CD47D8A4C
:104A80009DD47E8A9ED47F8A9FD4808AA0D4818A36
:104A900040D5828A41D5838A42D5848A43D5858A86
:104AA00044D5868A45D5878A46D5888A47D5898A56
:104AB000FED38A8ADCCC8B8A48D58C8A49D58D8AEC
:104AC0004AD58E8A4BD58F8A4CD5908A4DD5918AFE
:104AD0004ED5928A4FD5938AC4CA948A50D5958A66
:104AE00051D5968A52D5978A53D5988A54D5998AA2
:104AF00055D59A8A56D59B8A57D59C8A58D59D8A72
:104B000059D59E8A5AD59F8A5BD5A08A5CD5A18A41
:104B10005DD5A28A5ED5A38A5FD5A48A60D5A58A11
:104B200061D5A68A62D5A78A63D5A88A64D5A98AE1
:104B300065D5AA8A66D5AB8A67D5AC8A68D5AD8AB1
:104B400069D5AE8A6AD5AF8A6BD5B08A6CD5B18A81
:104B50006DD5B28A6ED5B38A6FD5B48A70D5B58A51
:104B600071D5B68A72D5B78A73D5B88A74D5B98A21
:104B700075D5BA8A76D5BB8A77D5BC8A78D5BD8AF1
:104B800079D5BE8A7AD5BF8A7BD5C08A7CD5C18AC1
:104B90007DD5C28A7ED5C38A80D5C48A81D5C58A8F
:104BA00082D5C68A83D5C78A84D5C88A85D5C98A5D
:104BB00086D5CA8A87D5CB8A88D5CC8A89D5CD8A2D
:104BC0008AD5CE8A8BD5CF8A8CD5D08A8DD5D18AFD
:104BD0008ED5D28A8FD5D38A90D5D48A91D5D58ACD
:104BE00092D5D68A93D5D78A94D5D88A95D5D98A9D
:104BF00096D5DA8A97D5DB8A98D5DC8A99D5DD8A6D
:104C00009AD5DE8A9BD5DF8A9CD5E08A9DD5E18A3C
:104C10009ED5E28A9FD5E38AA0D5E48A40D6E58A6C
:104C200041D6E68A42D6E78A43D6E88A44D6E98A5C
:104C300045D6EA8A46D6EB8A47D6EC8A48D6ED8A2C
:104C400049D6EE8A4AD6EF8A4BD6F08A4CD6F18AFC
:104C50004DD6F28A4ED6F38A4FD6F48A50D6F58ACC
:104C600051D6F68A52D6F78A53D6F88A54D6F98A9C
:104C700055D6FA8A56D6FB8A57D6FC8A58D6FD8A6C
:104C800059D6FE8A5AD6FF8A5BD6008B5CD6018B3A
:104C90005DD6028B5ED6038B5FD6048B60D6058B08
:104CA00061D6068B62D6078BC0E5088B63D6098B6D
:104CB00064D60A8B65D60B8B66D60C8B67D60D8BAC
:104CC00068D60E8B69D60F8B6AD6108B6BD6118B7C
:104CD0006CD6128B6DD6138B6ED6148B6FD6158B4C
:104CE00070D6168B71D6178B72D6188B73D6198B1C
:104CF00074D61A8B75D61B8B76D61C8B77D61D8BEC
:104D000078D61E8B79D61F8B7AD6208B7BD6218BBB
:104D10007CD6228B7DD6238B7ED6248B80D6258B8A
:104D200081D6268BA5F6278B82D6288B83D6298B16
:104D300084D62A8B85D62B8B86D62C8B87D62D8B2B
:104D400088D62E8B89D62F8B8AD6308B8BD6318BFB
:104D50008CD6328B8DD6338B8ED6348B8FD6358BCB
:104D600090D6368B91D6378B92D6388B93D6398B9B
:104D700094D63A8B95D63B8B96D63C8B97D63D8B6B
:104D800098D63E8B99D63F8B9AD6408B9BD6418B3B
:104D90009CD6428B9DD6438B9ED6448B9FD6458B0B
:104DA000A0D6468B40D7478B41D7488B42D7498BFB
:104DB00043D74A8B44D74B8B45D74C8B46D74D8B2B
:104DC00047D74E8B48D74F8B49D7508B4AD7518BFB
:104DD0004BD7528B4CD7538B4DD7548B4ED7558BCB
:104DE0004FD7568B50D7578B51D7588B52D7598B9B
:104DF00053D75A8B54D75B8B55D75C8B56D75D8B6B
:104E000057D75E8B58D75F8B59D7608B5AD7618B3A
:104E10005BD7628B5CD7638B5DD7648B5ED7658B0A
:104E20005FD7668BAFBE678B60D7688B61D7698BA6
:104E300062D76A8B63D76B8B64D76C8BA9C66D8B7B
:104E400065D76E8B66D76F8B67D7708B68D7718B82
:104E500069D7728B6AD7738B6BD7748B6CD7758B52
:104E60006DD7768B6ED7778B6FD7788B70D7798B22
:104E700071D77A8B72D77B8B73D77C8B74D77D8BF2
:104E800075D77E8B76D77F8B77D7808B78D7818BC2
:104E900079D7828B7AD7838B7BD7848B7CD7858B92
:104EA0007DD7868B7ED7878B80D7888B81D7898B60
:104EB00082D78A8B83D78B8B84D78C8B85D78D8B2E
:104EC00086D78E8B87D78F8B88D7908B89D7918BFE
:104ED0008AD7928B8BD7938B8CD7948B8DD7958BCE
:104EE0008ED7968B8FD7978B90D7988B91D7998B9E
:104EF00092D79A8B93D79B8B94D79C8B95D79D8B6E
:104F000096D79E8B97D79F8B98D7A08BA5DAA18B2E
:104F1000C6BCA28BA9B6A38BBCB8A48BCFC8A58BEB
:104F2000A5BCA68BA6DAA78BA7DAA88BD6CCA98BB3
:104F3000C3C8AA8BA8DAAB8BFDC6AC8B99D7AD8B57
:104F4000B5D1AE8BE9D2AF8BB6D1B08BC7BCB18B2C
:104F50009AD7B28BB2BDB38BE4BBB48BA9DAB58B55
:104F6000AADAB68BC8D1B78BABDAB88BEDD0B98BD8
:104F7000EFB6BA8BDBC2BB8B9BD7BC8BCFCBBD8BC9
:104F8000EDB7BE8BE8C9BF8BC3B7C08BF7BEC18B73
:104F9000A4D6C28BACDAC38BADDAC48BC0C6C58BCA
:104FA000E7D7C68BB6CAC78B9CD7C88BA9D5C98B88
:104FB000DFCBCA8BEFD5CB8BAEDACC8BDFD6CD8BEC
:104FC000CAB4CE8BB0DACF8BAFDAD08B9DD7D18B72
:104FD000EBD2D28BB1DAD38BB2DAD48BB3DAD58BF6
:104FE000D4CAD68BB4DAD78BABCAD88BB5DAD98B07
:104FF000B6DADA8BCFB3DB8BEFD6DC8BB7DADD8BAF
:10500000B0BBDE8BAEB5DF8BB8DAE08BB9DAE18B03
:10501000EEB9E28BAFD1E38BE8D2E48BBADAE58B61
:10502000C3B8E68BEACFE78BEFB2E88BBBDAE98B4C
:10503000BCDAEA8B9ED7EB8BEBBDEC8BDCCEED8B39
:10504000EFD3EE8BBDDAEF8BF3CEF08BBEDAF18BC4
:10505000D5D3F28BE5BBF38BBFDAF48BB5CBF58BF5
:10506000D0CBF68BC0DAF78BEBC7F88BEED6F98B8B
:10507000C1DAFA8BB5C5FB8BC1B6FC8BC2DAFD8BEE
:10508000CCB7FE8BCEBFFF8BC3DA008CC4DA018CA9
:10509000ADCB028CC5DA038CF7B5048CC6DA058C6F
:1050A000C2C1068CBBD7078CC7DA088CB8CC098C78
:1050B0009FD70A8CEAD20B8CB1C40C8CC8DA0D8C49
:1050C000FDB50E8CD1BB0F8CC9DA108CB3D0118C0E
:1050D000CADA128CCBDA138CBDCE148CCCDA158CD8
:1050E000CDDA168CCEDA178CF7B2188CD1DA198C8F
:1050F000CFDA1A8CE8D11B8CD0DA1C8CD5C31D8C6E
:10510000D2DA1E8CA0D71F8CD3DA208CD4DA218C73
:10511000D5DA228CBBD0238CA5D2248CF9B0258C77
:10512000D6DA268CABC7278CD7DA288CF7BD298C2A
:10513000A1C32A8CD8DA2B8CD9DA2C8CFDC32D8C08
:10514000B7CC2E8CDADA2F8CDBDA308CBEC0318C07
:10515000D7C6328CDCDA338CDDDA348CB4C7358CCC
:10516000DEDA368CDFDA378CC8B9388C40D8398C27
:1051700041D83A8C42D83B8C43D83C8C44D83D8CA7
:1051800045D83E8C46D83F8C47D8408C48D8418C77
:10519000EDBB428C49D8438C4AD8448C4BD8458CC3
:1051A0004CD8468CB9B6478CF8F4488C4DD8498C0D
:1051B000F9F44A8C4ED84B8C4FD84C8CE3CD4D8CA7
:1051C00050D84E8C51D84F8C52D8508C53D8518CCB
:1051D00054D8528C55D8538C56D8548C57D8558C9B
:1051E000B9F5568C58D8578C59D8588C5AD8598CF0
:1051F0005BD85A8CE0EB5B8C5CD85C8C5DD85D8CAA
:105200005ED85E8C5FD85F8C60D8608C61D8618C12
:10521000F3CF628CBFBB638C62D8648C63D8658C1F
:1052200064D8668C65D8678C66D8688C67D8698CBA
:1052300068D86A8CC0BA6B8CA5D46C8C69D86D8C1C
:105240006AD86E8C6BD86F8C6CD8708C6DD8718C62
:105250006ED8728C6FD8738CD9E1748C70D8758CC1
:1052600071D8768C72D8778C73D8788CF4F5798C69
:10527000AAB17A8CF2B27B8C74D87C8C75D87D8C78
:1052800076D87E8C77D87F8C78D8808C79D8818CB2
:105290007AD8828CF5F5838C7BD8848C7CD8858CED
:1052A000F7F5868C7DD8878C7ED8888C80D8898CC1
:1052B000D1BA8A8CF6F58B8C81D88C8CB2C38D8C4C
:1052C00082D88E8C83D88F8C84D8908C85D8918C02
:1052D00086D8928C87D8938C88D8948CF9F5958C45
:1052E00089D8968C8AD8978C8BD8988CF8F5998C1D
:1052F0008CD89A8C8DD89B8C8ED89C8C8FD89D8C7A
:1053000090D89E8C91D89F8C92D8A08C93D8A18C49
:1053100094D8A28C95D8A38C96D8A48C97D8A58C19
:1053200098D8A68C99D8A78C9AD8A88C9BD8A98CE9
:105330009CD8AA8C9DD8AB8C9ED8AC8C9FD8AD8CB9
:10534000A0D8AE8C40D9AF8C41D9B08C42D9B18CA9
:1053500043D9B28C44D9B38C45D9B48C46D9B58CD9
:1053600047D9B68C48D9B78C49D9B88C4AD9B98CA9
:105370004BD9BA8C4CD9BB8C4DD9BC8C4ED9BD8C79
:105380004FD9BE8C50D9BF8C51D9C08C52D9C18C49
:1053900053D9C28C54D9C38C55D9C48C56D9C58C19
:1053A00057D9C68C58D9C78C59D9C88C5AD9C98CE9
:1053B0005BD9CA8C5CD9CB8C5DD9CC8C5ED9CD8CB9
:1053C0005FD9CE8C60D9CF8C61D9D08C62D9D18C89
:1053D00063D9D28C64D9D38C65D9D48C66D9D58C59
:1053E00067D9D68C68D9D78C69D9D88C6AD9D98C29
:1053F0006BD9DA8C6CD9DB8C6DD9DC8C6ED9DD8CF9
:105400006FD9DE8C70D9DF8C71D9E08C72D9E18CC8
:1054100073D9E28C74D9E38C75D9E48C76D9E58C98
:1054200077D9E68C78D9E78C79D9E88C7AD9E98C68
:105430007BD9EA8C7CD9EB8C7DD9EC8C7ED9ED8C38
:1054400080D9EE8C81D9EF8C82D9F08C83D9F18C04
:1054500084D9F28C85D9F38C86D9F48C87D9F58CD4
:1054600088D9F68C89D9F78C8AD9F88C8BD9F98CA4
:105470008CD9FA8C8DD9FB8C8ED9FC8C8FD9FD8C74
:1054800090D9FE8C91D9FF8C92D9008D93D9018D42
:1054900094D9028D95D9038D96D9048D97D9058D10
:1054A00098D9068D99D9078D9AD9088D9BD9098DE0
:1054B0009CD90A8D9DD90B8D9ED90C8D9FD90D8DB0
:1054C000A0D90E8D40DA0F8D41DA108D42DA118DA0
:1054D00043DA128D44DA138D45DA148D46DA158DD0
:1054E00047DA168D48DA178D49DA188D4ADA198DA0
:1054F0004BDA1A8D4CDA1B8D4DDA1C8D4EDA1D8D70
:10550000B4B11E8DEAD51F8DBAB8208D4FDA218D2A
:10551000B1B9228DC6B2238DF0D4248DCDCF258D87
:10552000DCB0268DCBD5278DF5BB288DCAD6298D2D
:10553000B7B72A8DB0CC2B8DB6C62C8DE1B12D8D91
:10554000BAB92E8DFCD62F8DE1B9308DA1B7318D32
:10555000FABC328DDAEA338DDBEA348DF9CC358D45
:10556000F3B9368DDCEA378DFBB4388DB3C3398D92
:10557000D1B73A8DD8BA3B8DDDEA3C8DF4D43D8D60
:10558000DEEA3E8DD6BC3F8DDFBB408DDFEA418D2C
:10559000DEC1428DB8C2438DDFD4448DCAD7458D5C
:1055A000E0EA468DE1EA478DE4EA488DE2EA498D7A
:1055B000E3EA4A8DDEC94B8DB3B84C8DC4B64D8D30
:1055C000E5EA4E8DEACA4F8DCDC9508DCDB4518DCF
:1055D00050DA528D51DA538DD9E2548DE2C5558D92
:1055E000E6EA568DB5C0578D52DA588DB8D7598D29
:1055F000E7EA5A8DACD75B8DFCC85C8DD3D85D8D46
:10560000CDD85E8DDED45F8D53DA608DF9D4618D97
:10561000C4C9628DAED3638DD3B8648DE0B3658D9C
:1056200054DA668DE2C9678DF6F4688D55DA698DB6
:1056300056DA6A8D57DA6B8DD5BA6C8D58DA6D8D66
:10564000F7F46E8D59DA6F8D5ADA708DDFD7718D60
:105650005BDA728D5CDA738DF1F4748DB0B8758D90
:10566000D4D5768DCFB8778DF0C6788D5DDA798D0B
:105670005EDA7A8D5FDA7B8D60DA7C8D61DA7D8D22
:1056800062DA7E8D63DA7F8D64DA808D65DA818DF2
:10569000C3B3828D66DA838D67DA848DF2F4858DEB
:1056A000ACB3868D68DA878D69DA888D6ADA898D80
:1056B0006BDA8A8DBDD48B8DF7C78C8D6CDA8D8DAE
:1056C0006DDA8E8D6EDA8F8D6FDA908D70DA918D46
:1056D000F4F4928D71DA938D72DA948DF3F4958DE2
:1056E00073DA968D74DA978D75DA988D76DA998DEE
:1056F00077DA9A8D78DA9B8D79DA9C8D7ADA9D8DBE
:105700007BDA9E8D7CDA9F8DCBCCA08D7DDAA18D4E
:105710007EDAA28D80DAA38DA4C8A48D81DAA58D4E
:1057200082DAA68D83DAA78D84DAA88D85DAA98D31
:1057300086DAAA8D87DAAB8D88DAAC8D89DAAD8D01
:105740008ADAAE8D8BDAAF8D8CDAB08D8DDAB18DD1
:10575000F5F4B28D8EDAB38DE3D7B48DBFC5B58DB8
:10576000C0F5B68D8FDAB78D90DAB88DBBF5B98DEF
:1057700091DABA8DC3F5BB8D92DABC8DC2F5BD8DC1
:1057800093DABE8DBAD6BF8DC1F5C08D94DAC18DC6
:1057900095DAC28D96DAC38DBED4C48DC4F5C58D9D
:1057A00097DAC68DCCF5C78D98DAC88D99DAC98D90
:1057B0009ADACA8D9BDACB8DCFB0CC8DF8B5CD8D72
:1057C0009CDACE8DC9F5CF8DCAF5D08D9DDAD18DFD
:1057D000DCC5D28D9EDAD38D9FDAD48DA0DAD58D3B
:1057E00040DBD68DC5F5D78DC6F5D88D41DBD98D7B
:1057F00042DBDA8DC7F5DB8DCBF5DC8D43DBDD8D50
:10580000E0BEDE8DC8F5DF8DFAB8E08D44DBE18DBA
:1058100045DBE28D46DBE38DD0F5E48DD3F5E58DF8
:1058200047DBE68D48DBE78D49DBE88DE7BFE98D97
:105830004ADBEA8DF2B9EB8DBCF5EC8DCDF5ED8D43
:105840004BDBEE8D4CDBEF8DB7C2F08D4DDBF18D78
:105850004EDBF28D4FDBF38DF8CCF48D50DBF58D04
:10586000F9BCF68D51DBF78DCEF5F88DCFF5F98DBE
:10587000D1F5FA8DE5B6FB8DD2F5FC8D52DBFD8DB1
:10588000D5F5FE8D53DBFF8D54DB008E55DB018E8D
:1058900056DB028E57DB038E58DB048E59DB058EF8
:1058A000BDF5068E5ADB078E5BDB088E5CDB098E4E
:1058B000D4F50A8EBBD30B8E5DDB0C8EECB30D8E54
:1058C0005EDB0E8E5FDB0F8EA4CC108E60DB118E44
:1058D00061DB128E62DB138E63DB148ED6F5158EC0
:1058E00064DB168E65DB178E66DB188E67DB198E20
:1058F00068DB1A8E69DB1B8E6ADB1C8E6BDB1D8EF0
:10590000D7F51E8EE1BE1F8ED8F5208E6CDB218E62
:105910006DDB228EDFCC238EDBF5248E6EDB258EB5
:105920006FDB268E70DB278E71DB288E72DB298E73
:10593000C8B22A8ED9D72B8E73DB2C8ED9F52D8E3B
:1059400074DB2E8EDAF52F8EDCF5308E75DB318E22
:10595000E2F5328E76DB338E77DB348E78DB358E74
:10596000E0F5368E79DB378E7ADB388E7BDB398E4D
:10597000DFF53A8EDDF53B8E7CDB3C8E7DDB3D8EAC
:10598000E1F53E8E7EDB3F8E80DB408EDEF5418E84
:10599000E4F5428EE5F5438E81DB448EE3CC458E03
:1059A00082DB468E83DB478EBFE5488EB8B5498ED5
:1059B000E3F54A8EE8F54B8EA3CC4C8E84DB4D8EFE
:1059C00085DB4E8E86DB4F8E87DB508E88DB518EDB
:1059D000E6F5528EE7F5538E89DB548E8ADB558EC1
:1059E0008BDB568E8CDB578E8DDB588E8EDB598E83
:1059F000BEF55A8E8FDB5B8E90DB5C8E91DB5D8E0D
:105A000092DB5E8E93DB5F8E94DB608E95DB618E26
:105A100096DB628E97DB638E98DB648E99DB658EF6
:105A20009ADB668EC4B1678E9BDB688E9CDB698EC9
:105A3000BFF56A8E9DDB6B8E9EDB6C8EC5B56D8E61
:105A4000E4B26E8E9FDB6F8EECF5708EE9F5718E91
:105A5000A0DB728ED7B6738E40DC748EEDF5758E3A
:105A600041DC768EEAF5778E42DC788E43DC798EE7
:105A700044DC7A8E45DC7B8E46DC7C8EEBF57D8EBD
:105A800047DC7E8E48DC7F8EDAB4808E49DC818EE6
:105A9000EAD4828E4ADC838E4BDC848E4CDC858E8D
:105AA000EEF5868E4DDC878EF9B3888E4EDC898EBE
:105AB0004FDC8A8E50DC8B8E51DC8C8E52DC8D8ECE
:105AC00053DC8E8E54DC8F8EEFF5908EF1F5918E37
:105AD00055DC928E56DC938E57DC948EF0F5958EC5
:105AE00058DC968E59DC978E5ADC988E5BDC998E4A
:105AF0005CDC9A8E5DDC9B8E5EDC9C8EF2F59D8E6E
:105B00005FDC9E8EF3F59F8E60DCA08E61DCA18E43
:105B100062DCA28E63DCA38E64DCA48E65DCA58EC1
:105B200066DCA68E67DCA78E68DCA88E69DCA98E91
:105B30006ADCAA8E6BDCAB8EEDC9AC8EAAB9AD8ED9
:105B40006CDCAE8E6DDCAF8EFBC7B08E6EDCB18EC2
:105B50006FDCB28EE3B6B38E70DCB48E71DCB58EC2
:105B600072DCB68E73DCB78E74DCB88E75DCB98EE1
:105B700076DCBA8EC9CCBB8E77DCBC8E78DCBD8E71
:105B800079DCBE8E7ADCBF8E7BDCC08E7CDCC18E85
:105B90007DDCC28E7EDCC38E80DCC48E81DCC58E53
:105BA00082DCC68E83DCC78E84DCC88E85DCC98E21
:105BB00086DCCA8E87DCCB8E88DCCC8E89DCCD8EF1
:105BC0008ADCCE8EA6EACF8E8BDCD08E8CDCD18E9A
:105BD0008DDCD28E8EDCD38E8FDCD48E90DCD58E95
:105BE00091DCD68E92DCD78E93DCD88E94DCD98E65
:105BF00095DCDA8E96DCDB8E97DCDC8E98DCDD8E35
:105C000099DCDE8E9ADCDF8E9BDCE08E9CDCE18E04
:105C10009DDCE28E9EDCE38E9FDCE48EA0DCE58ED4
:105C200040DDE68E41DDE78E42DDE88E43DDE98E24
:105C300044DDEA8E45DDEB8E46DDEC8E47DDED8EF4
:105C400048DDEE8E49DDEF8E4ADDF08E4BDDF18EC4
:105C50004CDDF28E4DDDF38E4EDDF48E4FDDF58E94
:105C600050DDF68E51DDF78E52DDF88E53DDF98E64
:105C700054DDFA8E55DDFB8E56DDFC8E57DDFD8E34
:105C800058DDFE8E59DDFF8E5ADD008F5BDD018F02
:105C90005CDD028F5DDD038F5EDD048F5FDD058FD0
:105CA00060DD068F61DD078F62DD088F63DD098FA0
:105CB00064DD0A8F65DD0B8F66DD0C8F67DD0D8F70
:105CC00068DD0E8F69DD0F8F6ADD108F6BDD118F40
:105CD0006CDD128F6DDD138F6EDD148F6FDD158F10
:105CE00070DD168F71DD178F72DD188F73DD198FE0
:105CF00074DD1A8F75DD1B8F76DD1C8F77DD1D8FB0
:105D000078DD1E8F79DD1F8F7ADD208F7BDD218F7F
:105D10007CDD228F7DDD238F7EDD248F80DD258F4E
:105D200081DD268F82DD278F83DD288F84DD298F1B
:105D300085DD2A8F86DD2B8F87DD2C8F88DD2D8FEB
:105D400089DD2E8F8ADD2F8F8BDD308F8CDD318FBB
:105D50008DDD328F8EDD338F8FDD348F90DD358F8B
:105D600091DD368F92DD378F93DD388F94DD398F5B
:105D700095DD3A8F96DD3B8F97DD3C8F98DD3D8F2B
:105D800099DD3E8F9ADD3F8F9BDD408F9CDD418FFB
:105D90009DDD428F9EDD438F9FDD448FA0DD458FCB
:105DA00040DE468F41DE478F42DE488F43DE498F1B
:105DB00044DE4A8F45DE4B8F46DE4C8F47DE4D8FEB
:105DC00048DE4E8F49DE4F8F4ADE508F4BDE518FBB
:105DD0004CDE528F4DDE538F4EDE548F4FDE558F8B
:105DE00050DE568F51DE578F52DE588F53DE598F5B
:105DF00054DE5A8F55DE5B8F56DE5C8F57DE5D8F2B
:105E000058DE5E8F59DE5F8F5ADE608F5BDE618FFA
:105E10005CDE628F5DDE638F5EDE648F5FDE658FCA
:105E200060DE668FB5B3678FFED4688FECB9698F7B
:105E3000F9D06A8F61DE6B8FEDE96C8FAAD76D8F19
:105E4000EEE96E8FD6C26F8FEDC8708FE4BA718F96
:105E5000EFE9728FF0E9738FF1E9748FE1D6758FF6
:105E6000F2E9768FF3E9778FF5E9788FF4E9798FA6
:105E7000F6E97A8FF7E97B8FE1C77C8FF8E97D8FB0
:105E8000D8D47E8FF9E97F8FCEBD808F62DE818F7F
:105E9000FAE9828FFBE9838FCFBD848FFCE9858F80
:105EA000A8B8868FBEC1878FFDE9888FB2B1898F70
:105EB000D4BB8A8FF5B98B8FFEE98C8F63DE8D8F13
:105EC000A1EA8E8FA2EA8F8FA3EA908FF8B7918F05
:105ED000ADBC928F64DE938FE4CA948FCEE0958F31
:105EE000AFD4968FBDCF978FB7D5988FA4EA998FEF
:105EF000DED59A8FA5EA9B8FC1D09C8FBCB99D8FB0
:105F000065DE9E8FC7B49F8FD9B1A08F66DEA18F4B
:105F100067DEA28F68DEA38FB1C0A48F69DEA58F74
:105F20006ADEA68F6BDEA78F6CDEA88FE6B1A98F25
:105F3000E7B1AA8F6DDEAB8FE8B1AC8F6EDEAD8FAF
:105F40006FDEAE8F70DEAF8F71DEB08FBDB3B18FFD
:105F5000E8C8B28F72DEB38F73DEB48F74DEB58F94
:105F600075DEB68FC1E5B78F76DEB88F77DEB98F75
:105F7000DFB1BA8F78DEBB8F79DEBC8F7ADEBD8F62
:105F8000C9C1BE8FEFB4BF8F7BDEC08F7CDEC18FF7
:105F9000A8C7C28FD8D3C38F7DDEC48FF9C6C58F83
:105FA000B8D1C68F7EDEC78FFDB9C88FF5C2C98F45
:105FB00080DECA8F81DECB8F82DECC8F83DECD8FF9
:105FC00084DECE8FADD3CF8F85DED08FCBD4D18F73
:105FD000FCBDD28F86DED38FC2E5D48FB5B7D58F07
:105FE000C3E5D68F87DED78F88DED88FB9BBD98F30
:105FF000E2D5DA8F89DEDB8FF8BDDC8FB6D4DD8F9A
:10600000A5CEDE8FACC1DF8FD9B3E08F8ADEE18F02
:106010008BDEE28FF6CCE38F8CDEE48FC6E5E58F76
:10602000C4E5E68FC8E5E78F8DDEE88FCAE5E98F26
:10603000C7E5EA8FCFB5EB8FC8C6EC8F8EDEED8F4C
:10604000FCB5EE8FC5E5EF8F8FDEF08FF6CAF18FCE
:1060500090DEF28F91DEF38FC9E5F48F92DEF58F3B
:1060600093DEF68F94DEF78FD4C3F88FC5B1F98F26
:10607000A3BCFA8F95DEFB8F96DEFC8F97DEFD8F3B
:10608000B7D7FE8F98DEFF8F99DE0090CBCD0190C1
:10609000CDCB0290CACA0390D3CC0490CCE5059036
:1060A000CBE50690E6C407909ADE08909BDE099047
:1060B000A1D10A90B7D10B90CDE50C909CDE0D904C
:1060C000D0E50E909DDE0F90B8CD1090F0D61190D7
:1060D000CFE51290DDB513909EDE1490BECD1590E5
:1060E0009FDE1690D1E51790BAB61890A0DE1990F1
:1060F00040DF1A90A8CD1B90E4B91C9041DF1D90A1
:10610000C5CA1E90D1B31F90D9CB2090ECD421905A
:10611000D2E52290EAB7239042DF249043DF259016
:1061200044DF2690CEE5279045DF289046DF299072
:1061300047DF2A9048DF2B9049DF2C904ADF2D90D3
:10614000D5E52E90FEB42F90D6E530904BDF319000
:106150004CDF32904DDF33904EDF34904FDF35907F
:10616000D3E53690D4E5379050DF3890DDD23990C2
:1061700051DF3A9052DF3B90DFC23C90C6B13D9078
:1061800053DF3E90E2D33F9054DF409055DF419083
:10619000DDB64290ECCB439056DF4490D7E5459076
:1061A00057DF469058DF4790F6D3489059DF499023
:1061B0005ADF4A905BDF4B905CDF4C905DDF4D9087
:1061C000E9B14E905EDF4F90F4B65090DAE5519011
:1061D000D8E55290D9E55390C0B554905FDF559003
:1061E00060DF569061DF5790C5D25890DCE559903A
:1061F00062DF5A9063DF5B90DEE55C9064DF5D9068
:1062000065DF5E9066DF5F9067DF609068DF6190BA
:1062100069DF6290DDE56390B2C764906ADF6590E4
:10622000A3D266906BDF67906CDF6890DBE56990C6
:106230006DDF6A906EDF6B906FDF6C9070DF6D903A
:10624000E2D46E90DAD56F9071DF709072DF71904A
:1062500073DF729074DF739075DF7490E0E5759072
:10626000F1D7769076DF779077DF789078DF799046
:1062700079DF7A907ADF7B907BDF7C907CDF7D908A
:10628000E1E57E907DDF7F90DCB18090FBD1819055
:106290007EDF8290E2E58390E4E5849080DF859064
:1062A00081DF869082DF879083DF8890E3E58990A5
:1062B00084DF8A9085DF8B90E5E58C9086DF8D907A
:1062C00087DF8E9088DF8F9089DF90908ADF9190B2
:1062D000D8D292908BDF9390CBB594908CDF959031
:1062E000DFE796908DDF9790F5DA98908EDF9990A2
:1062F000F8DA9A908FDF9B90F6DA9C9090DF9D9071
:10630000F7DA9E9091DF9F9092DFA09093DFA190AB
:10631000FADAA290CFD0A390C7C4A49094DFA5903E
:1063200095DFA690EEB0A79096DFA89097DFA99092
:1063300098DFAA90B0D0AB9099DFAC90F9DAAD902D
:106340009ADFAE90CAD3AF90AABAB090A2DBB19058
:10635000F1C7B2909BDFB390FCDAB490FBDAB59052
:10636000DBC9B690FDDAB7909CDFB890A1DBB9909D
:10637000DED7BA90FEDABB90DAC1BC909DDFBD904B
:106380009EDFBE90A5DBBF909FDFC090A0DFC190D5
:10639000F4D3C29040E0C39041E0C490A7DBC59025
:1063A000A4DBC69042E0C790A8DBC89043E0C99048
:1063B00044E0CA90BCBDCB9045E0CC9046E0CD9087
:1063C00047E0CE90C9C0CF90A3DBD090A6DBD190A0
:1063D000A3D6D29048E0D390A9DBD49049E0D590E1
:1063E0004AE0D6904BE0D790ADDBD8904CE0D99006
:1063F0004DE0DA904EE0DB90AEDBDC90ACDBDD9084
:10640000C2BADE904FE0DF9050E0E09051E0E190C2
:10641000A4BFE290ABDBE39052E0E49053E0E59060
:1064200054E0E690AADBE790C7D4E890BFB2E990C9
:1064300055E0EA9056E0EB90AFDBEC9057E0ED9042
:10644000F9B9EE9058E0EF90B0DBF09059E0F190A0
:106450005AE0F2905BE0F3905CE0F490BBB3F5900F
:106460005DE0F6905EE0F7905FE0F890A6B5F990F9
:1064700060E0FA9061E0FB9062E0FC9063E0FD90E8
:10648000BCB6FE90B1DBFF9064E0009165E0019145
:1064900066E00291F5B6039167E00491B2DB0591E5
:1064A00068E0069169E007916AE008916BE0099164
:1064B0006CE00A916DE00B916EE00C916FE00D9134
:1064C00070E00E9171E00F9172E0109173E0119104
:1064D00074E0129175E0139176E0149177E01591D4
:1064E00078E0169179E017917AE018917BE01991A4
:1064F000C9B11A917CE01B917DE01C917EE01D9159
:1065000080E01E91B4DB1F9181E0209182E0219117
:1065100083E02291B3DB2391B5DB249184E02591C4
:1065200085E0269186E0279187E0289188E02991EF
:1065300089E02A918AE02B918BE02C918CE02D91BF
:106540008DE02E918EE02F91B7DB30918FE031916D
:10655000B6DB329190E0339191E0349192E0359145
:1065600093E0369194E0379195E0389196E0399137
:10657000B8DB3A9197E03B9198E03C9199E03D91EE
:106580009AE03E919BE03F919CE040919DE04191DB
:106590009EE042919FE04391B9DB4491A0E0459198
:1065A00040E14691BADB479141E1489142E149918E
:1065B000CFD34A91FAF44B91F5C74C91C3D74D9183
:1065C000E4C54E91FCF44F91FDF45091FBF45191D0
:1065D00043E15291C6BE539144E1549145E1559136
:1065E00046E1569147E15791EFD0589148E15991D2
:1065F00049E15A91D3B75B914AE15C914BE15D91DE
:10660000CDD45E91AACC5F914CE160914DE1619156
:10661000A2F56291A1F56391A8BA6491FEF4659127
:10662000D6CB66914EE167914FE1689150E1699157
:10663000A4F56A91D2C06B9151E16C91EAB36D916E
:1066400052E16E91AACD6F91A5F57091A3F571916C
:10665000B4BD7291A8F5739153E17491A9F5759148
:10666000CDBD7691B8C37791E1BF7891E1CB7991B7
:10667000AAF57A9154E17B9155E17C9156E17D91A7
:10668000A6F57E91A7F57F91F0C4809157E18191A5
:1066900058E1829159E183915AE184915BE18591BE
:1066A000ACF586915CE18791BCB488915DE18991FC
:1066B000EDD78A915EE18B91D7B48C91ABF58D913A
:1066C000AEF58E915FE18F9160E19091ADF5919182
:1066D000AFF59291D1D0939161E1949162E195915E
:1066E00063E1969164E1979165E1989166E19991F2
:1066F00067E19A91D1C39B91A9C89C9168E19D9152
:1067000069E19E916AE19F916BE1A0916CE1A19199
:106710006DE1A291B0F5A391B1F5A4916EE1A591BF
:106720006FE1A69170E1A79171E1A89172E1A99141
:1067300073E1AA91B2F5AB9174E1AC9175E1AD91C1
:10674000B3F5AE91B4F5AF91B5F5B09176E1B191F5
:1067500077E1B29178E1B39179E1B491B7F5B59170
:10676000B6F5B6917AE1B7917BE1B8917CE1B99148
:106770007DE1BA91B8F5BB917EE1BC9180E1BD911C
:1067800081E1BE9182E1BF9183E1C09184E1C19139
:1067900085E1C29186E1C39187E1C49188E1C59109
:1067A00089E1C6918AE1C791C9B2C8918BE1C991CB
:1067B000D4D3CA91CDCACB918CE1CC91EFC0CD910D
:1067C000D8D6CE91B0D2CF91BFC1D0918DE1D19129
:1067D000F0BDD2918EE1D3918FE1D49190E1D5912A
:1067E00091E1D69192E1D79193E1D89194E1D99139
:1067F00095E1DA9196E1DB9197E1DC91AAB8DD9120
:1068000098E1DE9199E1DF919AE1E0919BE1E191DC
:106810009CE1E2919DE1E3919EE1E4919FE1E591AC
:10682000A0E1E69140E2E79141E2E89142E2E9919C
:1068300043E2EA9144E2EB9145E2EC9146E2ED91CC
:1068400047E2EE9148E2EF9149E2F0914AE2F1919C
:106850004BE2F2914CE2F3914DE2F4914EE2F5916C
:106860004FE2F69150E2F79151E2F89152E2F9913C
:1068700053E2FA9154E2FB9155E2FC9156E2FD910C
:1068800057E2FE9158E2FF9159E200925AE20192DA
:106890005BE202925CE203925DE204925EE20592A8
:1068A0005FE2069260E2079261E2089262E2099278
:1068B00063E20A9264E20B9265E20C9266E20D9248
:1068C00067E20E9268E20F9269E210926AE2119218
:1068D0006BE212926CE213926DE214926EE21592E8
:1068E0006FE2169270E2179271E2189272E21992B8
:1068F00073E21A9274E21B9275E21C9276E21D9288
:1069000077E21E9278E21F9279E220927AE2219257
:106910007BE222927CE223927DE224927EE2259227
:1069200080E2269281E2279282E2289283E22992F3
:1069300084E22A9285E22B9286E22C9287E22D92C3
:1069400088E22E9289E22F928AE230928BE2319293
:106950008CE232928DE233928EE234928FE2359263
:1069600090E2369291E2379292E2389293E2399233
:1069700094E23A9295E23B9296E23C9297E23D9203
:1069800098E23E9299E23F929AE240929BE24192D3
:106990009CE242929DE243929EE244929FE24592A3
:1069A000A0E2469240E3479241E3489242E3499293
:1069B00043E34A9244E34B9245E34C9246E34D92C3
:1069C00047E34E9248E34F9249E350924AE3519293
:1069D0004BE352924CE353924DE354924EE3559263
:1069E0004FE3569250E3579251E3589252E3599233
:1069F00053E35A9254E35B9255E35C9256E35D9203
:106A000057E35E9258E35F9259E360925AE36192D2
:106A10005BE362925CE363925DE364925EE36592A2
:106A20005FE3669260E3679261E3689262E3699272
:106A300063E36A9264E36B9265E36C9266E36D9242
:106A400067E36E9268E36F9269E370926AE3719212
:106A50006BE372926CE373926DE37492F8BC75927F
:106A60006EE376926FE3779270E3789271E37992B6
:106A700072E37A9273E37B9274E37C9275E37D9286
:106A800076E37E9277E37F9278E3809279E3819256
:106A90007AE382927BE383927CE384927DE3859226
:106AA0007EE3869280E3879281E3889282E38992F3
:106AB00083E38A9284E38B9285E38C9286E38D92C2
:106AC00087E38E92C6F68F9288E3909289E3919243
:106AD0008AE392928BE393928CE394928DE3959266
:106AE0008EE396928FE3979290E3989291E3999236
:106AF00092E39A9293E39B9294E39C9295E39D9206
:106B000096E39E9297E39F9298E3A09299E3A192D5
:106B10009AE3A2929BE3A3929CE3A4929DE3A592A5
:106B20009EE3A6929FE3A792A0E3A89240E4A992D5
:106B300041E4AA9242E4AB9243E4AC9244E4AD92C5
:106B400045E4AE92C7F6AF9246E4B09247E4B19204
:106B500048E4B29249E4B3924AE4B4924BE4B59269
:106B60004CE4B6924DE4B7924EE4B8924FE4B99239
:106B700050E4BA9251E4BB9252E4BC9253E4BD9209
:106B800054E4BE9255E4BF9256E4C09257E4C192D9
:106B900058E4C29259E4C3925AE4C4925BE4C592A9
:106BA0005CE4C6925DE4C7925EE4C892C8F6C992FE
:106BB0005FE4CA9260E4CB9261E4CC9262E4CD924D
:106BC00063E4CE9264E4CF9265E4D09266E4D1921D
:106BD00067E4D29268E4D39269E4D4926AE4D592ED
:106BE0006BE4D6926CE4D7926DE4D8926EE4D992BD
:106BF0006FE4DA9270E4DB9271E4DC9272E4DD928D
:106C000073E4DE9274E4DF9275E4E09276E4E1925C
:106C100077E4E29278E4E39279E4E4927AE4E5922C
:106C20007BE4E6927CE4E7927DE4E8927EE4E992FC
:106C300080E4EA9281E4EB9282E4EC9283E4ED92C8
:106C400084E4EE9285E4EF9286E4F09287E4F19298
:106C500088E4F29289E4F3928AE4F4928BE4F59268
:106C60008CE4F6928DE4F7928EE4F8928FE4F99238
:106C700090E4FA9291E4FB9292E4FC9293E4FD9208
:106C800094E4FE9295E4FF9296E4009397E40193D6
:106C900098E4029399E403939AE404939BE40593A4
:106CA0009CE406939DE407939EE408939FE4099374
:106CB000A0E40A9340E50B9341E50C9342E50D9364
:106CC00043E50E9344E50F9345E5109346E5119394
:106CD00047E5129348E5139349E514934AE5159364
:106CE0004BE516934CE517934DE518934EE5199334
:106CF0004FE51A9350E51B9351E51C9352E51D9304
:106D000053E51E9354E51F9355E5209356E52193D3
:106D100057E5229358E5239359E524935AE52593A3
:106D20005BE526935CE527935DE528935EE5299373
:106D30005FE52A9360E52B9361E52C9362E52D9343
:106D400063E52E9364E52F9365E5309366E5319313
:106D500067E5329368E5339369E534936AE53593E3
:106D60006BE536936CE537936DE538936EE53993B3
:106D70006FE53A9370E53B9371E53C9372E53D9383
:106D800073E53E93C9F63F9374E5409375E54193EF
:106D900076E5429377E5439378E5449379E5459327
:106DA0007AE546937BE547937CE548937DE54993F7
:106DB0007EE54A9380E54B9381E54C9382E54D93C4
:106DC00083E54E9384E54F9385E5509386E5519393
:106DD00087E5529388E5539389E554938AE5559363
:106DE0008BE556938CE557938DE558938EE5599333
:106DF0008FE55A9390E55B9391E55C9392E55D9303
:106E000093E55E9394E55F9395E5609396E56193D2
:106E100097E5629398E5639399E564939AE56593A2
:106E20009BE566939CE567939DE568939EE5699372
:106E30009FE56A93CAF66B93A0E56C9340E66D9369
:106E400041E66E9342E66F9343E6709344E6719396
:106E500045E6729346E6739347E6749348E6759366
:106E600049E676934AE677934BE678934CE6799336
:106E70004DE67A934EE67B934FE67C9350E67D9306
:106E800051E67E9352E67F9353E6809354E68193D6
:106E900055E6829356E6839357E6849358E68593A6
:106EA00059E686935AE687935BE688935CE6899376
:106EB0005DE68A935EE68B935FE68C9360E68D9346
:106EC00061E68E9362E68F93CCF6909363E691939E
:106ED00064E6929365E6939366E6949367E69593EA
:106EE00068E6969369E697936AE698936BE69993BA
:106EF0006CE69A936DE69B936EE69C936FE69D938A
:106F000070E69E9371E69F9372E6A09373E6A19359
:106F100074E6A29375E6A39376E6A49377E6A59329
:106F200078E6A69379E6A7937AE6A8937BE6A993F9
:106F30007CE6AA937DE6AB937EE6AC9380E6AD93C8
:106F400081E6AE9382E6AF9383E6B09384E6B19395
:106F500085E6B29386E6B39387E6B49388E6B59365
:106F600089E6B6938AE6B7938BE6B8938CE6B99335
:106F70008DE6BA938EE6BB938FE6BC9390E6BD9305
:106F800091E6BE9392E6BF9393E6C09394E6C193D5
:106F900095E6C29396E6C39397E6C49398E6C593A5
:106FA00099E6C6939AE6C7939BE6C8939CE6C99375
:106FB0009DE6CA93CBF6CB939EE6CC939FE6CD930A
:106FC000A0E6CE9340E7CF9341E7D09342E7D19339
:106FD00043E7D29344E7D39345E7D49346E7D59369
:106FE00047E7D693E9F7D79348E7D89349E7D9938A
:106FF0004AE7DA934BE7DB934CE7DC934DE7DD930D
:107000004EE7DE934FE7DF9350E7E09351E7E193DC
:1070100052E7E29353E7E39354E7E49355E7E593AC
:1070200056E7E69357E7E79358E7E89359E7E9937C
:107030005AE7EA935BE7EB935CE7EC935DE7ED934C
:107040005EE7EE935FE7EF9360E7F09361E7F1931C
:1070500062E7F29363E7F39364E7F49365E7F593EC
:1070600066E7F69367E7F79368E7F89369E7F993BC
:107070006AE7FA936BE7FB936CE7FC936DE7FD938C
:107080006EE7FE936FE7FF9370E7009471E701945A
:1070900072E7029473E7039474E7049475E7059428
:1070A00076E7069477E7079478E7089479E70994F8
:1070B0007AE70A947BE70B947CE70C947DE70D94C8
:1070C0007EE70E9480E70F9481E7109482E7119495
:1070D00083E7129484E7139485E7149486E7159464
:1070E00087E7169488E7179489E718948AE7199434
:1070F0008BE71A948CE71B948DE71C948EE71D9404
:107100008FE71E9490E71F9491E7209492E72194D3
:1071100093E7229494E7239495E7249496E72594A3
:1071200097E7269498E7279499E728949AE7299473
:107130009BE72A949CE72B949DE72C949EE72D9443
:107140009FE72E94A0E72F9440E8309441E83194D3
:1071500042E8329443E8339444E8349445E8359463
:1071600046E8369447E8379448E8389449E8399433
:107170004AE83A944BE83B944CE83C944DE83D9403
:107180004EE83E94CDF63F944FE8409450E8419449
:1071900051E8429452E8439453E8449454E84594A7
:1071A00055E8469456E8479457E8489458E8499477
:1071B00059E84A945AE84B945BE84C945CE84D9447
:1071C0005DE84E945EE84F945FE8509460E8519417
:1071D00061E8529462E8539463E8549464E85594E7
:1071E00065E8569466E8579467E8589468E85994B7
:1071F00069E85A946AE85B946BE85C946CE85D9487
:107200006DE85E946EE85F946FE8609470E8619456
:1072100071E8629472E8639473E8649474E8659426
:1072200075E8669476E8679477E8689478E86994F6
:1072300079E86A947AE86B94CEF66C947BE86D9466
:107240007CE86E947DE86F947EE8709480E8719499
:1072500081E8729482E8739483E8749484E8759466
:1072600085E8769486E8779487E8789488E8799436
:1072700089E87A948AE87B948BE87C948CE87D9406
:107280008DE87E948EE87F948FE8809490E88194D6
:1072900091E8829492E8839493E8849494E88594A6
:1072A000C4EE8694C5EE8794C6EE8894EBD5899497
:1072B000A4B68A94C8EE8B94C7EE8C94C9EE8D94D4
:1072C000CAEE8E94A5C78F94CBEE9094CCEE919499
:1072D00095E89294B0B79394F6B59494CDEE9594C6
:1072E000CFEE969496E89794CEEE989497E899947A
:1072F000C6B89A94D0EE9B94D1EE9C94D2EE9D9415
:10730000DBB69E94AEB39F94D3D6A094C6C4A1948A
:10731000B5B1A294D6B8A394D3EEA494D4EEA59418
:10732000BFD4A694D5C7A794FBBEA894D9CEA994E0
:10733000B3B9AA94D6EEAB94D5EEAC94D8EEAD9496
:10734000D7EEAE94A5C5AF94D9EEB094DAEEB19471
:10735000AEC7B294DBEEB394AFC7B494DCEEB59491
:10736000A7B2B694DDEEB794DEEEB894DFEEB99432
:10737000E0EEBA94E1EEBB94EAD7BC94E2EEBD94A1
:10738000E3EEBE94D8BCBF94E4EEC094CBD3C194DA
:10739000FACCC294ACB2C394E5C1C494E5EEC594F2
:1073A000A6C7C694ADC3C79498E8C894E6EEC9943E
:1073B000E7EECA94E8EECB94E9EECC94EAEECD94F5
:1073C000EBEECE94ECEECF9499E8D094EDEED19420
:1073D000EEEED294EFEED3949AE8D4949BE8D59451
:1073E000F0EED694F1EED794F2EED894F4EED99470
:1073F000F3EEDA949CE8DB94F5EEDC94ADCDDD940D
:10740000C1C2DE94F6EEDF94F7EEE094F8EEE1947C
:10741000A1D5E294F9EEE394B3CFE494FAEEE594C7
:10742000FBEEE6949DE8E794FCEEE894FDEEE9942B
:10743000A1EFEA94FEEEEB94A2EFEC94F5B8ED9494
:10744000FAC3EE94A3EFEF94A4EFF094C2BDF194CD
:10745000BFD2F294F9B2F394A5EFF494A6EFF594A9
:10746000A7EFF694F8D2F794A8EFF894FDD6F99424
:10747000A9EFFA94CCC6FB949EE8FC94AAEFFD9485
:10748000ABEFFE94B4C1FF94ACEF0095FACF019539
:10749000F8CB0295AEEF0395ADEF0495FAB30595E1
:1074A000F8B90695AFEF0795B0EF0895E2D00995CA
:1074B000B1EF0A95B2EF0B95E6B70C95BFD00D95DD
:1074C000B3EF0E95B4EF0F95B5EF1095F1C8119588
:1074D000E0CC1295B6EF1395B7EF1495B8EF15956C
:1074E000B9EF1695BAEF1795E0D51895BBEF19953A
:1074F000EDB41A95AAC31B95BCEF1C959FE81D958A
:10750000BDEF1E95BEEF1F95BFEF2095A0E821951A
:10751000FDCE2295C0EF2395E0C22495B8B4259501
:10752000B6D72695F5BD279540E92895C7CF29956B
:10753000C3EF2A95C1EF2B95C2EF2C95C4EF2D9583
:10754000A7B62E95FCBC2F95E2BE3095CCC33195E5
:10755000C5EF3295C6EF339541E93495C7EF3595C0
:10756000CFEF3695C8EF3795C9EF3895CAEF399503
:10757000C2C73A95F1EF3B95CDB63C95CBEF3D9523
:1075800042E93E95CCEF3F95CDEF4095C6B641958B
:10759000BEC34295CEEF439543E94495D0EF459560
:1075A000D1EF4695D2EF4795F2D5489544E94995F4
:1075B000D3EF4A95F7C44B9545E94C95D4EF4D95DB
:1075C000F8C44E95D5EF4F95D6EF5095E4B8519548
:1075D000F7B05295D7EF5395D8EF5495D9EF55950D
:1075E00046E95695DAEF5795DBEF5895DCEF59955C
:1075F000DDEF5A9547E95B95DEEF5C95B5BE5D958D
:10760000E1EF5E95DFEF5F95E0EF609548E961950A
:10761000E2EF6295E3EF6395CDC16495E4EF659584
:10762000E5EF6695E6EF6795E7EF6895E8EF699512
:10763000E9EF6A95EAEF6B95EBEF6C95ECEF6D95E2
:10764000D8C06E9549E96F95EDEF7095ADC1719514
:10765000EEEF7295EFEF7395F0EF74954AE975953B
:107660004BE97695E2CF77954CE978954DE9799598
:107670004EE97A954FE97B9550E97C9551E97D95E6
:1076800052E97E9553E97F95A4B3809554E981959D
:1076900055E9829556E9839557E9849558E985958A
:1076A00059E986955AE987955BE988955CE989955A
:1076B0005DE98A955EE98B955FE98C9560E98D952A
:1076C00061E98E9562E98F9563E9909564E99195FA
:1076D00065E9929566E9939567E9949568E99595CA
:1076E00069E996956AE997956BE998956CE999959A
:1076F0006DE99A956EE99B956FE99C9570E99D956A
:1077000071E99E9572E99F9573E9A09574E9A19539
:1077100075E9A29576E9A39577E9A49578E9A59509
:1077200079E9A6957AE9A7957BE9A8957CE9A995D9
:107730007DE9AA957EE9AB9580E9AC9581E9AD95A7
:1077400082E9AE9583E9AF9584E9B09585E9B19575
:1077500086E9B29587E9B39588E9B49589E9B59545
:107760008AE9B6958BE9B7958CE9B8958DE9B99515
:107770008EE9BA958FE9BB9590E9BC9591E9BD95E5
:1077800092E9BE9593E9BF9594E9C09595E9C195B5
:1077900096E9C29597E9C39598E9C49599E9C59585
:1077A0009AE9C6959BE9C7959CE9C8959DE9C99555
:1077B0009EE9CA959FE9CB95A0E9CC9540EACD9585
:1077C00041EACE9542EACF9543EAD09544EAD19575
:1077D00045EAD29546EAD39547EAD49548EAD59545
:1077E00049EAD6954AEAD7954BEAD8954CEAD99515
:1077F0004DEADA954EEADB954FEADC9550EADD95E5
:1078000051EADE9552EADF9553EAE09554EAE195B4
:1078100055EAE29556EAE39557EAE49558EAE59584
:1078200059EAE6955AEAE7955BEAE895C5C3E99512
:10783000C5E3EA95C1C9EB95C6E3EC955CEAED9525
:10784000D5B1EE95CACEEF95B3B4F095F2C8F195E7
:10785000C7E3F295D0CFF395C8E3F495E4BCF59572
:10786000C9E3F695CAE3F795C6C3F895A2D5F9958D
:10787000D6C4FA95EBB9FB95C5CEFC95CBE3FD9547
:10788000F6C3FE95CCE3FF955DEA0096A7B7019697
:10789000F3B80296D2BA0396CDE30496CEE30596EA
:1078A000C4D40696CFE307965EEA0896D0E309961D
:1078B000CBD10A96D1E30B96D2E30C96D3E30D9687
:1078C000D4E30E96D6D10F96D5E31096FBB211965F
:1078D000BBC01296D6E313965FEA1496ABC015961A
:1078E000D7E31696D8E31796D9E3189660EA199667
:1078F000DAE31A96DBE31B9661EA1C96B7B81D968D
:10790000E2DA1E9662EA1F96D3B6209663EA2196C3
:10791000E4DA2296E3DA239664EA249665EA259669
:1079200066EA269667EA279668EA289669EA29961B
:107930006AEA2A96E6DA2B966BEA2C966CEA2D9682
:107940006DEA2E96EEC82F966EEA30966FEA319663
:10795000E5DA3296C0B73396F4D13496F5D235963F
:10796000F3D53696D7BD379670EA389671EA3996D0
:1079700072EA3A9673EA3B96E8D73C96E8DA3D9687
:10798000E7DA3E9674EA3F96A2B04096D3CD419690
:1079900075EA4296E9DA439676EA4496BDB845968A
:1079A000CABC4696BDC24796A4C24896C2B3499681
:1079B000EADA4A9677EA4B96AAC24C96B0C44D963C
:1079C000B5BD4E9678EA4F9679EA5096DECF51963D
:1079D0007AEA52967BEA53967CEA5496EBDA55960D
:1079E000C2C956967DEA57967EEA589680EA59961D
:1079F00081EA5A9682EA5B96DDB15C9683EA5D96EF
:107A000084EA5E9685EA5F96ECDA609686EA61968D
:107A1000B8B66296BAD4639687EA6496FDB3659663
:107A200088EA669689EA6796EDDA6896C9D4699617
:107A3000D5CF6A96E3C56B968AEA6C96EEDA6D96B8
:107A40008BEA6E968CEA6F968DEA70968EEA719646
:107A50008FEA7296EFDA739690EA7496F0DA75967A
:107A6000EAC17696D5CC7796DDCF789691EA79966D
:107A700092EA7A9693EA7B9694EA7C9695EA7D96CA
:107A800096EA7E9697EA7F9698EA809699EA81969A
:107A90009AEA82969BEA83969CEA84969DEA85966A
:107AA000E7D38696A1C287969EEA8896F1DA8996F0
:107AB0009FEA8A96A0EA8B96E5CB8C9640EB8D9652
:107AC000F2DA8E9641EB8F96E6CB9096FED29196A7
:107AD00042EB929643EB939644EB9496F4B89596CA
:107AE00045EB969646EB9796F3DA9896AFB0999653
:107AF000B6CF9A9647EB9B9648EB9C96CFD59D9632
:107B000049EB9E964AEB9F964BEBA0964CEBA196C9
:107B10004DEBA2964EEBA3964FEBA49650EBA59699
:107B200051EBA69652EBA796EDCBA89653EBA996F0
:107B300054EBAA9655EBAB9656EBAC9657EBAD963D
:107B400058EBAE9659EBAF965AEBB096F4DAB19685
:107B50005BEBB2965CEBB396C4E3B4965DEBB59683
:107B60005EEBB696A5C1B7965FEBB89660EBB9969B
:107B7000BFF6BA9661EBBB9662EBBC96C0F6BD96BB
:107B8000C1F6BE96D1C4BF9663EBC096B8C8C19685
:107B9000E3D1C29664EBC39665EBC496DBD0C59681
:107BA000C5D1C696AFBCC796CDB9C89666EBC99687
:107BB000F4EFCA9667EBCB9668EBCC96C6B4CD963D
:107BC000BAD3CE96C2F6CF96FBB3D09669EBD196D8
:107BD0006AEBD296C3F6D3966BEBD4966CEBD59644
:107BE000F1B5D6966DEBD7966EEBD8966FEBD9962E
:107BF00070EBDA9671EBDB9672EBDC9673EBDD964D
:107C000074EBDE9675EBDF9676EBE096C5F6E196C3
:107C100077EBE29678EBE39679EBE4967AEBE596F0
:107C20007BEBE6967CEBE7967DEBE896EAD3E9966C
:107C3000A7F6EA96A9D1EB967EEBEC9680EBED9653
:107C400081EBEE9682EBEF96A9F6F09683EBF19638
:107C500084EBF29685EBF396A8F6F49686EBF59610
:107C600087EBF696E3C1F796D7C0F89688EBF996BE
:107C7000A2B1FA9689EBFB968AEBFC968BEBFD960C
:107C80008CEBFE96EDCEFF968DEB0097E8D001973A
:107C9000ABF602978EEB03978FEB0497F6CF059721
:107CA00090EB0697AAF60797F0D50897ACF60997D8
:107CB000B9C30A9791EB0B9792EB0C9793EB0D9747
:107CC000F4BB0E97AEF60F97ADF6109794EB1197A5
:107CD00095EB129796EB1397DEC4149797EB1597D5
:107CE00098EB1697D8C1179799EB18979AEB1997B5
:107CF0009BEB1A979CEB1B979DEB1C97AACB1D97B0
:107D00009EEB1E97BCCF1F979FEB2097A0EB219770
:107D100040EC229741EC239742EC249743EC2597C3
:107D200044EC269745EC279746EC289747EC299793
:107D300048EC2A97AFF62B9749EC2C974AEC2D97F5
:107D4000B0F62E974BEC2F974CEC3097B1F631975D
:107D50004DEC3297B6C233974EEC34974FEC3597D3
:107D600050EC369751EC379752EC3897D4B039979E
:107D7000F9C53A9753EC3B9754EC3C9755EC3D973B
:107D800056EC3E97B2F63F9757EC409758EC419728
:107D900059EC42975AEC43975BEC44975CEC45975F
:107DA0005DEC46975EEC47975FEC489760EC49972F
:107DB00061EC4A9762EC4B9763EC4C9764EC4D97FF
:107DC00065EC4E9766EC4F9767EC509768EC5197CF
:107DD00069EC5297E0C75397A6F654976AEC55970B
:107DE0006BEC5697B8BE57976CEC58976DEC59975B
:107DF000B2BE5A976EEC5B97E5B55C976FEC5D97FA
:107E000070EC5E97C7B75F9771EC6097BFBF6197E3
:107E1000D2C36297E6C3639772EC649773EC65977D
:107E2000CCD8669774EC679775EC689776EC699791
:107E3000EFB86A9777EC6B9778EC6C9779EC6D9765
:107E40007AEC6E977BEC6F977CEC70977DEC71977A
:107E50007EEC729780EC7397F9BD7497A5D17597F6
:107E600081EC7697D0B0779782EC789783EC79970E
:107E700084EC7A9785EC7B9786EC7C97B0F77D97BE
:107E800087EC7E9788EC7F9789EC80978AEC8197C6
:107E90008BEC82978CEC83978DEC84978EEC859796
:107EA000B1F786978FEC879790EC889791EC89973C
:107EB00092EC8A9793EC8B97ACD08C9794EC8D973F
:107EC000B0B08E9795EC8F9796EC909797EC919732
:107ED000B2F79297B3F7939798EC9497B4F7959776
:107EE00099EC96979AEC97979BEC9897CAC79997B5
:107EF0009CEC9A979DEC9B979EEC9C979FEC9D9792
:107F0000A0EC9E9740ED9F9741EDA097CFBEA19723
:107F100042EDA29743EDA397B7F7A49744EDA59739
:107F200045EDA69746EDA79747EDA89748EDA99789
:107F300049EDAA974AEDAB97B6F7AC974BEDAD97E5
:107F4000DEB1AE974CEDAF97B5F7B0974DEDB19769
:107F50004EEDB297B8F7B3974FEDB497B9F7B59721
:107F600050EDB69751EDB79752EDB89753EDB997DD
:107F700054EDBA9755EDBB9756EDBC9757EDBD97AD
:107F800058EDBE9759EDBF975AEDC0975BEDC1977D
:107F90005CEDC2975DEDC3975EEDC4975FEDC5974D
:107FA00060EDC69761EDC79762EDC89763EDC9971D
:107FB00064EDCA9765EDCB9766EDCC9767EDCD97ED
:107FC00068EDCE9769EDCF976AEDD0976BEDD197BD
:107FD0006CEDD2976DEDD3976EEDD4976FEDD5978D
:107FE00070EDD69771EDD79772EDD89773EDD9975D
:107FF00074EDDA9775EDDB9776EDDC9777EDDD972D
:1080000078EDDE9779EDDF977AEDE0977BEDE197FC
:108010007CEDE2977DEDE3977EEDE49780EDE597CB
:1080200081EDE697A4CEE797CDC8E89782EDE99772
:10803000ABBAEA97B8E8EB97B9E8EC97BAE8ED97EE
:10804000C2BEEE9783EDEF9784EDF09785EDF19743
:1080500086EDF29787EDF397F4D2F49788EDF597D4
:10806000CFD4F697D8C9F79789EDF8978AEDF997A5
:108070008BEDFA978CEDFB978DEDFC978EEDFD97D0
:108080008FEDFE9790EDFF9791ED009892ED01989E
:1080900093ED029894ED039895ED049896ED05986C
:1080A00097ED069898ED079899ED08989AED09983C
:1080B0009BED0A989CED0B989DED0C989EED0D980C
:1080C0009FED0E98A0ED0F9840EE109841EE11989C
:1080D00042EE129843EE139844EE149845EE15982C
:1080E00046EE169847EE179848EE189849EE1998FC
:1080F0004AEE1A984BEE1B984CEE1C984DEE1D98CC
:108100004EEE1E984FEE1F9850EE209851EE21989B
:1081100052EE229853EE239854EE249855EE25986B
:1081200056EE269857EE279858EE289859EE29983B
:108130005AEE2A985BEE2B985CEE2C985DEE2D980B
:108140005EEE2E985FEE2F9860EE309861EE3198DB
:1081500062EE329863EE339864EE349865EE3598AB
:1081600066EE369867EE379868EE389869EE39987B
:108170006AEE3A986BEE3B986CEE3C986DEE3D984B
:108180006EEE3E986FEE3F9870EE409871EE41981B
:1081900072EE429873EE439874EE449875EE4598EB
:1081A00076EE469877EE479878EE489879EE4998BB
:1081B0007AEE4A987BEE4B987CEE4C987DEE4D988B
:1081C0007EEE4E9880EE4F9881EE509882EE519858
:1081D00083EE529884EE539885EE549886EE559827
:1081E00087EE569888EE579889EE58988AEE5998F7
:1081F0008BEE5A988CEE5B988DEE5C988EEE5D98C7
:108200008FEE5E9890EE5F9891EE609892EE619896
:1082100093EE629894EE639895EE649896EE659866
:1082200097EE669898EE679899EE68989AEE699836
:108230009BEE6A989CEE6B989DEE6C989EEE6D9806
:108240009FEE6E98A0EE6F9840EF709841EF719896
:1082500042EF729843EF739844EF749845EF759826
:10826000B3D27698A5B67798EAC77898FCF1799852
:10827000EECF7A98B3CB7B98EBD07C98EFE77D98E4
:10828000E7CD7E98CBB97F98D9B68098FDF18198DB
:10829000E4B08298CCCB8398FEF18498A4D48598DE
:1082A000ADC28698ECC18798C4C68898B1BE89983B
:1082B000A1F28A98D5BC8B9846EF8C98A2F28D9843
:1082C000A3F28E9847EF8F98A4F29098C3D291981A
:1082D000B5C6929848EF9398C7CD9498A5F2959813
:1082E00049EF9698B1D39798C5BF9898E2CC9998E2
:1082F0004AEF9A98A6F29B98A7F29C98D5D19D98A0
:10830000EEB69E98A8F29F98A9F2A098DFB5A19822
:10831000AAF2A298ABF2A3984BEFA498FCB2A5984E
:10832000ACF2A698ADF2A798A7C8A8984CEFA99868
:108330004DEFAA984EEFAB984FEFAC9850EFAD9839
:1083400051EFAE9852EFAF9853EFB09854EFB19809
:1083500055EFB29856EFB39857EFB49858EFB598D9
:1083600059EFB6985AEFB7985BEFB8985CEFB998A9
:108370005DEFBA985EEFBB985FEFBC9860EFBD9879
:1083800061EFBE9862EFBF9863EFC09864EFC19849
:1083900065EFC29866EFC39867EFC49868EFC59819
:1083A00069EFC6986AEFC7986BEFC8986CEFC998E9
:1083B0006DEFCA986EEFCB986FEFCC9870EFCD98B9
:1083C00071EFCE98E7B7CF9872EFD09873EFD1984E
:1083D000A9ECD298AAECD398ABECD49874EFD598CA
:1083E000ACECD69875EFD79876EFD898AEC6D998FA
:1083F000ADECDA98AEECDB9877EFDC9878EFDD98AF
:1084000079EFDE98C9B7DF98B3CAE0987AEFE198C0
:108410007BEFE2987CEFE3987DEFE4987EEFE598C0
:1084200080EFE69881EFE798B8E2E898CFF7E9980F
:1084300082EFEA9883EFEB9884EFEC9885EFED9864
:1084400086EFEE9887EFEF9888EFF09889EFF19834
:108450008AEFF2988BEFF3988CEFF4988DEFF59804
:108460008EEFF6988FEFF79890EFF89891EFF998D4
:1084700092EFFA9893EFFB9894EFFC9895EFFD98A4
:1084800096EFFE9897EFFF9898EF009999EF019972
:108490009AEF02999BEF03999CEF04999DEF059940
:1084A0009EEF06999FEF0799A0EF089940F0099970
:1084B00041F00A9942F00B9943F00C9944F00D9960
:1084C000D0F70E9945F00F9946F01099CDB2119959
:1084D00047F0129948F0139949F014994AF0159908
:1084E0004BF016994CF017994DF018994EF01999D8
:1084F0004FF01A9950F01B9951F01C9952F01D99A8
:1085000053F01E9954F01F9955F0209956F0219977
:1085100057F0229958F0239959F024995AF0259947
:108520005BF026995CF027995DF028995EF0299917
:108530005FF02A9960F02B9961F02C9962F02D99E7
:1085400063F02E99D1F72F9964F0309965F0319945
:1085500066F0329967F0339968F0349969F035998B
:108560006AF036996BF037996CF038996DF039995B
:108570006EF03A996FF03B9970F03C9971F03D992B
:1085800072F03E9973F03F9974F0409975F04199FB
:1085900076F0429977F0439978F0449979F04599CB
:1085A0007AF046997BF047997CF048997DF049999B
:1085B0007EF04A9980F04B9981F04C9982F04D9968
:1085C00083F04E9984F04F9985F0509986F0519937
:1085D00087F0529988F0539989F05499D3F75599B7
:1085E000D2F756998AF057998BF058998CF059998F
:1085F0008DF05A998EF05B998FF05C9990F05D99AF
:1086000091F05E9992F05F9993F0609994F061997E
:1086100095F0629996F06399BBE2649997F0659939
:10862000A2BC669998F06799BCE26899BDE2699925
:10863000BEE26A99BFE26B99C0E26C99C1E26D99A2
:10864000B9B76E99FBD26F99A4BD7099CECA7199D2
:10865000A5B17299C7CB739999F07499C2E27599D3
:10866000FCB67699C4C87799C3E278999AF079995B
:108670009BF07A99C8BD7B999CF07C99FDB17D995E
:10868000C4E27E999DF07F99F6B68099C5E2819902
:10869000D9C482999EF083999FF08499C6E2859906
:1086A000DACF8699DDB98799C7E28899A1C08999FF
:1086B000A0F08A99C8E28B99F6B28C9940F18D9915
:1086C000C9E28E9941F18F99F3C19099CAE29199CB
:1086D000CBE29299F8C29399CCE29499CDE2959924
:1086E000CEE29699D7CA9799B8D89899E5D9999929
:1086F000E3CF9A9942F19B9943F19C9944F19D995A
:1087000045F19E9946F19F9947F1A09948F1A199A9
:1087100049F1A2994AF1A3994BF1A4994CF1A59979
:10872000A5F0A6994DF1A7994EF1A899B0DCA999A9
:108730004FF1AA9950F1AB9951F1AC9952F1AD9921
:1087400053F1AE9954F1AF9955F1B09956F1B199F1
:1087500057F1B29958F1B39959F1B4995AF1B599C1
:108760005BF1B6995CF1B7995DF1B8995EF1B99991
:108770005FF1BA9960F1BB9961F1BC9962F1BD9961
:1087800063F1BE9964F1BF9965F1C09966F1C19931
:1087900067F1C29968F1C39969F1C4996AF1C59901
:1087A0006BF1C6996CF1C7996DF1C8996EF1C999D1
:1087B0006FF1CA9970F1CB9971F1CC9972F1CD99A1
:1087C00073F1CE9974F1CF9975F1D09976F1D19971
:1087D00077F1D29978F1D39979F1D4997AF1D59941
:1087E0007BF1D6997CF1D7997DF1D8997EF1D99911
:1087F00080F1DA9981F1DB9982F1DC9983F1DD99DD
:1088000084F1DE9985F1DF9986F1E09987F1E199AC
:1088100088F1E29989F1E3998AF1E4998BF1E5997C
:108820008CF1E6998DF1E7998EF1E8998FF1E9994C
:1088300090F1EA9991F1EB9992F1EC9993F1ED991C
:1088400094F1EE9995F1EF9996F1F09997F1F199EC
:1088500098F1F29999F1F3999AF1F4999BF1F599BC
:108860009CF1F6999DF1F7999EF1F8999FF1F9998C
:10887000A0F1FA9940F2FB9941F2FC9942F2FD997C
:1088800043F2FE9944F2FF9945F2009A46F2019AAA
:1088900047F2029A48F2039A49F2049A4AF2059A78
:1088A0004BF2069A4CF2079A4DF2089A4EF2099A48
:1088B0004FF20A9A50F20B9A51F20C9A52F20D9A18
:1088C00053F20E9A54F20F9A55F2109A56F2119AE8
:1088D00057F2129A58F2139A59F2149A5AF2159AB8
:1088E0005BF2169A5CF2179A5DF2189A5EF2199A88
:1088F0005FF21A9A60F21B9A61F21C9A62F21D9A58
:1089000063F21E9A64F21F9A65F2209A66F2219A27
:1089100067F2229A68F2239A69F2249A6AF2259AF7
:108920006BF2269A6CF2279A6DF2289A6EF2299AC7
:108930006FF22A9A70F22B9A71F22C9A72F22D9A97
:1089400073F22E9A74F22F9A75F2309A76F2319A67
:1089500077F2329A78F2339A79F2349A7AF2359A37
:108960007BF2369A7CF2379A7DF2389A7EF2399A07
:1089700080F23A9A81F23B9A82F23C9A83F23D9AD3
:1089800084F23E9A85F23F9A86F2409A87F2419AA3
:1089900088F2429A89F2439A8AF2449A8BF2459A73
:1089A0008CF2469A8DF2479A8EF2489A8FF2499A43
:1089B00090F24A9A91F24B9A92F24C9A93F24D9A13
:1089C00094F24E9A95F24F9A96F2509A97F2519AE3
:1089D00098F2529A99F2539A9AF2549A9BF2559AB3
:1089E0009CF2569A9DF2579A9EF2589A9FF2599A83
:1089F000A0F25A9A40F35B9A41F35C9A42F35D9A73
:108A000043F35E9A44F35F9A45F3609A46F3619AA2
:108A100047F3629A48F3639A49F3649A4AF3659A72
:108A20004BF3669A4CF3679A4DF3689A4EF3699A42
:108A30004FF36A9A50F36B9A51F36C9AEDC26D9AA8
:108A4000A6D46E9AD4CD6F9AB1D1709ADBB3719AD5
:108A5000FDC7729A52F3739AB5B2749ABFC2759AEF
:108A6000E0E6769ABBCA779AE1E6789AE2E6799AE6
:108A7000D4BE7A9AE3E67B9AA4D77C9AD5CD7D9A28
:108A8000E5E67E9ADDBC7F9AE4E6809AE6E6819A86
:108A9000E7E6829AEEC2839A53F3849ABEBD859A22
:108AA000E8E6869AE6C2879AA7BA889AE9E6899A9A
:108AB00054F38A9AEAE68B9AD2B38C9AE9D18D9ACA
:108AC00055F38E9A56F38F9AA5BF909AEBE6919A3A
:108AD000EFC6929AECE6939AEDE6949A57F3959A3C
:108AE00058F3969AEEE6979AADC6989AEFE6999A59
:108AF00059F39A9AA7C99B9AF0E69C9AF1E69D9A37
:108B0000F2E69E9AB9E59F9AF3E6A09AF4E6A19A56
:108B1000E2C2A29AF5E6A39AF6E6A49AE8D6A59A46
:108B2000F7E6A69A5AF3A79AF8E6A89AC7B9A99AB7
:108B30005BF3AA9A5CF3AB9A5DF3AC9A5EF3AD9AE1
:108B40005FF3AE9A60F3AF9A61F3B09ABBF7B19A54
:108B5000BAF7B29A62F3B39A63F3B49A64F3B59A2C
:108B600065F3B69ABEF7B79ABCF7B89AA1BAB99AA4
:108B700066F3BA9ABFF7BB9A67F3BC9AC0F7BD9A7F
:108B800068F3BE9A69F3BF9A6AF3C09AC2F7C19AB2
:108B9000C1F7C29AC4F7C39A6BF3C49A6CF3C59A2F
:108BA000C3F7C69A6DF3C79A6EF3C89A6FF3C99A62
:108BB00070F3CA9A71F3CB9AC5F7CC9AC6F7CD9ADF
:108BC00072F3CE9A73F3CF9A74F3D09A75F3D19A65
:108BD000C7F7D29A76F3D39AE8CBD49A77F3D59A9B
:108BE00078F3D69A79F3D79A7AF3D89ADFB8D99AE4
:108BF0007BF3DA9A7CF3DB9A7DF3DC9A7EF3DD9AE1
:108C000080F3DE9A81F3DF9AD4F7E09A82F3E19A57
:108C1000D5F7E29A83F3E39A84F3E49A85F3E59A2D
:108C200086F3E69AD6F7E79A87F3E89A88F3E99A03
:108C300089F3EA9A8AF3EB9AD8F7EC9A8BF3ED9AD8
:108C4000DAF7EE9A8CF3EF9AD7F7F09A8DF3F19A60
:108C50008EF3F29A8FF3F39A90F3F49A91F3F59AD4
:108C600092F3F69A93F3F79A94F3F89A95F3F99AA4
:108C7000DBF7FA9A96F3FB9AD9F7FC9A97F3FD9AE9
:108C800098F3FE9A99F3FF9A9AF3009B9BF3019B4A
:108C90009CF3029B9DF3039BD7D7049B9EF3059BFC
:108CA0009FF3069BA0F3079B40F4089BDCF7099B0E
:108CB00041F40A9B42F40B9B43F40C9B44F40D9B40
:108CC00045F40E9B46F40F9BDDF7109B47F4119B78
:108CD00048F4129B49F4139BDEF7149B4AF4159B4E
:108CE0004BF4169B4CF4179B4DF4189B4EF4199BB8
:108CF0004FF41A9B50F41B9B51F41C9B52F41D9B88
:108D000053F41E9B54F41F9BDFF7209B55F4219BCB
:108D100056F4229B57F4239BE0F7249B58F4259BA1
:108D200059F4269B5AF4279B5BF4289B5CF4299BFF
:108D30005DF42A9B5EF42B9B5FF42C9B60F42D9BCF
:108D400061F42E9B62F42F9BCBDB309B63F4319B51
:108D500064F4329BAAD8339B65F4349B66F4359B4C
:108D600067F4369B68F4379B69F4389B6AF4399B47
:108D70006BF43A9B6CF43B9BF7E53C9BEDB93D9B58
:108D80006DF43E9B6EF43F9B6FF4409B70F4419BEF
:108D9000FDBF429BEABB439BC9F7449BC7C6459BAB
:108DA000C8F7469B71F4479BCAF7489BCCF7499B91
:108DB000CBF74A9B72F44B9B73F44C9B74F44D9B22
:108DC000CDF74E9B75F44F9BBACE509B76F4519BDA
:108DD000CEF7529B77F4539B78F4549BA7C4559BD2
:108DE00079F4569B7AF4579B7BF4589B7CF4599BFF
:108DF0007DF45A9B7EF45B9B80F45C9B81F45D9BCD
:108E000082F45E9B83F45F9B84F4609B85F4619B9A
:108E100086F4629B87F4639B88F4649B89F4659B6A
:108E20008AF4669B8BF4679B8CF4689B8DF4699B3A
:108E30008EF46A9B8FF46B9B90F46C9B91F46D9B0A
:108E400092F46E9B93F46F9B94F4709B95F4719BDA
:108E500096F4729B97F4739B98F4749B99F4759BAA
:108E60009AF4769B9BF4779B9CF4789B9DF4799B7A
:108E70009EF47A9B9FF47B9BA0F47C9B40F57D9BAA
:108E800041F57E9B42F57F9B43F5809B44F5819B9A
:108E900045F5829B46F5839B47F5849B48F5859B6A
:108EA00049F5869B4AF5879B4BF5889B4CF5899B3A
:108EB0004DF58A9B4EF58B9B4FF58C9B50F58D9B0A
:108EC00051F58E9B52F58F9B53F5909B54F5919BDA
:108ED00055F5929B56F5939B57F5949B58F5959BAA
:108EE00059F5969B5AF5979B5BF5989B5CF5999B7A
:108EF0005DF59A9B5EF59B9B5FF59C9B60F59D9B4A
:108F000061F59E9B62F59F9B63F5A09B64F5A19B19
:108F100065F5A29B66F5A39B67F5A49B68F5A59BE9
:108F200069F5A69B6AF5A79B6BF5A89B6CF5A99BB9
:108F30006DF5AA9B6EF5AB9B6FF5AC9B70F5AD9B89
:108F400071F5AE9B72F5AF9B73F5B09B74F5B19B59
:108F500075F5B29B76F5B39B77F5B49B78F5B59B29
:108F600079F5B69B7AF5B79B7BF5B89B7CF5B99BF9
:108F70007DF5BA9B7EF5BB9B80F5BC9B81F5BD9BC7
:108F800082F5BE9B83F5BF9B84F5C09B85F5C19B95
:108F900086F5C29B87F5C39B88F5C49B89F5C59B65
:108FA0008AF5C69B8BF5C79B8CF5C89B8DF5C99B35
:108FB0008EF5CA9B8FF5CB9B90F5CC9B91F5CD9B05
:108FC00092F5CE9B93F5CF9B94F5D09B95F5D19BD5
:108FD00096F5D29B97F5D39B98F5D49B99F5D59BA5
:108FE0009AF5D69B9BF5D79B9CF5D89B9DF5D99B75
:108FF0009EF5DA9B9FF5DB9BA0F5DC9B40F6DD9BA5
:1090000041F6DE9B42F6DF9B43F6E09B44F6E19B94
:1090100045F6E29B46F6E39B47F6E49B48F6E59B64
:1090200049F6E69B4AF6E79B4BF6E89B4CF6E99B34
:109030004DF6EA9B4EF6EB9B4FF6EC9B50F6ED9B04
:1090400051F6EE9B52F6EF9B53F6F09B54F6F19BD4
:1090500055F6F29B56F6F39B57F6F49B58F6F59BA4
:1090600059F6F69B5AF6F79B5BF6F89B5CF6F99B74
:109070005DF6FA9B5EF6FB9B5FF6FC9B60F6FD9B44
:1090800061F6FE9B62F6FF9B63F6009C64F6019C12
:1090900065F6029C66F6039C67F6049C68F6059CE0
:1090A00069F6069C6AF6079C6BF6089C6CF6099CB0
:1090B0006DF60A9C6EF60B9C6FF60C9C70F60D9C80
:1090C00071F60E9C72F60F9C73F6109C74F6119C50
:1090D00075F6129C76F6139C77F6149C78F6159C20
:1090E00079F6169C7AF6179C7BF6189C7CF6199CF0
:1090F0007DF61A9C7EF61B9C80F61C9C81F61D9CBE
:1091000082F61E9C83F61F9C84F6209C85F6219C8B
:1091100086F6229C87F6239C88F6249C89F6259C5B
:109120008AF6269C8BF6279C8CF6289C8DF6299C2B
:109130008EF62A9C8FF62B9C90F62C9C91F62D9CFB
:1091400092F62E9C93F62F9C94F6309C95F6319CCB
:1091500096F6329C97F6339C98F6349C99F6359C9B
:109160009AF6369C9BF6379C9CF6389C9DF6399C6B
:109170009EF63A9C9FF63B9CA0F63C9C40F73D9C9B
:1091800041F73E9C42F73F9C43F7409C44F7419C8B
:1091900045F7429C46F7439C47F7449C48F7459C5B
:1091A00049F7469C4AF7479C4BF7489C4CF7499C2B
:1091B0004DF74A9C4EF74B9C4FF74C9C50F74D9CFB
:1091C00051F74E9C52F74F9C53F7509C54F7519CCB
:1091D00055F7529C56F7539C57F7549C58F7559C9B
:1091E00059F7569C5AF7579C5BF7589C5CF7599C6B
:1091F0005DF75A9C5EF75B9C5FF75C9C60F75D9C3B
:1092000061F75E9C62F75F9C63F7609C64F7619C0A
:1092100065F7629C66F7639C67F7649C68F7659CDA
:1092200069F7669C6AF7679C6BF7689C6CF7699CAA
:109230006DF76A9C6EF76B9C6FF76C9C70F76D9C7A
:1092400071F76E9C72F76F9C73F7709C74F7719C4A
:1092500075F7729C76F7739C77F7749C78F7759C1A
:1092600079F7769C7AF7779C7BF7789C7CF7799CEA
:109270007DF77A9C7EF77B9C80F77C9CE3D37D9C7A
:1092800081F77E9C82F77F9CCFF6809C83F7819C40
:10929000B3C2829CD0F6839C84F7849C85F7859C1E
:1092A000D1F6869CD2F6879CD3F6889CD4F6899C0E
:1092B00086F78A9C87F78B9CD6F68C9C88F78D9CCA
:1092C000ABB18E9CD7F68F9C89F7909CD8F6919C79
:1092D000D9F6929CDAF6939C8AF7949CDBF6959CDF
:1092E000DCF6969C8BF7979C8CF7989C8DF7999C55
:1092F0008EF79A9CDDF69B9CDEF69C9CCACF9D9CCB
:109300008FF79E9CDFF69F9CE0F6A09CE1F6A19C67
:10931000E2F6A29CE3F6A39CE4F6A49CF0C0A59C14
:10932000E5F6A69CE6F6A79CE7F6A89CE8F6A99CBD
:10933000E9F6AA9C90F7AB9CEAF6AC9C91F7AD9C41
:10934000EBF6AE9CECF6AF9C92F7B09CEDF6B19CC0
:10935000EEF6B29CEFF6B39CF0F6B49CF1F6B59C39
:10936000F2F6B69CF3F6B79CF4F6B89CA8BEB99C8E
:1093700093F7BA9CF5F6BB9CF6F6BC9CF7F6BD9C41
:10938000F8F6BE9C94F7BF9C95F7C09C96F7C19CDD
:1093900097F7C29C98F7C39CFAC8C49CF9F6C59C81
:1093A000FAF6C69CFBF6C79CFCF6C89C99F7C99CCC
:1093B0009AF7CA9CFDF6CB9CFEF6CC9CA1F7CD9CFF
:1093C000A2F7CE9CA3F7CF9CA4F7D09CA5F7D19C85
:1093D0009BF7D29C9CF7D39CA6F7D49CA7F7D59C6F
:1093E000A8F7D69CEEB1D79CA9F7D89CAAF7D99C30
:1093F000ABF7DA9C9DF7DB9C9EF7DC9CACF7DD9C21
:10940000ADF7DE9CDBC1DF9CAEF7E09C9FF7E19CF3
:10941000A0F7E29CAFF7E39C40F8E49C41F8E59CA0
:1094200042F8E69C43F8E79C44F8E89C45F8E99C40
:1094300046F8EA9C47F8EB9C48F8EC9C49F8ED9C10
:109440004AF8EE9C4BF8EF9C4CF8F09C4DF8F19CE0
:109450004EF8F29C4FF8F39C50F8F49C51F8F59CB0
:1094600052F8F69C53F8F79C54F8F89C55F8F99C80
:1094700056F8FA9C57F8FB9C58F8FC9C59F8FD9C50
:109480005AF8FE9C5BF8FF9C5CF8009D5DF8019D1E
:109490005EF8029D5FF8039D60F8049D61F8059DEC
:1094A00062F8069D63F8079D64F8089D65F8099DBC
:1094B00066F80A9D67F80B9D68F80C9D69F80D9D8C
:1094C0006AF80E9D6BF80F9D6CF8109D6DF8119D5C
:1094D0006EF8129D6FF8139D70F8149D71F8159D2C
:1094E00072F8169D73F8179D74F8189D75F8199DFC
:1094F00076F81A9D77F81B9D78F81C9D79F81D9DCC
:109500007AF81E9D7BF81F9D7CF8209D7DF8219D9B
:109510007EF8229D80F8239D81F8249D82F8259D68
:1095200083F8269D84F8279D85F8289D86F8299D37
:1095300087F82A9D88F82B9D89F82C9D8AF82D9D07
:109540008BF82E9D8CF82F9D8DF8309D8EF8319DD7
:109550008FF8329D90F8339D91F8349D92F8359DA7
:1095600093F8369D94F8379D95F8389D96F8399D77
:1095700097F83A9D98F83B9D99F83C9D9AF83D9D47
:109580009BF83E9D9CF83F9D9DF8409D9EF8419D17
:109590009FF8429DA0F8439D40F9449D41F9459DA7
:1095A00042F9469D43F9479D44F9489D45F9499D37
:1095B00046F94A9D47F94B9D48F94C9D49F94D9D07
:1095C0004AF94E9D4BF94F9D4CF9509D4DF9519DD7
:1095D0004EF9529D4FF9539D50F9549D51F9559DA7
:1095E00052F9569D53F9579D54F9589D55F9599D77
:1095F00056F95A9D57F95B9D58F95C9D59F95D9D47
:109600005AF95E9D5BF95F9D5CF9609D5DF9619D16
:109610005EF9629D5FF9639D60F9649D61F9659DE6
:1096200062F9669D63F9679D64F9689D65F9699DB6
:1096300066F96A9D67F96B9D68F96C9D69F96D9D86
:109640006AF96E9D6BF96F9D6CF9709D6DF9719D56
:109650006EF9729D6FF9739D70F9749D71F9759D26
:1096600072F9769D73F9779D74F9789D75F9799DF6
:1096700076F97A9D77F97B9D78F97C9D79F97D9DC6
:109680007AF97E9D7BF97F9D7CF9809D7DF9819D96
:109690007EF9829D80F9839D81F9849D82F9859D63
:1096A00083F9869D84F9879D85F9889D86F9899D32
:1096B00087F98A9D88F98B9D89F98C9D8AF98D9D02
:1096C0008BF98E9D8CF98F9D8DF9909D8EF9919DD2
:1096D0008FF9929D90F9939D91F9949D92F9959DA2
:1096E00093F9969D94F9979D95F9989D96F9999D72
:1096F00097F99A9D98F99B9D99F99C9D9AF99D9D42
:109700009BF99E9D9CF99F9D9DF9A09D9EF9A19D11
:109710009FF9A29DA0F9A39D40FAA49D41FAA59DA1
:1097200042FAA69D43FAA79D44FAA89D45FAA99D31
:1097300046FAAA9D47FAAB9D48FAAC9D49FAAD9D01
:109740004AFAAE9D4BFAAF9D4CFAB09D4DFAB19DD1
:109750004EFAB29D4FFAB39D50FAB49D51FAB59DA1
:1097600052FAB69D53FAB79D54FAB89D55FAB99D71
:1097700056FABA9D57FABB9D58FABC9D59FABD9D41
:109780005AFABE9D5BFABF9D5CFAC09D5DFAC19D11
:109790005EFAC29D5FFAC39D60FAC49D61FAC59DE1
:1097A00062FAC69D63FAC79D64FAC89D65FAC99DB1
:1097B00066FACA9D67FACB9D68FACC9D69FACD9D81
:1097C0006AFACE9D6BFACF9D6CFAD09D6DFAD19D51
:1097D0006EFAD29D6FFAD39D70FAD49D71FAD59D21
:1097E00072FAD69D73FAD79D74FAD89D75FAD99DF1
:1097F00076FADA9D77FADB9D78FADC9D79FADD9DC1
:109800007AFADE9D7BFADF9D7CFAE09D7DFAE19D90
:109810007EFAE29D80FAE39D81FAE49D82FAE59D5D
:1098200083FAE69D84FAE79D85FAE89D86FAE99D2C
:1098300087FAEA9D88FAEB9D89FAEC9D8AFAED9DFC
:109840008BFAEE9D8CFAEF9D8DFAF09D8EFAF19DCC
:109850008FFAF29D90FAF39D91FAF49D92FAF59D9C
:1098600093FAF69D94FAF79D95FAF89D96FAF99D6C
:1098700097FAFA9D98FAFB9D99FAFC9D9AFAFD9D3C
:109880009BFAFE9D9CFAFF9D9DFA009E9EFA019E0A
:109890009FFA029EA0FA039E40FB049E41FB059E98
:1098A00042FB069E43FB079E44FB089E45FB099E28
:1098B00046FB0A9E47FB0B9E48FB0C9E49FB0D9EF8
:1098C0004AFB0E9E4BFB0F9E4CFB109E4DFB119EC8
:1098D0004EFB129E4FFB139E50FB149E51FB159E98
:1098E00052FB169E53FB179E54FB189E55FB199E68
:1098F00056FB1A9E57FB1B9E58FB1C9E59FB1D9E38
:109900005AFB1E9E5BFB1F9EF1C4209EAFF0219E62
:10991000A6BC229EB0F0239EF9C3249E5CFB259E2C
:10992000B8C5269EBBD1279E5DFB289EB1F0299E1F
:10993000B2F02A9EB3F02B9EB4F02C9EB5F02D9E73
:10994000BCD12E9E5EFB2F9EECD1309E5FFB319EE4
:10995000B7F0329EB6F0339EA7D4349E60FB359E9E
:10996000D2CD369EB8F0379EBAF0389EB9F0399E07
:10997000BBF03A9EBCF03B9E61FB3C9E62FB3D9E71
:10998000EBB83E9EBDF03F9EE8BA409E63FB419E11
:10999000BEF0429EBFF0439EE9BE449EC0F0459E8D
:1099A000ECB6469EC1F0479EC2F0489EC3F0499E69
:1099B000C4F04A9EB5C84B9EC5F04C9EC6F04D9E65
:1099C00064FB4E9EC7F04F9EF4C5509E65FB519EB2
:1099D000C8F0529E66FB539E67FB549E68FB559EE3
:1099E000C9F0569E69FB579ECAF0589EBDF7599E16
:1099F0006AFB5A9ECBF05B9ECCF05C9ECDF05D9EE8
:109A00006BFB5E9ECEF05F9E6CFB609E6DFB619E6D
:109A10006EFB629E6FFB639ECFF0649ED7BA659E1D
:109A200070FB669ED0F0679ED1F0689ED2F0699E72
:109A3000D3F06A9ED4F06B9ED5F06C9ED6F06D9EEE
:109A4000D8F06E9E71FB6F9E72FB709EA5D3719EC7
:109A5000D7F0729E73FB739ED9F0749E74FB759E53
:109A600075FB769E76FB779E77FB789E78FB799EDA
:109A700079FB7A9E7AFB7B9E7BFB7C9E7CFB7D9EAA
:109A80007DFB7E9EBAF57F9EB9C2809E7EFB819E45
:109A900080FB829EE4F7839E81FB849E82FB859EF1
:109AA00083FB869E84FB879EE5F7889EE6F7899E6A
:109AB00085FB8A9E86FB8B9EE7F78C9E87FB8D9E9F
:109AC00088FB8E9E89FB8F9E8AFB909E8BFB919ECE
:109AD0008CFB929EE8F7939EB4C2949E8DFB959E5C
:109AE0008EFB969E8FFB979E90FB989E91FB999E76
:109AF00092FB9A9E93FB9B9E94FB9C9E95FB9D9E46
:109B0000EAF79E9E96FB9F9EEBF7A09E97FBA19E79
:109B100098FBA29E99FBA39E9AFBA49E9BFBA59EED
:109B20009CFBA69EF3C2A79E9DFBA89E9EFBA99EA2
:109B30009FFBAA9EA0FBAB9E40FCAC9E41FCAD9E51
:109B400042FCAE9E43FCAF9E44FCB09E45FCB19EE1
:109B500046FCB29E47FCB39E48FCB49EF0F4B59E12
:109B600049FCB69E4AFCB79E4BFCB89EEFF4B99EEA
:109B70004CFCBA9E4DFCBB9EE9C2BC9E4EFCBD9EF9
:109B8000E1F7BE9EE2F7BF9E4FFCC09E50FCC19E17
:109B900051FCC29E52FCC39E53FCC49EC6BBC59ED4
:109BA00054FCC69E55FCC79E56FCC89E57FCC99ED9
:109BB000E4D9CA9E58FCCB9E59FCCC9E5AFCCD9E43
:109BC000F2CACE9EE8C0CF9EA4F0D09E5BFCD19E90
:109BD000DABAD29E5CFCD39E5DFCD49EADC7D59E06
:109BE0005EFCD69E5FFCD79E60FCD89EACC4D99E1E
:109BF00061FCDA9E62FCDB9EECF7DC9EEDF7DD9EFD
:109C0000EEF7DE9E63FCDF9EF0F7E09EEFF7E19E4D
:109C100064FCE29EF1F7E39E65FCE49E66FCE59E33
:109C2000F4F7E69E67FCE79EF3F7E89E68FCE99E82
:109C3000F2F7EA9EF5F7EB9E69FCEC9E6AFCED9E5E
:109C40006BFCEE9E6CFCEF9EF6F7F09E6DFCF19EB9
:109C50006EFCF29E6FFCF39E70FCF49E71FCF59E10
:109C600072FCF69E73FCF79E74FCF89E75FCF99EE0
:109C7000E9EDFA9E76FCFB9EEAEDFC9EEBEDFD9E87
:109C800077FCFE9EBCF6FF9E78FC009F79FC019F4E
:109C90007AFC029F7BFC039F7CFC049F7DFC059F5C
:109CA0007EFC069F80FC079F81FC089F82FC099F29
:109CB00083FC0A9F84FC0B9FBDF60C9F85FC0D9FC7
:109CC000BEF60E9FA6B60F9F86FC109FBED8119FB2
:109CD00087FC129F88FC139FC4B9149F89FC159FB1
:109CE0008AFC169F8BFC179FBBD8189F8CFC199F72
:109CF000B1DC1A9F8DFC1B9F8EFC1C9F8FFC1D9F4F
:109D000090FC1E9F91FC1F9F92FC209FF3CA219FF5
:109D100093FC229FF7F7239F94FC249F95FC259F9B
:109D200096FC269F97FC279F98FC289F99FC299FCB
:109D30009AFC2A9F9BFC2B9F9CFC2C9FF8F72D9F45
:109D40009DFC2E9F9EFC2F9FF9F7309F9FFC319F1B
:109D5000A0FC329F40FD339F41FD349F42FD359F63
:109D600043FD369F44FD379FFBF7389F45FD399FE4
:109D7000FAF73A9F46FD3B9FC7B13C9F47FD3D9F89
:109D8000FCF73E9FFDF73F9F48FD409F49FD419FE7
:109D90004AFD429F4BFD439F4CFD449FFEF7459F6C
:109DA0004DFD469F4EFD479F4FFD489F50FD499FEB
:109DB00051FD4A9F52FD4B9F53FD4C9F54FD4D9FBB
:109DC00055FD4E9F56FD4F9F57FD509FEBC6519F2F
:109DD000B4EC529F58FD539F59FD549F5AFD559F17
:109DE0005BFD569F5CFD579F5DFD589F5EFD599F33
:109DF0005FFD5A9F60FD5B9F61FD5C9F62FD5D9F03
:109E000063FD5E9F64FD5F9F65FD609F66FD619FD2
:109E100067FD629F68FD639F69FD649F6AFD659FA2
:109E20006BFD669F6CFD679F6DFD689F6EFD699F72
:109E30006FFD6A9F70FD6B9F71FD6C9F72FD6D9F42
:109E400073FD6E9F74FD6F9F75FD709F76FD719F12
:109E500077FD729F78FD739F79FD749F7AFD759FE2
:109E60007BFD769F7CFD779F7DFD789F7EFD799FB2
:109E700080FD7A9F81FD7B9F82FD7C9F83FD7D9F7E
:109E800084FD7E9F85FD7F9FDDB3809FB3F6819F1C
:109E900086FD829F87FD839FB4F6849FE4C1859FE2
:109EA000B5F6869FB6F6879FB7F6889FB8F6899F66
:109EB000B9F68A9FBAF68B9FA3C88C9FBBF68D9F7D
:109EC00088FD8E9F89FD8F9F8AFD909F8BFD919FBE
:109ED0008CFD929F8DFD939F8EFD949F8FFD959F8E
:109EE00090FD969F91FD979F92FD989F93FD999F5E
:109EF000FAC19A9FA8B99B9FE8ED9C9F94FD9D9FF6
:109F000095FD9E9F96FD9F9FEAB9A09FDFD9A19FD7
:109F100097FDA29F98FDA39F99FDA49F9AFDA59FE1
:109F20009BFD2CF99CFD79F99DFD95F99EFDE7F9C6
:109F30009FFDF1F9A0FD0CFA40FE0DFA41FE0EFA6C
:109F400042FE0FFA43FE11FA44FE13FA45FE14FADC
:109F500046FE18FA47FE1FFA48FE20FA49FE21FA8B
:109F60004AFE23FA4BFE24FA4CFE27FA4DFE28FA4D
:109F70004EFE29FA4FFE30FE55A931FEF2A633FE01
:109F8000F4A634FEF5A635FEE0A636FEE1A637FEC1
:109F9000F0A638FEF1A639FEE2A63AFEE3A63BFEA5
:109FA000EEA63CFEEFA63DFEE6A63EFEE7A63FFE81
:109FB000E4A640FEE5A641FEE8A642FEE9A643FE71
:109FC000EAA644FEEBA649FE68A94AFE69A94BFE33
:109FD0006AA94CFE6BA94DFE6CA94EFE6DA94FFE01
:109FE0006EA950FE6FA951FE70A952FE71A954FED0
:109FF00072A955FE73A956FE74A957FE75A959FE9C
:10A0000076A95AFE77A95BFE78A95CFE79A95DFE68
:10A010007AA95EFE7BA95FFE7CA960FE7DA961FE38
:10A020007EA962FE80A963FE81A964FE82A965FE05
:10A0300083A966FE84A968FE85A969FE86A96AFED1
:10A0400087A96BFE88A901FFA1A302FFA2A303FFBA
:10A05000A3A304FFE7A105FFA5A306FFA6A307FF8F
:10A06000A7A308FFA8A309FFA9A30AFFAAA30BFFA0
:10A07000ABA30CFFACA30DFFADA30EFFAEA30FFF70
:10A08000AFA310FFB0A311FFB1A312FFB2A313FF40
:10A09000B3A314FFB4A315FFB5A316FFB6A317FF10
:10A0A000B7A318FFB8A319FFB9A31AFFBAA31BFFE0
:10A0B000BBA31CFFBCA31DFFBDA31EFFBEA31FFFB0
:10A0C000BFA320FFC0A321FFC1A322FFC2A323FF80
:10A0D000C3A324FFC4A325FFC5A326FFC6A327FF50
:10A0E000C7A328FFC8A329FFC9A32AFFCAA32BFF20
:10A0F000CBA32CFFCCA32DFFCDA32EFFCEA32FFFF0
:10A10000CFA330FFD0A331FFD1A332FFD2A333FFBF
:10A11000D3A334FFD4A335FFD5A336FFD6A337FF8F
:10A12000D7A338FFD8A339FFD9A33AFFDAA33BFF5F
:10A13000DBA33CFFDCA33DFFDDA33EFFDEA33FFF2F
:10A14000DFA340FFE0A341FFE1A342FFE2A343FFFF
:10A15000E3A344FFE4A345FFE5A346FFE6A347FFCF
:10A16000E7A348FFE8A349FFE9A34AFFEAA34BFF9F
:10A17000EBA34CFFECA34DFFEDA34EFFEEA34FFF6F
:10A18000EFA350FFF0A351FFF1A352FFF2A353FF3F
:10A19000F3A354FFF4A355FFF5A356FFF6A357FF0F
:10A1A000F7A358FFF8A359FFF9A35AFFFAA35BFFDF
:10A1B000FBA35CFFFCA35DFFFDA35EFFABA1E0FF83
:10A1C000E9A1E1FFEAA1E2FF56A9E3FFFEA3E4FF54
:10A1D00057A9E5FFA4A3000000008000AC20408147
:10A1E000024E4181044E4281054E4381064E448118
:10A1F0000F4E4581124E4681174E47811F4E4881B2
:10A20000204E4981214E4A81234E4B81264E4C815E
:10A21000294E4D812E4E4E812F4E4F81314E508111
:10A22000334E5181354E5281374E53813C4E5481CD
:10A23000404E5581414E5681424E5781444E588181
:10A24000464E59814A4E5A81514E5B81554E5C8132
:10A25000574E5D815A4E5E815B4E5F81624E6081DA
:10A26000634E6181644E6281654E6381674E648195
:10A27000684E65816A4E66816B4E67816C4E68815F
:10A280006D4E69816E4E6A816F4E6B81724E6C812C
:10A29000744E6D81754E6E81764E6F81774E7081F2
:10A2A000784E7181794E72817A4E73817B4E7481C2
:10A2B0007C4E75817D4E76817F4E7781804E788190
:10A2C000814E7981824E7A81834E7B81844E7C815E
:10A2D000854E7D81874E7E818A4E8081904E818120
:10A2E000964E8281974E8381994E84819C4E8581C2
:10A2F0009D4E86819E4E8781A34E8881AA4E89817C
:10A30000AF4E8A81B04E8B81B14E8C81B44E8D811F
:10A31000B64E8E81B74E8F81B84E9081B94E9181E5
:10A32000BC4E9281BD4E9381BE4E9481C84E9581A4
:10A33000CC4E9681CF4E9781D04E9881D24E998146
:10A34000DA4E9A81DB4E9B81DC4E9C81E04E9D81F2
:10A35000E24E9E81E64E9F81E74EA081E94EA181AB
:10A36000ED4EA281EE4EA381EF4EA481F14EA58168
:10A37000F44EA681F84EA781F94EA881FA4EA98124
:10A38000FC4EAA81FE4EAB81004FAC81024FAD81E5
:10A39000034FAE81044FAF81054FB081064FB181AD
:10A3A000074FB281084FB3810B4FB4810C4FB58179
:10A3B000124FB681134FB781144FB881154FB98131
:10A3C000164FBA811C4FBB811D4FBC81214FBD81EF
:10A3D000234FBE81284FBF81294FC0812C4FC1819F
:10A3E0002D4FC2812E4FC381314FC481334FC58160
:10A3F000354FC681374FC781394FC8813B4FC9811F
:10A400003E4FCA813F4FCB81404FCC81414FCD81E0
:10A41000424FCE81444FCF81454FD081474FD181AC
:10A42000484FD281494FD3814A4FD4814B4FD58178
:10A430004C4FD681524FD781544FD881564FD98136
:10A44000614FDA81624FDB81664FDC81684FDD81CD
:10A450006A4FDE816B4FDF816D4FE0816E4FE1818E
:10A46000714FE281724FE381754FE481774FE5814F
:10A47000784FE681794FE7817A4FE8817D4FE98116
:10A48000804FEA81814FEB81824FEC81854FED81D6
:10A49000864FEE81874FEF818A4FF0818C4FF1819B
:10A4A0008E4FF281904FF381924FF481934FF5815B
:10A4B000954FF681964FF781984FF881994FF98122
:10A4C0009A4FFA819C4FFB819E4FFC819F4FFD81EB
:10A4D000A14FFE81A24F4082A44F4182AB4F4282E6
:10A4E000AD4F4382B04F4482B14F4582B24F468256
:10A4F000B34F4782B44F4882B64F4982B74F4A8222
:10A50000B84F4B82B94F4C82BA4F4D82BB4F4E82EF
:10A51000BC4F4F82BD4F5082BE4F5182C04F5282BE
:10A52000C14F5382C24F5482C64F5582C74F568285
:10A53000C84F5782C94F5882CB4F5982CC4F5A824D
:10A54000CD4F5B82D24F5C82D34F5D82D44F5E820F
:10A55000D54F5F82D64F6082D94F6182DB4F6282D6
:10A56000E04F6382E24F6482E44F6582E54F66828A
:10A57000E74F6782EB4F6882EC4F6982F04F6A8247
:10A58000F24F6B82F44F6C82F54F6D82F64F6E8204
:10A59000F74F6F82F94F7082FB4F7182FC4F7282CE
:10A5A000FD4F7382FF4F7482005075820150768296
:10A5B00002507782035078820450798205507A8263
:10A5C00006507B8207507C8208507D8209507E8233
:10A5D0000A5080820B5081820E50828210508382FA
:10A5E00011508482135085821550868216508782BE
:10A5F000175088821B5089821D508A821E508B8280
:10A6000020508C8222508D8223508E8224508F8243
:10A61000275090822B5091822F50928230509382FB
:10A6200031509482325095823350968234509782C2
:10A63000355098823650998237509A8238509B8292
:10A6400039509C823B509D823D509E823F509F825C
:10A650004050A0824150A1824250A2824450A38225
:10A660004550A4824650A5824950A6824A50A782EE
:10A670004B50A8824D50A9825050AA825150AB82B3
:10A680005250AC825350AD825450AE825650AF827D
:10A690005750B0825850B1825950B2825B50B38249
:10A6A0005D50B4825E50B5825F50B6826050B78212
:10A6B0006150B8826250B9826350BA826450BB82E2
:10A6C0006650BC826750BD826850BE826950BF82AE
:10A6D0006A50C0826B50C1826D50C2826E50C3827C
:10A6E0006F50C4827050C5827150C6827250C7824A
:10A6F0007350C8827450C9827550CA827850CB8218
:10A700007950CC827A50CD827C50CE827D50CF82DF
:10A710008150D0828250D1828350D2828450D382A1
:10A720008650D4828750D5828950D6828A50D7826B
:10A730008B50D8828C50D9828E50DA828F50DB8237
:10A740009050DC829150DD829250DE829350DF8205
:10A750009450E0829550E1829650E2829750E382D5
:10A760009850E4829950E5829A50E6829B50E782A5
:10A770009C50E8829D50E9829E50EA829F50EB8275
:10A78000A050EC82A150ED82A250EE82A450EF8244
:10A79000A650F082AA50F182AB50F282AD50F38203
:10A7A000AE50F482AF50F582B050F682B150F782CD
:10A7B000B350F882B450F982B550FA82B650FB8299
:10A7C000B750FC82B850FD82B950FE82BC50408325
:10A7D000BD504183BE504283BF504383C050448329
:10A7E000C1504583C2504683C3504783C4504883F9
:10A7F000C5504983C6504A83C7504B83C8504C83C9
:10A80000C9504D83CA504E83CB504F83CC50508398
:10A81000CD505183CE505283D0505383D150548366
:10A82000D2505583D3505683D4505783D550588334
:10A83000D7505983D8505A83D9505B83DB505C83FF
:10A84000DC505D83DD505E83DE505F83DF506083CC
:10A85000E0506183E1506283E2506383E35064839C
:10A86000E4506583E5506683E8506783E950688368
:10A87000EA506983EB506A83EF506B83F0506C832E
:10A88000F1506D83F2506E83F4506F83F6507083F5
:10A89000F7507183F8507283F9507383FA507483C0
:10A8A000FC507583FD507683FE507783FF5078838C
:10A8B0000051798301517A8302517B8303517C8358
:10A8C00004517D8305517E83085180830951818322
:10A8D0000A5182830C5183830D5184830E518583E9
:10A8E0000F518683105187831151888313518983B7
:10A8F00014518A8315518B8316518C8317518D8384
:10A9000018518E8319518F831A5190831B51918353
:10A910001C5192831D5193831E5194831F51958323
:10A9200020519683225197832351988324519983F0
:10A9300025519A8326519B8327519C8328519D83BF
:10A9400029519E832A519F832B51A0832C51A1838F
:10A950002D51A2832E51A3832F51A4833051A5835F
:10A960003151A6833251A7833351A8833451A9832F
:10A970003551AA833651AB833751AC833851AD83FF
:10A980003951AE833A51AF833B51B0833C51B183CF
:10A990003D51B2833E51B3834251B4834751B58395
:10A9A0004A51B6834C51B7834E51B8834F51B98346
:10A9B0005051BA835251BB835351BC835751BD830D
:10A9C0005851BE835951BF835B51C0835D51C183D0
:10A9D0005E51C2835F51C3836051C4836151C5839B
:10A9E0006351C6836451C7836651C8836751C98365
:10A9F0006951CA836A51CB836F51CC837251CD8325
:10AA00007A51CE837E51CF837F51D0838351D183BE
:10AA10008451D2838651D3838751D4838A51D5837D
:10AA20008B51D6838E51D7838F51D8839051D98340
:10AA30009151DA839351DB839451DC839851DD8308
:10AA40009A51DE839D51DF839E51E0839F51E183C4
:10AA5000A151E283A351E383A651E483A751E58387
:10AA6000A851E683A951E783AA51E883AD51E98350
:10AA7000AE51EA83B451EB83B851EC83B951ED8305
:10AA8000BA51EE83BE51EF83BF51F083C151F183C0
:10AA9000C251F283C351F383C551F483C851F58386
:10AAA000CA51F683CD51F783CE51F883D051F98343
:10AAB000D251FA83D351FB83D451FC83D551FD830A
:10AAC000D651FE83D7514084D8514184D951428414
:10AAD000DA514384DC514484DE514584DF5146849D
:10AAE000E2514784E3514884E5514984E6514A8460
:10AAF000E7514B84E8514C84E9514D84EA514E842E
:10AB0000EC514F84EE515084F1515184F2515284F2
:10AB1000F4515384F7515484FE51558404525684A1
:10AB200005525784095258840B5259840C525A8446
:10AB30000F525B8410525C8413525D8414525E8405
:10AB400015525F841C5260841E5261841F526284BD
:10AB50002152638422526484235265842552668480
:10AB600026526784275268842A5269842C526A8448
:10AB70002F526B8431526C8432526D8434526E8405
:10AB800035526F843C5270843E52718444527284B8
:10AB90004552738446527484475275844852768471
:10ABA000495277844B5278844E5279844F527A843A
:10ABB00052527B8453527C8455527D8457527E84FA
:10ABC00058528084595281845A5282845B528384C1
:10ABD0005D5284845F528584605286846252878489
:10ABE000635288846452898466528A8468528B8452
:10ABF0006B528C846C528D846D528E846E528F8415
:10AC000070529084715291847352928474529384DE
:10AC100075529484765295847752968478529784AC
:10AC2000795298847A5299847B529A847C529B847C
:10AC30007E529C8480529D8483529E8484529F8441
:10AC40008552A0848652A1848752A2848952A3840B
:10AC50008A52A4848B52A5848C52A6848D52A784D8
:10AC60008E52A8848F52A9849152AA849252AB84A6
:10AC70009452AC849552AD849652AE849752AF8470
:10AC80009852B0849952B1849A52B2849C52B3843F
:10AC9000A452B484A552B584A652B684A752B784F0
:10ACA000AE52B884AF52B984B052BA84B452BB84A5
:10ACB000B552BC84B652BD84B752BE84B852BF846C
:10ACC000B952C084BA52C184BB52C284BC52C3843C
:10ACD000BD52C484C052C584C152C684C252C78406
:10ACE000C452C884C552C984C652CA84C852CB84CF
:10ACF000CA52CC84CC52CD84CD52CE84CE52CF8495
:10AD0000CF52D084D152D184D352D284D452D3845E
:10AD1000D552D484D752D584D952D684DA52D78426
:10AD2000DB52D884DC52D984DD52DA84DE52DB84F3
:10AD3000E052DC84E152DD84E252DE84E352DF84BF
:10AD4000E552E084E652E184E752E284E852E3848B
:10AD5000E952E484EA52E584EB52E684EC52E7845B
:10AD6000ED52E884EE52E984EF52EA84F152EB842A
:10AD7000F252EC84F352ED84F452EE84F552EF84F7
:10AD8000F652F084F752F184F852F284FB52F384C5
:10AD9000FC52F484FD52F5840153F6840253F78487
:10ADA0000353F8840453F9840753FA840953FB844A
:10ADB0000A53FC840B53FD840C53FE840E534085D0
:10ADC00011534185125342851353438514534485CF
:10ADD000185345851B5346851C5347851E5348858C
:10ADE0001F53498522534A8524534B8525534C854F
:10ADF00027534D8528534E8529534F852B53508516
:10AE00002C5351852D5352852F53538530535485E0
:10AE100031535585325356853353578534535885AE
:10AE20003553598536535A8537535B8538535C857E
:10AE30003C535D853D535E8540535F85425360853D
:10AE400044536185465362854B5363854C536485F7
:10AE50004D536585505366855453678558536885AF
:10AE6000595369855B536A855D536B8565536C8562
:10AE700068536D856A536E856C536F856D5370850D
:10AE80007253718576537285795373857B537485BC
:10AE90007C5375857D5376857E5377858053788581
:10AEA0008153798583537A8587537B8588537C8545
:10AEB0008A537D858E537E858F53808590538185FF
:10AEC00091538285925383859353848594538585CA
:10AED0009653868597538785995388859B53898593
:10AEE0009C538A859E538B85A0538C85A1538D8559
:10AEF000A4538E85A7538F85AA539085AB53918514
:10AF0000AC539285AD539385AF539485B0539585DB
:10AF1000B1539685B2539785B3539885B4539985A9
:10AF2000B5539A85B7539B85B8539C85B9539D8576
:10AF3000BA539E85BC539F85BD53A085BE53A18542
:10AF4000C053A285C353A385C453A485C553A58507
:10AF5000C653A685C753A785CE53A885CF53A985C9
:10AF6000D053AA85D253AB85D353AC85D553AD8589
:10AF7000DA53AE85DC53AF85DD53B085DE53B18542
:10AF8000E153B285E253B385E753B485F453B585F5
:10AF9000FA53B685FE53B785FF53B8850054B9857B
:10AFA0000254BA850554BB850754BC850B54BD8536
:10AFB0001454BE851854BF851954C0851A54C185D0
:10AFC0001C54C2852254C3852454C4852554C58588
:10AFD0002A54C6853054C7853354C8853654C9852C
:10AFE0003754CA853A54CB853D54CC853F54CD85E2
:10AFF0004154CE854254CF854454D0854554D185A3
:10B000004754D2854954D3854C54D4854D54D58565
:10B010004E54D6854F54D7855154D8855A54D98526
:10B020005D54DA855E54DB855F54DC856054DD85D4
:10B030006154DE856354DF856554E0856754E1859E
:10B040006954E2856A54E3856B54E4856C54E58564
:10B050006D54E6856E54E7856F54E8857054E98534
:10B060007454EA857954EB857A54EC857E54ED85E9
:10B070007F54EE858154EF858354F0858554F185A6
:10B080008754F2858854F3858954F4858A54F5856C
:10B090008D54F6859154F7859354F8859754F98526
:10B0A0009854FA859C54FB859E54FC859F54FD85DD
:10B0B000A054FE85A1544086A2544186A5544286E0
:10B0C000AE544386B0544486B2544586B554468641
:10B0D000B6544786B7544886B9544986BA544A8606
:10B0E000BC544B86BE544C86C3544D86C5544E86C4
:10B0F000CA544F86CB545086D6545186D854528663
:10B10000DB545386E0545486E1545586E254568607
:10B11000E3545786E4545886EB545986EC545A86C7
:10B12000EF545B86F0545C86F1545D86F4545E8681
:10B13000F5545F86F6546086F7546186F85462864B
:10B14000F9546386FB546486FE5465860055668612
:10B1500002556786035568860455698605556A86D3
:10B1600008556B860A556C860B556D860C556E8698
:10B170000D556F860E557086125571861355728661
:10B180001555738616557486175575861855768627
:10B19000195577861A5578861C5579861D557A86F5
:10B1A0001E557B861F557C8621557D8625557E86BE
:10B1B0002655808628558186295582862B5583867B
:10B1C0002D55848632558586345586863555878635
:10B1D000365588863855898639558A863A558B86FC
:10B1E0003B558C863D558D8640558E8642558F86C3
:10B1F0004555908647559186485592864B5593867E
:10B200004C5594864D5595864E5596864F55978646
:10B21000515598865255998653559A8654559B8612
:10B2200057559C8658559D8659559E865A559F86DA
:10B230005B55A0865D55A1865E55A2865F55A386A7
:10B240006055A4866255A5866355A6866855A7866F
:10B250006955A8866B55A9866F55AA867055AB8629
:10B260007155AC867255AD867355AE867455AF86F2
:10B270007955B0867A55B1867D55B2867F55B386AD
:10B280008555B4868655B5868C55B6868D55B78658
:10B290008E55B8869055B9869255BA869355BB8619
:10B2A0009555BC869655BD869755BE869A55BF86E0
:10B2B0009B55C0869E55C186A055C286A155C386A2
:10B2C000A255C486A355C586A455C686A555C7866E
:10B2D000A655C886A855C986A955CA86AA55CB863B
:10B2E000AB55CC86AC55CD86AD55CE86AE55CF860A
:10B2F000AF55D086B055D186B255D286B455D386D7
:10B30000B655D486B855D586BA55D686BC55D78697
:10B31000BF55D886C055D986C155DA86C255DB8659
:10B32000C355DC86C655DD86C755DE86C855DF8623
:10B33000CA55E086CB55E186CE55E286CF55E386E9
:10B34000D055E486D555E586D755E686D855E786A7
:10B35000D955E886DA55E986DB55EA86DE55EB866F
:10B36000E055EC86E255ED86E755EE86E955EF8629
:10B37000ED55F086EE55F186F055F286F155F386DF
:10B38000F455F486F655F586F855F686F955F786A0
:10B39000FA55F886FB55F986FC55FA86FF55FB866B
:10B3A0000256FC860356FD860456FE8605564087E7
:10B3B00006564187075642870A5643870B564487ED
:10B3C0000D564587105646871156478712564887AF
:10B3D0001356498714564A8715564B8716564C877D
:10B3E00017564D8719564E871A564F871C56508749
:10B3F0001D5651872056528721565387225654870F
:10B4000025565587265656872856578729565887D2
:10B410002A5659872B565A872E565B872F565C879C
:10B4200030565D8733565E8735565F87375660875F
:10B43000385661873A5662873C5663873D56648723
:10B440003E566587405666874156678742566887ED
:10B450004356698744566A8745566B8746566C87BC
:10B4600047566D8748566E8749566F874A5670878C
:10B470004B5671874F567287505673875156748753
:10B48000525675875356768755567787565678871E
:10B490005A5679875B567A875D567B875E567C87DE
:10B4A0005F567D8760567E876156808763568187A9
:10B4B0006556828766568387675684876D5685876B
:10B4C0006E5686876F56878770568887725689872B
:10B4D00073568A8774568B8775568C8777568D87F7
:10B4E00078568E8779568F877A5690877D569187C2
:10B4F0007E5692877F56938780569487815695878C
:10B500008256968783569787845698878756998759
:10B5100088569A8789569B878A569C878B569D8723
:10B520008C569E878D569F879056A0879156A187EF
:10B530009256A2879456A3879556A4879656A587B8
:10B540009756A6879856A7879956A8879A56A98787
:10B550009B56AA879C56AB879D56AC879E56AD8757
:10B560009F56AE87A056AF87A156B087A256B18727
:10B57000A456B287A556B387A656B487A756B587F3
:10B58000A856B687A956B787AA56B887AB56B987C3
:10B59000AC56BA87AD56BB87AE56BC87B056BD8792
:10B5A000B156BE87B256BF87B356C087B456C1875F
:10B5B000B556C287B656C387B856C487B956C5872D
:10B5C000BA56C687BB56C787BD56C887BE56C987F9
:10B5D000BF56CA87C056CB87C156CC87C256CD87C7
:10B5E000C356CE87C456CF87C556D087C656D18797
:10B5F000C756D287C856D387C956D487CB56D58766
:10B60000CC56D687CD56D787CE56D887CF56D98732
:10B61000D056DA87D156DB87D256DC87D356DD8702
:10B62000D556DE87D656DF87D856E087D956E187CC
:10B63000DC56E287E356E387E556E487E656E5877E
:10B64000E756E687E856E787E956E887EA56E98746
:10B65000EC56EA87EE56EB87EF56EC87F256ED870D
:10B66000F356EE87F656EF87F756F087F856F187D0
:10B67000FB56F287FC56F3870057F4870157F5878E
:10B680000257F6870557F7870757F8870B57F9874B
:10B690000C57FA870D57FB870E57FC870F57FD870E
:10B6A0001057FE8711574088125741881357428818
:10B6B00014574388155744881657458817574688A6
:10B6C00018574788195748881A5749881B574A8876
:10B6D0001D574B881E574C8820574D8821574E8840
:10B6E00022574F882457508825575188265752880B
:10B6F000275753882B5754883157558832575688C7
:10B7000034575788355758883657598837575A8885
:10B7100038575B883C575C883D575D883F575E884B
:10B7200041575F884357608844576188455762880E
:10B730004657638848576488495765884B576688D9
:10B7400052576788535768885457698855576A888D
:10B7500056576B8858576C8859576D8862576E8852
:10B7600063576F8865577088675771886C57728800
:10B770006E577388705774887157758872577688BA
:10B7800074577788755778887857798879577A8881
:10B790007A577B887D577C887E577D887F577E8847
:10B7A0008057808881578188875782888857838807
:10B7B000895784888A5785888D5786888E578788C9
:10B7C0008F5788889057898891578A8894578B8893
:10B7D00095578C8896578D8897578E8898578F885D
:10B7E000995790889A5791889C5792889D5793882B
:10B7F0009E5794889F579588A5579688A8579788ED
:10B80000AA579888AC579988AF579A88B0579B88A1
:10B81000B1579C88B3579D88B5579E88B6579F8867
:10B82000B757A088B957A188BA57A288BB57A38831
:10B83000BC57A488BD57A588BE57A688BF57A78800
:10B84000C057A888C157A988C457AA88C557AB88CC
:10B85000C657AC88C757AD88C857AE88C957AF8898
:10B86000CA57B088CC57B188CD57B288D057B38863
:10B87000D157B488D357B588D657B688D757B78825
:10B88000DB57B888DC57B988DE57BA88E157BB88E0
:10B89000E257BC88E357BD88E557BE88E657BF88A6
:10B8A000E757C088E857C188E957C288EA57C38874
:10B8B000EB57C488EC57C588EE57C688F057C78841
:10B8C000F157C888F257C988F357CA88F557CB880B
:10B8D000F657CC88F757CD88FB57CE88FC57CF88D2
:10B8E000FE57D088FF57D1880158D2880358D38893
:10B8F0000458D4880558D5880858D6880958D78858
:10B900000A58D8880C58D9880E58DA880F58DB881E
:10B910001058DC881258DD881358DE881458DF88E8
:10B920001658E0881758E1881858E2881A58E388B2
:10B930001B58E4881C58E5881D58E6881F58E7887E
:10B940002258E8882358E9882558EA882658EB8841
:10B950002758EC882858ED882958EE882B58EF880E
:10B960002C58F0882D58F1882E58F2882F58F388DB
:10B970003158F4883258F5883358F6883458F788A7
:10B980003658F8883758F9883858FA883958FB8873
:10B990003A58FC883B58FD883C58FE883D58408901
:10B9A0003E5841893F58428940584389415844890B
:10B9B00042584589435846894558478946584889D9
:10B9C0004758498948584A8949584B894A584C89A7
:10B9D0004B584D894E584E894F584F895058508971
:10B9E0005258518953585289555853895658548939
:10B9F00057585589595856895A5857895B58588904
:10BA00005C5859895D585A895F585B8960585C89D0
:10BA100061585D8962585E8963585F89645860899E
:10BA2000665861896758628968586389695864896A
:10BA30006A5865896D5866896E5867896F58688934
:10BA40007058698971586A8972586B8973586C8902
:10BA500074586D8975586E8976586F8977587089D2
:10BA600078587189795872897A5873897B587489A2
:10BA70007C5875897D5876897F587789825878896E
:10BA80008458798986587A8987587B8988587C892F
:10BA90008A587D898B587E898C5880898D588189F8
:10BAA0008E5882898F5883899058848991588589C6
:10BAB000945886899558878996588889975889898E
:10BAC00098588A899B588B899C588C899D588D8958
:10BAD000A0588E89A1588F89A2589089A35891891E
:10BAE000A4589289A5589389A6589489A7589589EE
:10BAF000AA589689AB589789AC589889AD589989B6
:10BB0000AE589A89AF589B89B0589C89B1589D8985
:10BB1000B2589E89B3589F89B458A089B558A18955
:10BB2000B658A289B758A389B858A489B958A58925
:10BB3000BA58A689BB58A789BD58A889BE58A989F3
:10BB4000BF58AA89C058AB89C258AC89C358AD89BF
:10BB5000C458AE89C658AF89C758B089C858B1898A
:10BB6000C958B289CA58B389CB58B489CC58B58959
:10BB7000CD58B689CE58B789CF58B889D058B98929
:10BB8000D258BA89D358BB89D458BC89D658BD89F4
:10BB9000D758BE89D858BF89D958C089DA58C189C1
:10BBA000DB58C289DC58C389DD58C489DE58C58991
:10BBB000DF58C689E058C789E158C889E258C98961
:10BBC000E358CA89E558CB89E658CC89E758CD892E
:10BBD000E858CE89E958CF89EA58D089ED58D189FB
:10BBE000EF58D289F158D389F258D489F458D589BD
:10BBF000F558D689F758D789F858D889FA58D98985
:10BC0000FB58DA89FC58DB89FD58DC89FE58DD8950
:10BC1000FF58DE890059DF890159E0890359E1891C
:10BC20000559E2890659E3890859E4890959E589E2
:10BC30000A59E6890B59E7890C59E8890E59E989AF
:10BC40001059EA891159EB891259EC891359ED8978
:10BC50001759EE891859EF891B59F0891D59F18937
:10BC60001E59F2892059F3892159F4892259F589FD
:10BC70002359F6892659F7892859F8892C59F989C1
:10BC80003059FA893259FB893359FC893559FD8974
:10BC90003659FE893B59408A3D59418A3E59428A6C
:10BCA0003F59438A4059448A4359458A4559468AEF
:10BCB0004659478A4A59488A4C59498A4D594A8AAD
:10BCC00050594B8A52594C8A53594D8A59594E8A68
:10BCD0005B594F8A5C59508A5D59518A5E59528A24
:10BCE0005F59538A6159548A6359558A6459568AEF
:10BCF0006659578A6759588A6859598A69595A8AB8
:10BD00006A595B8A6B595C8A6C595D8A6D595E8A87
:10BD10006E595F8A6F59608A7059618A7159628A57
:10BD20007259638A7559648A7759658A7A59668A1D
:10BD30007B59678A7C59688A7E59698A7F596A8AE1
:10BD400080596B8A85596C8A89596D8A8B596E8A9C
:10BD50008C596F8A8E59708A8F59718A9059728A5C
:10BD60009159738A9459748A9559758A9859768A23
:10BD70009A59778A9B59788A9C59798A9D597A8AE7
:10BD80009F597B8AA0597C8AA1597D8AA2597E8AB3
:10BD9000A659808AA759818AAC59828AAD59838A6B
:10BDA000B059848AB159858AB359868AB459878A29
:10BDB000B559888AB659898AB7598A8AB8598B8AF7
:10BDC000BA598C8ABC598D8ABD598E8ABF598F8ABF
:10BDD000C059908AC159918AC259928AC359938A8B
:10BDE000C459948AC559958AC759968AC859978A59
:10BDF000C959988ACC59998ACD599A8ACE599B8A21
:10BE0000CF599C8AD5599D8AD6599E8AD9599F8ADD
:10BE1000DB59A08ADE59A18ADF59A28AE059A38A98
:10BE2000E159A48AE259A58AE459A68AE659A78A63
:10BE3000E759A88AE959A98AEA59AA8AEB59AB8A2B
:10BE4000ED59AC8AEE59AD8AEF59AE8AF059AF8AF6
:10BE5000F159B08AF259B18AF359B28AF459B38AC6
:10BE6000F559B48AF659B58AF759B68AF859B78A96
:10BE7000FA59B88AFC59B98AFD59BA8AFE59BB8A5F
:10BE8000005ABC8A025ABD8A0A5ABE8A0B5ABF8A15
:10BE90000D5AC08A0E5AC18A0F5AC28A105AC38AD2
:10BEA000125AC48A145AC58A155AC68A165AC78A9B
:10BEB000175AC88A195AC98A1A5ACA8A1B5ACB8A67
:10BEC0001D5ACC8A1E5ACD8A215ACE8A225ACF8A2E
:10BED000245AD08A265AD18A275AD28A285AD38AF3
:10BEE0002A5AD48A2B5AD58A2C5AD68A2D5AD78ABE
:10BEF0002E5AD88A2F5AD98A305ADA8A335ADB8A8C
:10BF0000355ADC8A375ADD8A385ADE8A395ADF8A4E
:10BF10003A5AE08A3B5AE18A3D5AE28A3E5AE38A1B
:10BF20003F5AE48A415AE58A425AE68A435AE78AE6
:10BF3000445AE88A455AE98A475AEA8A485AEB8AB3
:10BF40004B5AEC8A4C5AED8A4D5AEE8A4E5AEF8A79
:10BF50004F5AF08A505AF18A515AF28A525AF38A49
:10BF6000535AF48A545AF58A565AF68A575AF78A17
:10BF7000585AF88A595AF98A5B5AFA8A5C5AFB8AE3
:10BF80005D5AFC8A5E5AFD8A5F5AFE8A605A408B6F
:10BF9000615A418B635A428B645A438B655A448B76
:10BFA000665A458B685A468B695A478B6B5A488B41
:10BFB0006C5A498B6D5A4A8B6E5A4B8B6F5A4C8B0D
:10BFC000705A4D8B715A4E8B725A4F8B735A508BDD
:10BFD000785A518B795A528B7B5A538B7C5A548B9B
:10BFE0007D5A558B7E5A568B805A578B815A588B67
:10BFF000825A598B835A5A8B845A5B8B855A5C8B35
:10C00000865A5D8B875A5E8B885A5F8B895A608B04
:10C010008A5A618B8B5A628B8C5A638B8D5A648BD4
:10C020008E5A658B8F5A668B905A678B915A688BA4
:10C03000935A698B945A6A8B955A6B8B965A6C8B70
:10C04000975A6D8B985A6E8B995A6F8B9C5A708B3E
:10C050009D5A718B9E5A728B9F5A738BA05A748B08
:10C06000A15A758BA25A768BA35A778BA45A788BD8
:10C07000A55A798BA65A7A8BA75A7B8BA85A7C8BA8
:10C08000A95A7D8BAB5A7E8BAC5A808BAD5A818B73
:10C09000AE5A828BAF5A838BB05A848BB15A858B40
:10C0A000B45A868BB65A878BB75A888BB95A898B04
:10C0B000BA5A8A8BBB5A8B8BBC5A8C8BBD5A8D8BD0
:10C0C000BF5A8E8BC05A8F8BC35A908BC45A918B98
:10C0D000C55A928BC65A938BC75A948BC85A958B64
:10C0E000CA5A968BCB5A978BCD5A988BCE5A998B2E
:10C0F000CF5A9A8BD05A9B8BD15A9C8BD35A9D8BFB
:10C10000D55A9E8BD75A9F8BD95AA08BDA5AA18BBE
:10C11000DB5AA28BDD5AA38BDE5AA48BDF5AA58B88
:10C12000E25AA68BE45AA78BE55AA88BE75AA98B4B
:10C13000E85AAA8BEA5AAB8BEC5AAC8BED5AAD8B12
:10C14000EE5AAE8BEF5AAF8BF05AB08BF25AB18BDE
:10C15000F35AB28BF45AB38BF55AB48BF65AB58BAB
:10C16000F75AB68BF85AB78BF95AB88BFA5AB98B7B
:10C17000FB5ABA8BFC5ABB8BFD5ABC8BFE5ABD8B4B
:10C18000FF5ABE8B005BBF8B015BC08B025BC18B18
:10C19000035BC28B045BC38B055BC48B065BC58BE7
:10C1A000075BC68B085BC78B0A5BC88B0B5BC98BB5
:10C1B0000C5BCA8B0D5BCB8B0E5BCC8B0F5BCD8B83
:10C1C000105BCE8B115BCF8B125BD08B135BD18B53
:10C1D000145BD28B155BD38B185BD48B195BD58B1F
:10C1E0001A5BD68B1B5BD78B1C5BD88B1D5BD98BEB
:10C1F0001E5BDA8B1F5BDB8B205BDC8B215BDD8BBB
:10C20000225BDE8B235BDF8B245BE08B255BE18B8A
:10C21000265BE28B275BE38B285BE48B295BE58B5A
:10C220002A5BE68B2B5BE78B2C5BE88B2D5BE98B2A
:10C230002E5BEA8B2F5BEB8B305BEC8B315BED8BFA
:10C24000335BEE8B355BEF8B365BF08B385BF18BC2
:10C25000395BF28B3A5BF38B3B5BF48B3C5BF58B8E
:10C260003D5BF68B3E5BF78B3F5BF88B415BF98B5D
:10C27000425BFA8B435BFB8B445BFC8B455BFD8B2A
:10C28000465BFE8B475B408C485B418C495B428C34
:10C290004A5B438C4B5B448C4C5B458C4D5B468CC2
:10C2A0004E5B478C4F5B488C525B498C565B4A8C8B
:10C2B0005E5B4B8C605B4C8C615B4D8C675B4E8C2A
:10C2C000685B4F8C6B5B508C6D5B518C6E5B528CE2
:10C2D0006F5B538C725B548C745B558C765B568CA5
:10C2E000775B578C785B588C795B598C7B5B5A8C6D
:10C2F0007C5B5B8C7E5B5C8C7F5B5D8C825B5E8C35
:10C30000865B5F8C8A5B608C8D5B618C8E5B628CE4
:10C31000905B638C915B648C925B658C945B668CA8
:10C32000965B678C9F5B688CA75B698CA85B6A8C4B
:10C33000A95B6B8CAC5B6C8CAD5B6D8CAE5B6E8CFF
:10C34000AF5B6F8CB15B708CB25B718CB75B728CC6
:10C35000BA5B738CBB5B748CBC5B758CC05B768C7E
:10C36000C15B778CC35B788CC85B798CC95B7A8C3A
:10C37000CA5B7B8CCB5B7C8CCD5B7D8CCE5B7E8CFF
:10C38000CF5B808CD15B818CD45B828CD55B838CC2
:10C39000D65B848CD75B858CD85B868CD95B878C8D
:10C3A000DA5B888CDB5B898CDC5B8A8CE05B8B8C5A
:10C3B000E25B8C8CE35B8D8CE65B8E8CE75B8F8C19
:10C3C000E95B908CEA5B918CEB5B928CEC5B938CE1
:10C3D000ED5B948CEF5B958CF15B968CF25B978CAC
:10C3E000F35B988CF45B998CF55B9A8CF65B9B8C79
:10C3F000F75B9C8CFD5B9D8CFE5B9E8C005C9F8C38
:10C40000025CA08C035CA18C055CA28C075CA38CF5
:10C41000085CA48C0B5CA58C0C5CA68C0D5CA78CBA
:10C420000E5CA88C105CA98C125CAA8C135CAB8C83
:10C43000175CAC8C195CAD8C1B5CAE8C1E5CAF8C3D
:10C440001F5CB08C205CB18C215CB28C235CB38C03
:10C45000265CB48C285CB58C295CB68C2A5CB78CC5
:10C460002B5CB88C2D5CB98C2E5CBA8C2F5CBB8C91
:10C47000305CBC8C325CBD8C335CBE8C355CBF8C5C
:10C48000365CC08C375CC18C435CC28C445CC38C12
:10C49000465CC48C475CC58C4C5CC68C4D5CC78CC0
:10C4A000525CC88C535CC98C545CCA8C565CCB8C77
:10C4B000575CCC8C585CCD8C5A5CCE8C5B5CCF8C42
:10C4C0005C5CD08C5D5CD18C5F5CD28C625CD38C0C
:10C4D000645CD48C675CD58C685CD68C695CD78CCA
:10C4E0006A5CD88C6B5CD98C6C5CDA8C6D5CDB8C98
:10C4F000705CDC8C725CDD8C735CDE8C745CDF8C5D
:10C50000755CE08C765CE18C775CE28C785CE38C2B
:10C510007B5CE48C7C5CE58C7D5CE68C7E5CE78CF3
:10C52000805CE88C835CE98C845CEA8C855CEB8CB9
:10C53000865CEC8C875CED8C895CEE8C8A5CEF8C85
:10C540008B5CF08C8E5CF18C8F5CF28C925CF38C4B
:10C55000935CF48C955CF58C9D5CF68C9E5CF78C02
:10C560009F5CF88CA05CF98CA15CFA8CA45CFB8CC1
:10C57000A55CFC8CA65CFD8CA75CFE8CA85C408D49
:10C58000AA5C418DAE5C428DAF5C438DB05C448D46
:10C59000B25C458DB45C468DB65C478DB95C488D08
:10C5A000BA5C498DBB5C4A8DBC5C4B8DBE5C4C8DCE
:10C5B000C05C4D8DC25C4E8DC35C4F8DC55C508D93
:10C5C000C65C518DC75C528DC85C538DC95C548D5F
:10C5D000CA5C558DCC5C568DCD5C578DCE5C588D2C
:10C5E000CF5C598DD05C5A8DD15C5B8DD35C5C8DFA
:10C5F000D45C5D8DD55C5E8DD65C5F8DD75C608DC7
:10C60000D85C618DDA5C628DDB5C638DDC5C648D93
:10C61000DD5C658DDE5C668DDF5C678DE05C688D62
:10C62000E25C698DE35C6A8DE75C6B8DE95C6C8D27
:10C63000EB5C6D8DEC5C6E8DEE5C6F8DEF5C708DE8
:10C64000F15C718DF25C728DF35C738DF45C748DB2
:10C65000F55C758DF65C768DF75C778DF85C788D82
:10C66000F95C798DFA5C7A8DFC5C7B8DFD5C7C8D50
:10C67000FE5C7D8DFF5C7E8D005D808D015D818D1A
:10C68000045D828D055D838D085D848D095D858DDA
:10C690000A5D868D0B5D878D0C5D888D0D5D898DA6
:10C6A0000F5D8A8D105D8B8D115D8C8D125D8D8D72
:10C6B000135D8E8D155D8F8D175D908D185D918D3D
:10C6C000195D928D1A5D938D1C5D948D1D5D958D08
:10C6D0001F5D968D205D978D215D988D225D998DD2
:10C6E000235D9A8D255D9B8D285D9C8D2A5D9D8D9A
:10C6F0002B5D9E8D2C5D9F8D2F5DA08D305DA18D5E
:10C70000315DA28D325DA38D335DA48D355DA58D28
:10C71000365DA68D375DA78D385DA88D395DA98DF5
:10C720003A5DAA8D3B5DAB8D3C5DAC8D3F5DAD8DC3
:10C73000405DAE8D415DAF8D425DB08D435DB18D8D
:10C74000445DB28D455DB38D465DB48D485DB58D5C
:10C75000495DB68D4D5DB78D4E5DB88D4F5DB98D20
:10C76000505DBA8D515DBB8D525DBC8D535DBD8DED
:10C77000545DBE8D555DBF8D565DC08D575DC18DBD
:10C78000595DC28D5A5DC38D5C5DC48D5E5DC58D86
:10C790005F5DC68D605DC78D615DC88D625DC98D51
:10C7A000635DCA8D645DCB8D655DCC8D665DCD8D21
:10C7B000675DCE8D685DCF8D6A5DD08D6D5DD18DED
:10C7C0006E5DD28D705DD38D715DD48D725DD58DB2
:10C7D000735DD68D755DD78D765DD88D775DD98D7E
:10C7E000785DDA8D795DDB8D7A5DDC8D7B5DDD8D4D
:10C7F0007C5DDE8D7D5DDF8D7E5DE08D7F5DE18D1D
:10C80000805DE28D815DE38D835DE48D845DE58DEA
:10C81000855DE68D865DE78D875DE88D885DE98DB8
:10C82000895DEA8D8A5DEB8D8B5DEC8D8C5DED8D88
:10C830008D5DEE8D8E5DEF8D8F5DF08D905DF18D58
:10C84000915DF28D925DF38D935DF48D945DF58D28
:10C85000955DF68D965DF78D975DF88D985DF98DF8
:10C860009A5DFA8D9B5DFB8D9C5DFC8D9E5DFD8DC3
:10C870009F5DFE8DA05D408EA15D418EA25D428ECA
:10C88000A35D438EA45D448EA55D458EA65D468E58
:10C89000A75D478EA85D488EA95D498EAA5D4A8E28
:10C8A000AB5D4B8EAC5D4C8EAD5D4D8EAE5D4E8EF8
:10C8B000AF5D4F8EB05D508EB15D518EB25D528EC8
:10C8C000B35D538EB45D548EB55D558EB65D568E98
:10C8D000B85D578EB95D588EBA5D598EBB5D5A8E64
:10C8E000BC5D5B8EBD5D5C8EBE5D5D8EBF5D5E8E34
:10C8F000C05D5F8EC15D608EC25D618EC35D628E04
:10C90000C45D638EC65D648EC75D658EC85D668ED0
:10C91000C95D678ECA5D688ECB5D698ECC5D6A8E9F
:10C92000CE5D6B8ECF5D6C8ED05D6D8ED15D6E8E6B
:10C93000D25D6F8ED35D708ED45D718ED55D728E3B
:10C94000D65D738ED75D748ED85D758ED95D768E0B
:10C95000DA5D778EDC5D788EDF5D798EE05D7A8ED4
:10C96000E35D7B8EE45D7C8EEA5D7D8EEC5D7E8E8C
:10C97000ED5D808EF05D818EF55D828EF65D838E3D
:10C98000F85D848EF95D858EFA5D868EFB5D878EFF
:10C99000FC5D888EFF5D898E005E8A8E045E8B8EC4
:10C9A000075E8C8E095E8D8E0A5E8E8E0B5E8F8E7C
:10C9B0000D5E908E0E5E918E125E928E135E938E41
:10C9C000175E948E1E5E958E1F5E968E205E978EED
:10C9D000215E988E225E998E235E9A8E245E9B8EB7
:10C9E000255E9C8E285E9D8E295E9E8E2A5E9F8E81
:10C9F0002B5EA08E2C5EA18E2F5EA28E305EA38E4B
:10CA0000325EA48E335EA58E345EA68E355EA78E12
:10CA1000365EA88E395EA98E3A5EAA8E3E5EAB8ED9
:10CA20003F5EAC8E405EAD8E415EAE8E435EAF8E9D
:10CA3000465EB08E475EB18E485EB28E495EB38E62
:10CA40004A5EB48E4B5EB58E4D5EB68E4E5EB78E30
:10CA50004F5EB88E505EB98E515EBA8E525EBB8EFE
:10CA6000535EBC8E565EBD8E575EBE8E585EBF8EC8
:10CA7000595EC08E5A5EC18E5C5EC28E5D5EC38E94
:10CA80005F5EC48E605EC58E635EC68E645EC78E5A
:10CA9000655EC88E665EC98E675ECA8E685ECB8E26
:10CAA000695ECC8E6A5ECD8E6B5ECE8E6C5ECF8EF6
:10CAB0006D5ED08E6E5ED18E6F5ED28E705ED38EC6
:10CAC000715ED48E755ED58E775ED68E795ED78E8A
:10CAD0007E5ED88E815ED98E825EDA8E835EDB8E3C
:10CAE000855EDC8E885EDD8E895EDE8E8C5EDF8EFE
:10CAF0008D5EE08E8E5EE18E925EE28E985EE38EBB
:10CB00009B5EE48E9D5EE58EA15EE68EA25EE78E64
:10CB1000A35EE88EA45EE98EA85EEA8EA95EEB8E27
:10CB2000AA5EEC8EAB5EED8EAC5EEE8EAE5EEF8EF0
:10CB3000AF5EF08EB05EF18EB15EF28EB25EF38EBD
:10CB4000B45EF48EBA5EF58EBB5EF68EBC5EF78E7A
:10CB5000BD5EF88EBF5EF98EC05EFA8EC15EFB8E42
:10CB6000C25EFC8EC35EFD8EC45EFE8EC55E408FCF
:10CB7000C65E418FC75E428FC85E438FCB5E448FD7
:10CB8000CC5E458FCD5E468FCE5E478FCF5E488FA1
:10CB9000D05E498FD45E4A8FD55E4B8FD75E4C8F67
:10CBA000D85E4D8FD95E4E8FDA5E4F8FDC5E508F30
:10CBB000DD5E518FDE5E528FDF5E538FE05E548FFD
:10CBC000E15E558FE25E568FE35E578FE45E588FCD
:10CBD000E55E598FE65E5A8FE75E5B8FE95E5C8F9C
:10CBE000EB5E5D8FEC5E5E8FED5E5F8FEE5E608F65
:10CBF000EF5E618FF05E628FF15E638FF25E648F35
:10CC0000F35E658FF55E668FF85E678FF95E688FFD
:10CC1000FB5E698FFC5E6A8FFD5E6B8F055F6C8FBC
:10CC2000065F6D8F075F6E8F095F6F8F0C5F708F70
:10CC30000D5F718F0E5F728F105F738F125F748F35
:10CC4000145F758F165F768F195F778F1A5F788FF5
:10CC50001C5F798F1D5F7A8F1E5F7B8F215F7C8FBA
:10CC6000225F7D8F235F7E8F245F808F285F818F7F
:10CC70002B5F828F2C5F838F2E5F848F305F858F39
:10CC8000325F868F335F878F345F888F355F898F00
:10CC9000365F8A8F375F8B8F385F8C8F3B5F8D8FCE
:10CCA0003D5F8E8F3E5F8F8F3F5F908F415F918F93
:10CCB000425F928F435F938F445F948F455F958F60
:10CCC000465F968F475F978F485F988F495F998F30
:10CCD0004A5F9A8F4B5F9B8F4C5F9C8F4D5F9D8F00
:10CCE0004E5F9E8F4F5F9F8F515FA08F545FA18FCC
:10CCF000595FA28F5A5FA38F5B5FA48F5C5FA58F84
:10CD00005E5FA68F5F5FA78F605FA88F635FA98F4D
:10CD1000655FAA8F675FAB8F685FAC8F6B5FAD8F0E
:10CD20006E5FAE8F6F5FAF8F725FB08F745FB18FCA
:10CD3000755FB28F765FB38F785FB48F7A5FB58F90
:10CD40007D5FB68F7E5FB78F7F5FB88F835FB98F50
:10CD5000865FBA8F8D5FBB8F8E5FBC8F8F5FBD8FFD
:10CD6000915FBE8F935FBF8F945FC08F965FC18FBF
:10CD70009A5FC28F9B5FC38F9D5FC48F9E5FC58F7D
:10CD80009F5FC68FA05FC78FA25FC88FA35FC98F49
:10CD9000A45FCA8FA55FCB8FA65FCC8FA75FCD8F17
:10CDA000A95FCE8FAB5FCF8FAC5FD08FAF5FD18FDE
:10CDB000B05FD28FB15FD38FB25FD48FB35FD58FA7
:10CDC000B45FD68FB65FD78FB85FD88FB95FD98F72
:10CDD000BA5FDA8FBB5FDB8FBE5FDC8FBF5FDD8F3B
:10CDE000C05FDE8FC15FDF8FC25FE08FC75FE18F03
:10CDF000C85FE28FCA5FE38FCB5FE48FCE5FE58FC2
:10CE0000D35FE68FD45FE78FD55FE88FDA5FE98F76
:10CE1000DB5FEA8FDC5FEB8FDE5FEC8FDF5FED8F38
:10CE2000E25FEE8FE35FEF8FE55FF08FE65FF18FFC
:10CE3000E85FF28FE95FF38FEC5FF48FEF5FF58FC0
:10CE4000F05FF68FF25FF78FF35FF88FF45FF98F83
:10CE5000F65FFA8FF75FFB8FF95FFC8FFA5FFD8F4C
:10CE6000FC5FFE8F0760409008604190096042902F
:10CE70000B6043900C6044901060459011604690A8
:10CE80001360479017604890186049901A604A9064
:10CE90001E604B901F604C9022604D9023604E901E
:10CEA00024604F902C6050902D6051902E605290D5
:10CEB000306053903160549032605590336056909A
:10CEC00034605790366058903760599038605A9067
:10CED00039605B903A605C903D605D903E605E9032
:10CEE00040605F90446060904560619046606290F1
:10CEF0004760639048606490496065904A606690BE
:10CF00004C6067904E6068904F60699051606A9085
:10CF100053606B9054606C9056606D9057606E904B
:10CF200058606F905B6070905C6071905E60729012
:10CF30005F607390606074906160759065607690DA
:10CF4000666077906E6078907160799072607A9088
:10CF500074607B9075607C9077607D907E607E9041
:10CF600080608090816081908260829085608390F3
:10CF70008660849087608590886086908A608790BC
:10CF80008B6088908E6089908F608A9090608B9083
:10CF900091608C9093608D9095608E9097608F904B
:10CFA00098609090996091909C6092909E60939010
:10CFB000A1609490A2609590A4609690A5609790CF
:10CFC000A7609890A9609990AA609A90AE609B9093
:10CFD000B0609C90B3609D90B5609E90B6609F904D
:10CFE000B760A090B960A190BA60A290BD60A39014
:10CFF000BE60A490BF60A590C060A690C160A790DD
:10D00000C260A890C360A990C460AA90C760AB90AA
:10D01000C860AC90C960AD90CC60AE90CD60AF9070
:10D02000CE60B090CF60B190D060B290D260B3903B
:10D03000D360B490D460B590D660B690D760B79006
:10D04000D960B890DB60B990DE60BA90E160BB90C7
:10D05000E260BC90E360BD90E460BE90E560BF908C
:10D06000EA60C090F160C190F260C290F560C39038
:10D07000F760C490F860C590FB60C690FC60C790F4
:10D08000FD60C890FE60C990FF60CA900261CB90BD
:10D090000361CC900461CD900561CE900761CF9083
:10D0A0000A61D0900B61D1900C61D2901061D39045
:10D0B0001161D4901261D5901361D6901461D7900C
:10D0C0001661D8901761D9901861DA901961DB90D8
:10D0D0001B61DC901C61DD901D61DE901E61DF90A4
:10D0E0002161E0902261E1902561E2902861E39066
:10D0F0002961E4902A61E5902C61E6902D61E7902A
:10D100002E61E8902F61E9903061EA903161EB90F7
:10D110003261EC903361ED903461EE903561EF90C7
:10D120003661F0903761F1903861F2903961F39097
:10D130003A61F4903B61F5903C61F6903D61F79067
:10D140003E61F8904061F9904161FA904261FB9034
:10D150004361FC904461FD904561FE9046614091C1
:10D1600047614191496142914B6143914D614491C5
:10D170004F61459150614691526147915361489189
:10D180005461499156614A9157614B9158614C9154
:10D1900059614D915A614E915B614F915C61509123
:10D1A0005E6151915F6152916061539161615491EF
:10D1B00063615591646156916561579166615891BB
:10D1C000696159916A615A916B615B916C615C9183
:10D1D0006D615D916E615E916F615F917161609152
:10D1E000726161917361629174616391766164911E
:10D1F00078616591796166917A6167917B616891E7
:10D200007C6169917D616A917E616B917F616C91B6
:10D2100080616D9181616E9182616F918361709186
:10D220008461719185617291866173918761749156
:10D2300088617591896176918A6177918C61789125
:10D240008D6179918F617A9190617B9191617C91EF
:10D2500092617D9193617E919561809196618191BA
:10D260009761829198618391996184919A61859186
:10D270009B6186919C6187919E6188919F61899154
:10D28000A0618A91A1618B91A2618C91A3618D9122
:10D29000A4618E91A5618F91A6619091AA619191EF
:10D2A000AB619291AD619391AE619491AF619591B3
:10D2B000B0619691B1619791B2619891B361999182
:10D2C000B4619A91B5619B91B6619C91B8619D9151
:10D2D000B9619E91BA619F91BB61A091BC61A1911E
:10D2E000BD61A291BF61A391C061A491C161A591EB
:10D2F000C361A691C461A791C561A891C661A991B6
:10D30000C761AA91C961AB91CC61AC91CD61AD917E
:10D31000CE61AE91CF61AF91D061B091D361B19147
:10D32000D561B291D661B391D761B491D861B5910D
:10D33000D961B691DA61B791DB61B891DC61B991DD
:10D34000DD61BA91DE61BB91DF61BC91E061BD91AD
:10D35000E161BE91E261BF91E361C091E461C1917D
:10D36000E561C291E761C391E861C491E961C5914A
:10D37000EA61C691EB61C791EC61C891ED61C99119
:10D38000EE61CA91EF61CB91F061CC91F161CD91E9
:10D39000F261CE91F361CF91F461D091F661D191B8
:10D3A000F761D291F861D391F961D491FA61D59185
:10D3B000FB61D691FC61D791FD61D891FE61D99155
:10D3C0000062DA910162DB910262DC910362DD911D
:10D3D0000462DE910562DF910762E0910962E191EA
:10D3E0001362E2911462E3911962E4911C62E59187
:10D3F0001D62E6911E62E7912062E8912362E99145
:10D400002662EA912762EB912862EC912962ED9104
:10D410002B62EE912D62EF912F62F0913062F191CB
:10D420003162F2913262F3913562F4913662F59194
:10D430003862F6913962F7913A62F8913B62F9915C
:10D440003C62FA914262FB914462FC914562FD911B
:10D450004662FE914A6240924F624192506242920D
:10D46000556243925662449257624592596246927F
:10D470005A6247925C6248925D6249925E624A9249
:10D480005F624B9260624C9261624D9262624E9218
:10D4900064624F92656250926862519271625292D8
:10D4A0007262539274625492756255927762569288
:10D4B000786257927A6258927B6259927D625A9250
:10D4C00081625B9282625C9283625D9285625E920F
:10D4D00086625F9287626092886261928B626292DA
:10D4E0008C6263928D6264928E6265928F626692A4
:10D4F0009062679294626892996269929C626A9261
:10D500009D626B929E626C92A3626D92A6626E9215
:10D51000A7626F92A9627092AA627192AD627292D2
:10D52000AE627392AF627492B0627592B26276929A
:10D53000B3627792B4627892B6627992B7627A9265
:10D54000B8627B92BA627C92BE627D92C0627E9229
:10D55000C1628092C3628192CB628292CF628392D7
:10D56000D1628492D5628592DD628692DE62879274
:10D57000E0628892E1628992E4628A92EA628B9226
:10D58000EB628C92F0628D92F2628E92F5628F92D3
:10D59000F8629092F9629192FA629292FB6293928F
:10D5A0000063949203639592046396920563979245
:10D5B000066398920A6399920B639A920C639B920A
:10D5C0000D639C920F639D9210639E9212639F92D3
:10D5D0001363A0921463A1921563A2921763A3929E
:10D5E0001863A4921963A5921C63A6922663A7925E
:10D5F0002763A8922963A9922C63AA922D63AB9208
:10D600002E63AC923063AD923163AE923363AF92CE
:10D610003463B0923563B1923663B2923763B3929A
:10D620003863B4923B63B5923C63B6923E63B79263
:10D630003F63B8924063B9924163BA924463BB922C
:10D640004763BC924863BD924A63BE925163BF92E6
:10D650005263C0925363C1925463C2925663C392A1
:10D660005763C4925863C5925963C6925A63C7926E
:10D670005B63C8925C63C9925D63CA926063CB923C
:10D680006463CC926563CD926663CE926863CF92F9
:10D690006A63D0926B63D1926C63D2926F63D392C0
:10D6A0007063D4927263D5927363D6927463D79287
:10D6B0007563D8927863D9927963DA927C63DB924E
:10D6C0007D63DC927E63DD927F63DE928163DF9215
:10D6D0008363E0928463E1928563E2928663E392DE
:10D6E0008B63E4928D63E5929163E6929363E79294
:10D6F0009463E8929563E9929763EA929963EB9257
:10D700009A63EC929B63ED929C63EE929D63EF9221
:10D710009E63F0929F63F192A163F292A463F392ED
:10D72000A663F492AB63F592AF63F692B163F7929E
:10D73000B263F892B563F992B663FA92B963FB9259
:10D74000BB63FC92BD63FD92BF63FE92C0634093D6
:10D75000C1634193C2634293C3634393C5634493DC
:10D76000C7634593C8634693CA634793CB634893A3
:10D77000CC634993D1634A93D3634B93D4634C9363
:10D78000D5634D93D7634E93D8634F93D96350932A
:10D79000DA635193DB635293DC635393DD635493F9
:10D7A000DF635593E2635693E4635793E5635893BD
:10D7B000E6635993E7635A93E8635B93EB635C9387
:10D7C000EC635D93EE635E93EF635F93F06360934E
:10D7D000F1636193F3636293F5636393F763649317
:10D7E000F9636593FA636693FB636793FC636893DD
:10D7F000FE63699303646A9304646B9306646C9399
:10D8000007646D9308646E9309646F930A64709360
:10D810000D6471930E647293116473931264749324
:10D8200015647593166476931764779318647893E8
:10D83000196479931A647A931D647B931F647C93B3
:10D8400022647D9323647E93246480932564819372
:10D850002764829328648393296484932B6485933B
:10D860002E6486932F648793306488933164899300
:10D8700032648A9333648B9335648C9336648D93CE
:10D8800037648E9338648F93396490933B6491939B
:10D890003C6492933E649393406494934264959362
:10D8A00043649693496497934B6498934C6499931B
:10D8B0004D649A934E649B934F649C9350649D93E4
:10D8C00051649E9353649F935564A0935664A193AF
:10D8D0005764A2935964A3935A64A4935B64A59379
:10D8E0005C64A6935D64A7935F64A8936064A99346
:10D8F0006164AA936264AB936364AC936464AD9314
:10D900006564AE936664AF936864B0936A64B193E0
:10D910006B64B2936C64B3936E64B4936F64B593A9
:10D920007064B6937164B7937264B8937364B99377
:10D930007464BA937564BB937664BC937764BD9347
:10D940007B64BE937C64BF937D64C0937E64C1930B
:10D950007F64C2938064C3938164C4938364C593DA
:10D960008664C6938864C7938964C8938A64C9939C
:10D970008B64CA938C64CB938D64CC938E64CD936B
:10D980008F64CE939064CF939364D0939464D19337
:10D990009764D2939864D3939A64D4939B64D593F9
:10D9A0009C64D6939D64D7939F64D893A064D993C5
:10D9B000A164DA93A264DB93A364DC93A564DD9392
:10D9C000A664DE93A764DF93A864E093AA64E1935E
:10D9D000AB64E293AF64E393B164E493B264E59320
:10D9E000B364E693B464E793B664E893B964E993E7
:10D9F000BB64EA93BD64EB93BE64EC93BF64ED93A8
:10DA0000C164EE93C364EF93C464F093C664F1936E
:10DA1000C764F293C864F393C964F493CA64F5933A
:10DA2000CB64F693CC64F793CF64F893D164F99305
:10DA3000D364FA93D464FB93D564FC93D664FD93CA
:10DA4000D964FE93DA644094DB644194DC644294CC
:10DA5000DD644394DF644494E0644594E164469457
:10DA6000E3644794E5644894E7644994E8644A941D
:10DA7000E9644B94EA644C94EB644D94EC644E94EA
:10DA8000ED644F94EE645094EF645194F0645294BA
:10DA9000F1645394F2645494F3645594F46456948A
:10DAA000F5645794F6645894F7645994F8645A945A
:10DAB000F9645B94FA645C94FB645D94FC645E942A
:10DAC000FD645F94FE646094FF64619401656294F8
:10DAD00002656394036564940465659405656694C2
:10DAE0000665679407656894086569940A656A9491
:10DAF0000B656B940C656C940D656D940E656E945E
:10DB00000F656F941065709411657194136572942C
:10DB100014657394156574941665759417657694F9
:10DB2000196577941A6578941B6579941C657A94C5
:10DB30001D657B941E657C941F657D9420657E9495
:10DB40002165809422658194236582942465839461
:10DB5000266584942765859428658694296587942D
:10DB60002A6588942C6589942D658A9430658B94F8
:10DB700031658C9432658D9433658E9437658F94BE
:10DB80003A6590943C6591943D6592944065939478
:10DB90004165949442659594436596944465979441
:10DBA00046659894476599944A659A944B659B9409
:10DBB0004D659C944E659D9450659E9452659F94CE
:10DBC0005365A0945465A1945765A2945865A39495
:10DBD0005A65A4945C65A5945F65A6946065A79456
:10DBE0006165A8946465A9946565AA946765AB941A
:10DBF0006865AC946965AD946A65AE946D65AF94E3
:10DC00006E65B0946F65B1947165B2947365B394A9
:10DC10007565B4947665B5947865B6947965B7946E
:10DC20007A65B8947B65B9947C65BA947D65BB943C
:10DC30007E65BC947F65BD948065BE948165BF940C
:10DC40008265C0948365C1948465C2948565C394DC
:10DC50008665C4948865C5948965C6948A65C794A9
:10DC60008D65C8948E65C9948F65CA949265CB946E
:10DC70009465CC949565CD949665CE949865CF9433
:10DC80009A65D0949D65D1949E65D294A065D394F5
:10DC9000A265D494A365D594A665D694A865D794B7
:10DCA000AA65D894AC65D994AE65DA94B165DB9475
:10DCB000B265DC94B365DD94B465DE94B565DF943C
:10DCC000B665E094B765E194B865E294BA65E3940B
:10DCD000BB65E494BE65E594BF65E694C065E794D2
:10DCE000C265E894C765E994C865EA94C965EB9490
:10DCF000CA65EC94CD65ED94D065EE94D165EF9452
:10DD0000D365F094D465F194D565F294D865F39415
:10DD1000D965F494DA65F594DB65F694DC65F794DF
:10DD2000DD65F894DE65F994DF65FA94E165FB94AE
:10DD3000E365FC94E465FD94EA65FE94EB6540952B
:10DD4000F2654195F3654295F4654395F565449513
:10DD5000F8654595F9654695FB654795FC654895D9
:10DD6000FD654995FE654A95FF654B9501664C95A5
:10DD700004664D9505664E9507664F950866509565
:10DD8000096651950B6652950D665395106654952C
:10DD900011665595126656951666579517665895ED
:10DDA000186659951A665A951B665B951C665C95B4
:10DDB0001E665D9521665E9522665F952366609579
:10DDC0002466619526666295296663952A66649540
:10DDD0002B6665952C6666952E6667953066689508
:10DDE0003266699533666A9537666B9538666C95C9
:10DDF00039666D953A666E953B666F953D66709592
:10DE00003F66719540667295426673954466749557
:10DE10004566759546667695476677954866789522
:10DE2000496679954A667A954D667B954E667C95EE
:10DE300050667D9551667E955866809559668195A8
:10DE40005B6682955C6683955D6684955E66859566
:10DE5000606686956266879563668895656689952E
:10DE600067668A9569668B956A668C956B668D95F3
:10DE70006C668E956D668F957166909572669195BC
:10DE8000736692957566939578669495796695957F
:10DE90007B6696957C6697957D6698957F66999545
:10DEA00080669A9581669B9583669C9585669D950F
:10DEB00086669E9588669F958966A0958A66A195D7
:10DEC0008B66A2958D66A3958E66A4958F66A595A3
:10DED0009066A6959266A7959366A8959466A9956F
:10DEE0009566AA959866AB959966AC959A66AD9538
:10DEF0009B66AE959C66AF959E66B0959F66B19504
:10DF0000A066B295A166B395A266B495A366B595D1
:10DF1000A466B695A566B795A666B895A966B9959F
:10DF2000AA66BA95AB66BB95AC66BC95AD66BD9569
:10DF3000AF66BE95B066BF95B166C095B266C19535
:10DF4000B366C295B566C395B666C495B766C59502
:10DF5000B866C695BA66C795BB66C895BC66C995CE
:10DF6000BD66CA95BF66CB95C066CC95C166CD959A
:10DF7000C266CE95C366CF95C466D095C566D19569
:10DF8000C666D295C766D395C866D495C966D59539
:10DF9000CA66D695CB66D795CC66D895CD66D99509
:10DFA000CE66DA95CF66DB95D066DC95D166DD95D9
:10DFB000D266DE95D366DF95D466E095D566E195A9
:10DFC000D666E295D766E395D866E495DA66E59578
:10DFD000DE66E695DF66E795E066E895E166E99539
:10DFE000E266EA95E366EB95E466EC95E566ED9509
:10DFF000E766EE95E866EF95EA66F095EB66F195D3
:10E00000EC66F295ED66F395EE66F495EF66F595A0
:10E01000F166F695F566F795F666F895F866F99562
:10E02000FA66FA95FB66FB95FD66FC950167FD9522
:10E030000267FE950367409604674196056742961E
:10E0400006674396076744960C6745960E674696A3
:10E050000F674796116748961267499613674A9665
:10E0600016674B9618674C9619674D961A674E9629
:10E070001C674F961E6750962067519621675296EF
:10E0800022675396236754962467559625675696BC
:10E0900027675796296758962E67599630675A967C
:10E0A00032675B9633675C9636675D9637675E9638
:10E0B00038675F96396760963B6761963C67629602
:10E0C0003E6763963F6764964167659644676696C8
:10E0D00045676796476768964A6769964B676A9689
:10E0E0004D676B9652676C9654676D9655676E9642
:10E0F00057676F9658677096596771965A67729608
:10E100005B6773965D6774966267759663677696CC
:10E110006467779666677896676779966B677A968D
:10E120006C677B966E677C9671677D9674677E964A
:10E130007667809678678196796782967A67839604
:10E140007B6784967D6785968067869682678796CB
:10E15000836788968567899686678A9688678B968F
:10E160008A678C968C678D968D678E968E678F9654
:10E170008F67909691679196926792969367939620
:10E180009467949696679596996796969B679796E7
:10E190009F679896A0679996A1679A96A4679B96A1
:10E1A000A6679C96A9679D96AC679E96AE679F965C
:10E1B000B167A096B267A196B467A296B967A39615
:10E1C000BA67A496BB67A596BC67A696BD67A796D7
:10E1D000BE67A896BF67A996C067AA96C267AB96A6
:10E1E000C567AC96C667AD96C767AE96C867AF966B
:10E1F000C967B096CA67B196CB67B296CC67B3963B
:10E20000CD67B496CE67B596D567B696D667B796FE
:10E21000D767B896DB67B996DF67BA96E167BB96B2
:10E22000E367BC96E467BD96E667BE96E767BF9670
:10E23000E867C096EA67C196EB67C296ED67C3963A
:10E24000EE67C496F267C596F567C696F667C796F9
:10E25000F767C896F867C996F967CA96FA67CB96C2
:10E26000FB67CC96FC67CD96FE67CE960168CF968D
:10E270000268D0960368D1960468D2960668D39651
:10E280000D68D4961068D5961268D6961468D796FD
:10E290001568D8961868D9961968DA961A68DB96C0
:10E2A0001B68DC961C68DD961E68DE961F68DF968C
:10E2B0002068E0962268E1962368E2962468E39657
:10E2C0002568E4962668E5962768E6962868E79626
:10E2D0002B68E8962C68E9962D68EA962E68EB96EE
:10E2E0002F68EC963068ED963168EE963468EF96BC
:10E2F0003568F0963668F1963A68F2963B68F39680
:10E300003F68F4964768F5964B68F6964D68F79621
:10E310004F68F8965268F9965668FA965768FB96D1
:10E320005868FC965968FD965A68FE965B68409757
:10E330005C6841975D6842975E6843975F68449761
:10E340006A6845976C6846976D6847976E68489706
:10E350006F68499770684A9771684B9772684C97D5
:10E3600073684D9775684E9778684F97796850979E
:10E370007A6851977B6852977C6853977D68549769
:10E380007E6855977F685697806857978268589738
:10E390008468599787685A9788685B9789685C97FB
:10E3A0008A685D978B685E978C685F978D686097C9
:10E3B0008E68619790686297916863979268649796
:10E3C0009468659795686697966867979868689760
:10E3D000996869979A686A979B686B979C686C972D
:10E3E0009D686D979E686E979F686F97A0687097FD
:10E3F000A1687197A3687297A4687397A5687497CA
:10E40000A9687597AA687697AB687797AC6878978C
:10E41000AE687997B1687A97B2687B97B4687C9751
:10E42000B6687D97B7687E97B8688097B968819716
:10E43000BA688297BB688397BC688497BD688597E4
:10E44000BE688697BF688797C1688897C3688997B1
:10E45000C4688A97C5688B97C6688C97C7688D977C
:10E46000C8688E97CA688F97CC689097CE68919746
:10E47000CF689297D0689397D1689497D36895970F
:10E48000D4689697D6689797D7689897D9689997D8
:10E49000DB689A97DC689B97DD689C97DE689D97A0
:10E4A000DF689E97E1689F97E268A097E468A1976C
:10E4B000E568A297E668A397E768A497E868A59738
:10E4C000E968A697EA68A797EB68A897EC68A99708
:10E4D000ED68AA97EF68AB97F268AC97F368AD97D1
:10E4E000F468AE97F668AF97F768B097F868B19799
:10E4F000FB68B297FD68B397FE68B497FF68B5975D
:10E500000069B6970269B7970369B8970469B99724
:10E510000669BA970769BB970869BC970969BD97EF
:10E520000A69BE970C69BF970F69C0971169C197B7
:10E530001369C2971469C3971569C4971669C5977B
:10E540001769C6971869C7971969C8971A69C9974B
:10E550001B69CA971C69CB971D69CC971E69CD971B
:10E560002169CE972269CF972369D0972569D197E2
:10E570002669D2972769D3972869D4972969D597AF
:10E580002A69D6972B69D7972C69D8972E69D9977E
:10E590002F69DA973169DB973269DC973369DD9748
:10E5A0003569DE973669DF973769E0973869E19713
:10E5B0003A69E2973B69E3973C69E4973E69E597DE
:10E5C0004069E6974169E7974369E8974469E997A5
:10E5D0004569EA974669EB974769EC974869ED9773
:10E5E0004969EE974A69EF974B69F0974C69F19743
:10E5F0004D69F2974E69F3974F69F4975069F59713
:10E600005169F6975269F7975369F8975569F997E1
:10E610005669FA975869FB975969FC975B69FD97AA
:10E620005C69FE975F6940986169419862694298A8
:10E63000646943986569449867694598686946982C
:10E64000696947986A6948986C6949986D694A98F8
:10E650006F694B9870694C9872694D9873694E98C0
:10E6600074694F9875695098766951987A6952988B
:10E670007B6953987D6954987E6955987F6956984F
:10E680008169579883695898856959988A695A9811
:10E690008B695B988C695C988E695D988F695E98D0
:10E6A00090695F989169609892696198936962989E
:10E6B0009669639897696498996965989A69669864
:10E6C0009D6967989E6968989F696998A0696A982A
:10E6D000A1696B98A2696C98A3696D98A4696E98FA
:10E6E000A5696F98A6697098A9697198AA697298C6
:10E6F000AC697398AE697498AF697598B06976988B
:10E70000B2697798B3697898B5697998B6697A9853
:10E71000B8697B98B9697C98BA697D98BC697E981C
:10E72000BD698098BE698198BF698298C0698398E5
:10E73000C2698498C3698598C4698698C5698798B1
:10E74000C6698898C7698998C8698A98C9698B9881
:10E75000CB698C98CD698D98CF698E98D1698F9847
:10E76000D2699098D3699198D5699298D66993980F
:10E77000D7699498D8699598D9699698DA699798DD
:10E78000DC699898DD699998DE699A98E1699B98A7
:10E79000E2699C98E3699D98E4699E98E5699F9871
:10E7A000E669A098E769A198E869A298E969A39841
:10E7B000EA69A498EB69A598EC69A698EE69A79810
:10E7C000EF69A898F069A998F169AA98F369AB98DC
:10E7D000F469AC98F569AD98F669AE98F769AF98A9
:10E7E000F869B098F969B198FA69B298FB69B39879
:10E7F000FC69B498FE69B598006AB698016AB79842
:10E80000026AB898036AB998046ABA98056ABB980C
:10E81000066ABC98076ABD98086ABE98096ABF98DC
:10E820000B6AC0980C6AC1980D6AC2980E6AC398A8
:10E830000F6AC498106AC598116AC698126AC79878
:10E84000136AC898146AC998156ACA98166ACB9848
:10E85000196ACC981A6ACD981B6ACE981C6ACF9810
:10E860001D6AD0981E6AD198206AD298226AD398DD
:10E87000236AD498246AD598256AD698266AD798A8
:10E88000276AD898296AD9982B6ADA982C6ADB9873
:10E890002D6ADC982E6ADD98306ADE98326ADF983D
:10E8A000336AE098346AE198366AE298376AE39806
:10E8B000386AE498396AE5983A6AE6983B6AE798D4
:10E8C0003C6AE8983F6AE998406AEA98416AEB989E
:10E8D000426AEC98436AED98456AEE98466AEF986A
:10E8E000486AF098496AF1984A6AF2984B6AF39834
:10E8F0004C6AF4984D6AF5984E6AF6984F6AF79804
:10E90000516AF898526AF998536AFA98546AFB98CF
:10E91000556AFC98566AFD98576AFE985A6A40995B
:10E920005C6A41995D6A42995E6A43995F6A44995B
:10E93000606A4599626A4699636A4799646A489928
:10E94000666A4999676A4A99686A4B99696A4C99F3
:10E950006A6A4D996B6A4E996C6A4F996D6A5099C3
:10E960006E6A51996F6A5299706A5399726A549992
:10E97000736A5599746A5699756A5799766A58995F
:10E98000776A5999786A5A997A6A5B997B6A5C992D
:10E990007D6A5D997E6A5E997F6A5F99816A6099F6
:10E9A000826A6199836A6299856A6399866A6499C1
:10E9B000876A6599886A6699896A67998A6A68998F
:10E9C0008B6A69998C6A6A998D6A6B998F6A6C995E
:10E9D000926A6D99936A6E99946A6F99956A709923
:10E9E000966A7199986A7299996A73999A6A7499F0
:10E9F0009B6A75999C6A76999D6A77999E6A7899BF
:10EA00009F6A7999A16A7A99A26A7B99A36A7C998B
:10EA1000A46A7D99A56A7E99A66A8099A76A819958
:10EA2000A86A8299AA6A8399AD6A8499AE6A85991F
:10EA3000AF6A8699B06A8799B16A8899B26A8999EA
:10EA4000B36A8A99B46A8B99B56A8C99B66A8D99BA
:10EA5000B76A8E99B86A8F99B96A9099BA6A91998A
:10EA6000BB6A9299BC6A9399BD6A9499BE6A95995A
:10EA7000BF6A9699C06A9799C16A9899C26A99992A
:10EA8000C36A9A99C46A9B99C56A9C99C66A9D99FA
:10EA9000C76A9E99C86A9F99C96AA099CA6AA199CA
:10EAA000CB6AA299CC6AA399CD6AA499CE6AA5999A
:10EAB000CF6AA699D06AA799D16AA899D26AA9996A
:10EAC000D36AAA99D46AAB99D56AAC99D66AAD993A
:10EAD000D76AAE99D86AAF99D96AB099DA6AB1990A
:10EAE000DB6AB299DC6AB399DD6AB499DE6AB599DA
:10EAF000DF6AB699E06AB799E16AB899E26AB999AA
:10EB0000E36ABA99E46ABB99E56ABC99E66ABD9979
:10EB1000E76ABE99E86ABF99E96AC099EA6AC19949
:10EB2000EB6AC299EC6AC399ED6AC499EE6AC59919
:10EB3000EF6AC699F06AC799F16AC899F26AC999E9
:10EB4000F36ACA99F46ACB99F56ACC99F66ACD99B9
:10EB5000F76ACE99F86ACF99F96AD099FA6AD19989
:10EB6000FB6AD299FC6AD399FD6AD499FE6AD59959
:10EB7000FF6AD699006BD799016BD899026BD99926
:10EB8000036BDA99046BDB99056BDC99066BDD99F5
:10EB9000076BDE99086BDF99096BE0990A6BE199C5
:10EBA0000B6BE2990C6BE3990D6BE4990E6BE59995
:10EBB0000F6BE699106BE799116BE899126BE99965
:10EBC000136BEA99146BEB99156BEC99166BED9935
:10EBD000176BEE99186BEF99196BF0991A6BF19905
:10EBE0001B6BF2991C6BF3991D6BF4991E6BF599D5
:10EBF0001F6BF699256BF799266BF899286BF99995
:10EC0000296BFA992A6BFB992B6BFC992C6BFD995C
:10EC10002D6BFE992E6B409A2F6B419A306B429A66
:10EC2000316B439A336B449A346B459A356B469AF1
:10EC3000366B479A386B489A3B6B499A3C6B4A9AB9
:10EC40003D6B4B9A3F6B4C9A406B4D9A416B4E9A81
:10EC5000426B4F9A446B509A456B519A486B529A4B
:10EC60004A6B539A4B6B549A4D6B559A4E6B569A0E
:10EC70004F6B579A506B589A516B599A526B5A9ADC
:10EC8000536B5B9A546B5C9A556B5D9A566B5E9AAC
:10EC9000576B5F9A586B609A5A6B619A5B6B629A7A
:10ECA0005C6B639A5D6B649A5E6B659A5F6B669A48
:10ECB000606B679A616B689A686B699A696B6A9A0C
:10ECC0006B6B6B9A6C6B6C9A6D6B6D9A6E6B6E9ACC
:10ECD0006F6B6F9A706B709A716B719A726B729A9C
:10ECE000736B739A746B749A756B759A766B769A6C
:10ECF000776B779A786B789A7A6B799A7D6B7A9A38
:10ED00007E6B7B9A7F6B7C9A806B7D9A856B7E9AFB
:10ED1000886B809A8C6B819A8E6B829A8F6B839AA8
:10ED2000906B849A916B859A946B869A956B879A6F
:10ED3000976B889A986B899A996B8A9A9C6B8B9A35
:10ED40009D6B8C9A9E6B8D9A9F6B8E9AA06B8F9AFF
:10ED5000A26B909AA36B919AA46B929AA56B939ACB
:10ED6000A66B949AA76B959AA86B969AA96B979A9B
:10ED7000AB6B989AAC6B999AAD6B9A9AAE6B9B9A67
:10ED8000AF6B9C9AB06B9D9AB16B9E9AB26B9F9A37
:10ED9000B66BA09AB86BA19AB96BA29ABA6BA39AF8
:10EDA000BB6BA49ABC6BA59ABD6BA69ABE6BA79AC7
:10EDB000C06BA89AC36BA99AC46BAA9AC66BAB9A8C
:10EDC000C76BAC9AC86BAD9AC96BAE9ACA6BAF9A57
:10EDD000CC6BB09ACE6BB19AD06BB29AD16BB39A1E
:10EDE000D86BB49ADA6BB59ADC6BB69ADD6BB79ACE
:10EDF000DE6BB89ADF6BB99AE06BBA9AE26BBB9A9A
:10EE0000E36BBC9AE46BBD9AE56BBE9AE66BBF9A66
:10EE1000E76BC09AE86BC19AE96BC29AEC6BC39A34
:10EE2000ED6BC49AEE6BC59AF06BC69AF16BC79AFC
:10EE3000F26BC89AF46BC99AF66BCA9AF76BCB9AC5
:10EE4000F86BCC9AFA6BCD9AFB6BCE9AFC6BCF9A8F
:10EE5000FE6BD09AFF6BD19A006CD29A016CD39A58
:10EE6000026CD49A036CD59A046CD69A086CD79A23
:10EE7000096CD89A0A6CD99A0B6CDA9A0C6CDB9AEA
:10EE80000E6CDC9A126CDD9A176CDE9A1C6CDF9AA1
:10EE90001D6CE09A1E6CE19A206CE29A236CE39A56
:10EEA000256CE49A2B6CE59A2C6CE69A2D6CE79A0B
:10EEB000316CE89A336CE99A366CEA9A376CEB9AC3
:10EEC000396CEC9A3A6CED9A3B6CEE9A3C6CEF9A8A
:10EED0003E6CF09A3F6CF19A436CF29A446CF39A50
:10EEE000456CF49A486CF59A4B6CF69A4C6CF79A10
:10EEF0004D6CF89A4E6CF99A4F6CFA9A516CFB9AD9
:10EF0000526CFC9A536CFD9A566CFE9A586C409B5E
:10EF1000596C419B5A6C429B626C439B636C449B53
:10EF2000656C459B666C469B676C479B6B6C489B0E
:10EF30006C6C499B6D6C4A9B6E6C4B9B6F6C4C9BD5
:10EF4000716C4D9B736C4E9B756C4F9B776C509B9B
:10EF5000786C519B7A6C529B7B6C539B7C6C549B62
:10EF60007F6C559B806C569B846C579B876C589B21
:10EF70008A6C599B8B6C5A9B8D6C5B9B8E6C5C9BDB
:10EF8000916C5D9B926C5E9B956C5F9B966C609B9D
:10EF9000976C619B986C629B9A6C639B9C6C649B66
:10EFA0009D6C659B9E6C669BA06C679BA26C689B2E
:10EFB000A86C699BAC6C6A9BAF6C6B9BB06C6C9BD8
:10EFC000B46C6D9BB56C6E9BB66C6F9BB76C709B95
:10EFD000BA6C719BC06C729BC16C739BC26C749B4E
:10EFE000C36C759BC66C769BC76C779BC86C789B13
:10EFF000CB6C799BCD6C7A9BCE6C7B9BCF6C7C9BD6
:10F00000D16C7D9BD26C7E9BD86C809BD96C819B94
:10F01000DA6C829BDC6C839BDD6C849BDF6C859B54
:10F02000E46C869BE66C879BE76C889BE96C899B0C
:10F03000EC6C8A9BED6C8B9BF26C8C9BF46C8D9BC7
:10F04000F96C8E9BFF6C8F9B006D909B026D919B6A
:10F05000036D929B056D939B066D949B086D959B2C
:10F06000096D969B0A6D979B0D6D989B0F6D999BF3
:10F07000106D9A9B116D9B9B136D9C9B146D9D9BBA
:10F08000156D9E9B166D9F9B186DA09B1C6DA19B83
:10F090001D6DA29B1F6DA39B206DA49B216DA59B45
:10F0A000226DA69B236DA79B246DA89B266DA99B13
:10F0B000286DAA9B296DAB9B2C6DAC9B2D6DAD9BD8
:10F0C0002F6DAE9B306DAF9B346DB09B366DB19B99
:10F0D000376DB29B386DB39B3A6DB49B3F6DB59B5A
:10F0E000406DB69B426DB79B446DB89B496DB99B13
:10F0F0004C6DBA9B506DBB9B556DBC9B566DBD9BBB
:10F10000576DBE9B586DBF9B5B6DC09B5D6DC19B7A
:10F110005F6DC29B616DC39B626DC49B646DC59B3B
:10F12000656DC69B676DC79B686DC89B6B6DC99B02
:10F130006C6DCA9B6D6DCB9B706DCC9B716DCD9BC7
:10F14000726DCE9B736DCF9B756DD09B766DD19B91
:10F15000796DD29B7A6DD39B7B6DD49B7D6DD59B56
:10F160007E6DD69B7F6DD79B806DD89B816DD99B23
:10F17000836DDA9B846DDB9B866DDC9B876DDD9BED
:10F180008A6DDE9B8B6DDF9B8D6DE09B8F6DE19BB0
:10F19000906DE29B926DE39B966DE49B976DE59B72
:10F1A000986DE69B996DE79B9A6DE89B9C6DE99B3A
:10F1B000A26DEA9BA56DEB9BAC6DEC9BAD6DED9BE1
:10F1C000B06DEE9BB16DEF9BB36DF09BB46DF19B99
:10F1D000B66DF29BB76DF39BB96DF49BBA6DF59B61
:10F1E000BB6DF69BBC6DF79BBD6DF89BBE6DF99B2F
:10F1F000C16DFA9BC26DFB9BC36DFC9BC86DFD9BF3
:10F20000C96DFE9BCA6D409CCD6D419CCE6D429CEC
:10F21000CF6D439CD06D449CD26D459CD36D469C74
:10F22000D46D479CD56D489CD76D499CDA6D4A9C3E
:10F23000DB6D4B9CDC6D4C9CDF6D4D9CE26D4E9C00
:10F24000E36D4F9CE56D509CE76D519CE86D529CC1
:10F25000E96D539CEA6D549CED6D559CEF6D569C89
:10F26000F06D579CF26D589CF46D599CF56D5A9C4D
:10F27000F66D5B9CF86D5C9CFA6D5D9CFD6D5E9C13
:10F28000FE6D5F9CFF6D609C006E619C016E629CD8
:10F29000026E639C036E649C046E659C066E669CA5
:10F2A000076E679C086E689C096E699C0B6E6A9C71
:10F2B0000F6E6B9C126E6C9C136E6D9C156E6E9C2B
:10F2C000186E6F9C196E709C1B6E719C1C6E729CEC
:10F2D0001E6E739C1F6E749C226E759C266E769CAF
:10F2E000276E779C286E789C2A6E799C2C6E7A9C6F
:10F2F0002E6E7B9C306E7C9C316E7D9C336E7E9C32
:10F30000356E809C366E819C376E829C396E839CF4
:10F310003B6E849C3C6E859C3D6E869C3E6E879CBD
:10F320003F6E889C406E899C416E8A9C426E8B9C8D
:10F33000456E8C9C466E8D9C476E8E9C486E8F9C55
:10F34000496E909C4A6E919C4B6E929C4C6E939C25
:10F350004F6E949C506E959C516E969C526E979CED
:10F36000556E989C576E999C596E9A9C5A6E9B9CB0
:10F370005C6E9C9C5D6E9D9C5E6E9E9C606E9F9C78
:10F38000616EA09C626EA19C636EA29C646EA39C45
:10F39000656EA49C666EA59C676EA69C686EA79C15
:10F3A000696EA89C6A6EA99C6C6EAA9C6D6EAB9CE3
:10F3B0006F6EAC9C706EAD9C716EAE9C726EAF9CAD
:10F3C000736EB09C746EB19C756EB29C766EB39C7D
:10F3D000776EB49C786EB59C796EB69C7A6EB79C4D
:10F3E0007B6EB89C7C6EB99C7D6EBA9C806EBB9C1B
:10F3F000816EBC9C826EBD9C846EBE9C876EBF9CE1
:10F40000886EC09C8A6EC19C8B6EC29C8C6EC39CA5
:10F410008D6EC49C8E6EC59C916EC69C926EC79C70
:10F42000936EC89C946EC99C956ECA9C966ECB9C3C
:10F43000976ECC9C996ECD9C9A6ECE9C9B6ECF9C09
:10F440009D6ED09C9E6ED19CA06ED29CA16ED39CD2
:10F45000A36ED49CA46ED59CA66ED69CA86ED79C99
:10F46000A96ED89CAB6ED99CAC6EDA9CAD6EDB9C61
:10F47000AE6EDC9CB06EDD9CB36EDE9CB56EDF9C28
:10F48000B86EE09CB96EE19CBC6EE29CBE6EE39CE3
:10F49000BF6EE49CC06EE59CC36EE69CC46EE79CA8
:10F4A000C56EE89CC66EE99CC86EEA9CC96EEB9C72
:10F4B000CA6EEC9CCC6EED9CCD6EEE9CCE6EEF9C3D
:10F4C000D06EF09CD26EF19CD66EF29CD86EF39CFE
:10F4D000D96EF49CDB6EF59CDC6EF69CDD6EF79CC1
:10F4E000E36EF89CE76EF99CEA6EFA9CEB6EFB9C6F
:10F4F000EC6EFC9CED6EFD9CEE6EFE9CEF6E409DF6
:10F50000F06E419DF16E429DF26E439DF36E449DFF
:10F51000F56E459DF66E469DF76E479DF86E489DCB
:10F52000FA6E499DFB6E4A9DFC6E4B9DFD6E4C9D97
:10F53000FE6E4D9DFF6E4E9D006F4F9D016F509D65
:10F54000036F519D046F529D056F539D076F549D2E
:10F55000086F559D0A6F569D0B6F579D0C6F589DF8
:10F560000D6F599D0E6F5A9D106F5B9D116F5C9DC5
:10F57000126F5D9D166F5E9D176F5F9D186F609D8A
:10F58000196F619D1A6F629D1B6F639D1C6F649D57
:10F590001D6F659D1E6F669D1F6F679D216F689D26
:10F5A000226F699D236F6A9D256F6B9D266F6C9DF1
:10F5B000276F6D9D286F6E9D2C6F6F9D2E6F709DB8
:10F5C000306F719D326F729D346F739D356F749D76
:10F5D000376F759D386F769D396F779D3A6F789D3F
:10F5E0003B6F799D3C6F7A9D3D6F7B9D3F6F7C9D0E
:10F5F000406F7D9D416F7E9D426F809D436F819DD9
:10F60000446F829D456F839D486F849D496F859DA2
:10F610004A6F869D4C6F879D4E6F889D4F6F899D69
:10F62000506F8A9D516F8B9D526F8C9D536F8D9D36
:10F63000546F8E9D556F8F9D566F909D576F919D06
:10F64000596F929D5A6F939D5B6F949D5D6F959DD1
:10F650005F6F969D606F979D616F989D636F999D99
:10F66000646F9A9D656F9B9D676F9C9D686F9D9D64
:10F67000696F9E9D6A6F9F9D6B6FA09D6C6FA19D32
:10F680006F6FA29D706FA39D716FA49D736FA59DF9
:10F69000756FA69D766FA79D776FA89D796FA99DC1
:10F6A0007B6FAA9D7D6FAB9D7E6FAC9D7F6FAD9D87
:10F6B000806FAE9D816FAF9D826FB09D836FB19D56
:10F6C000856FB29D866FB39D876FB49D8A6FB59D20
:10F6D0008B6FB69D8F6FB79D906FB89D916FB99DE1
:10F6E000926FBA9D936FBB9D946FBC9D956FBD9DAE
:10F6F000966FBE9D976FBF9D986FC09D996FC19D7E
:10F700009A6FC29D9B6FC39D9D6FC49D9E6FC59D4B
:10F710009F6FC69DA06FC79DA26FC89DA36FC99D17
:10F72000A46FCA9DA56FCB9DA66FCC9DA86FCD9DE4
:10F73000A96FCE9DAA6FCF9DAB6FD09DAC6FD19DB1
:10F74000AD6FD29DAE6FD39DAF6FD49DB06FD59D81
:10F75000B16FD69DB26FD79DB46FD89DB56FD99D4F
:10F76000B76FDA9DB86FDB9DBA6FDC9DBB6FDD9D17
:10F77000BC6FDE9DBD6FDF9DBE6FE09DBF6FE19DE5
:10F78000C16FE29DC36FE39DC46FE49DC56FE59DAE
:10F79000C66FE69DC76FE79DC86FE89DCA6FE99D7C
:10F7A000CB6FEA9DCC6FEB9DCD6FEC9DCE6FED9D49
:10F7B000CF6FEE9DD06FEF9DD36FF09DD46FF19D15
:10F7C000D56FF29DD66FF39DD76FF49DD86FF59DE1
:10F7D000D96FF69DDA6FF79DDB6FF89DDC6FF99DB1
:10F7E000DD6FFA9DDF6FFB9DE26FFC9DE36FFD9D7A
:10F7F000E46FFE9DE56F409EE66F419EE76F429E7F
:10F80000E86F439EE96F449EEA6F459EEB6F469E0C
:10F81000EC6F479EED6F489EF06F499EF16F4A9ED8
:10F82000F26F4B9EF36F4C9EF46F4D9EF56F4E9EA4
:10F83000F66F4F9EF76F509EF86F519EF96F529E74
:10F84000FA6F539EFB6F549EFC6F559EFD6F569E44
:10F85000FE6F579EFF6F589E0070599E01705A9E12
:10F8600002705B9E03705C9E04705D9E05705E9EE0
:10F8700006705F9E0770609E0870619E0970629EB0
:10F880000A70639E0B70649E0C70659E0D70669E80
:10F890000E70679E0F70689E1070699E12706A9E4F
:10F8A00013706B9E14706C9E15706D9E16706E9E1C
:10F8B00017706F9E1870709E1970719E1C70729EEA
:10F8C0001D70739E1E70749E1F70759E2070769EB4
:10F8D0002170779E2270789E2470799E25707A9E82
:10F8E00026707B9E27707C9E28707D9E29707E9E50
:10F8F0002A70809E2B70819E2C70829E2D70839E1C
:10F900002E70849E2F70859E3070869E3170879EEB
:10F910003270889E3370899E34708A9E36708B9EBA
:10F9200037708C9E38708D9E3A708E9E3B708F9E85
:10F930003C70909E3D70919E3E70929E3F70939E53
:10F940004070949E4170959E4270969E4370979E23
:10F950004470989E4570999E46709A9E47709B9EF3
:10F9600048709C9E49709D9E4A709E9E4B709F9EC3
:10F970004D70A09E4E70A19E5070A29E5170A39E8D
:10F980005270A49E5370A59E5470A69E5570A79E5B
:10F990005670A89E5770A99E5870AA9E5970AB9E2B
:10F9A0005A70AC9E5B70AD9E5C70AE9E5D70AF9EFB
:10F9B0005F70B09E6070B19E6170B29E6270B39EC7
:10F9C0006370B49E6470B59E6570B69E6670B79E97
:10F9D0006770B89E6870B99E6970BA9E6A70BB9E67
:10F9E0006E70BC9E7170BD9E7270BE9E7370BF9E25
:10F9F0007470C09E7770C19E7970C29E7A70C39EEB
:10FA00007B70C49E7D70C59E8170C69E8270C79EAD
:10FA10008370C89E8470C99E8670CA9E8770CB9E74
:10FA20008870CC9E8B70CD9E8C70CE9E8D70CF9E3C
:10FA30008F70D09E9070D19E9170D29E9370D39E05
:10FA40009770D49E9870D59E9A70D69E9B70D79EC4
:10FA50009E70D89E9F70D99EA070DA9EA170DB9E8A
:10FA6000A270DC9EA370DD9EA470DE9EA570DF9E5A
:10FA7000A670E09EA770E19EA870E29EA970E39E2A
:10FA8000AA70E49EB070E59EB270E69EB470E79EE8
:10FA9000B570E89EB670E99EBA70EA9EBE70EB9EA5
:10FAA000BF70EC9EC470ED9EC570EE9EC670EF9E5A
:10FAB000C770F09EC970F19ECB70F29ECC70F39E21
:10FAC000CD70F49ECE70F59ECF70F69ED070F79EEE
:10FAD000D170F89ED270F99ED370FA9ED470FB9EBE
:10FAE000D570FC9ED670FD9ED770FE9EDA70409F4A
:10FAF000DC70419FDD70429FDE70439FE070449F49
:10FB0000E170459FE270469FE370479FE570489F14
:10FB1000EA70499FEE704A9FF0704B9FF1704C9FC6
:10FB2000F2704D9FF3704E9FF4704F9FF570509F91
:10FB3000F670519FF870529FFA70539FFB70549F5C
:10FB4000FC70559FFE70569FFF70579F0071589F25
:10FB50000171599F02715A9F03715B9F04715C9FF1
:10FB600005715D9F06715E9F07715F9F0871609FC1
:10FB70000B71619F0C71629F0D71639F0E71649F89
:10FB80000F71659F1171669F1271679F1471689F55
:10FB90001771699F1B716A9F1C716B9F1D716C9F10
:10FBA0001E716D9F1F716E9F20716F9F2171709FDD
:10FBB0002271719F2371729F2471739F2571749FAD
:10FBC0002771759F2871769F2971779F2A71789F79
:10FBD0002B71799F2C717A9F2D717B9F2E717C9F49
:10FBE00032717D9F33717E9F3471809F3571819F0B
:10FBF0003771829F3871839F3971849F3A71859FD5
:10FC00003B71869F3C71879F3D71889F3E71899FA4
:10FC10003F718A9F40718B9F41718C9F42718D9F74
:10FC200043718E9F44718F9F4671909F4771919F42
:10FC30004871929F4971939F4B71949F4D71959F0D
:10FC40004F71969F5071979F5171989F5271999FD4
:10FC500053719A9F54719B9F55719C9F56719D9FA4
:10FC600057719E9F58719F9F5971A09F5A71A19F74
:10FC70005B71A29F5D71A39F5F71A49F6071A59F3F
:10FC80006171A69F6271A79F6371A89F6571A99F0B
:10FC90006971AA9F6A71AB9F6B71AC9F6C71AD9FCC
:10FCA0006D71AE9F6F71AF9F7071B09F7171B19F99
:10FCB0007471B29F7571B39F7671B49F7771B59F60
:10FCC0007971B69F7B71B79F7C71B89F7E71B99F28
:10FCD0007F71BA9F8071BB9F8171BC9F8271BD9FF4
:10FCE0008371BE9F8571BF9F8671C09F8771C19FC1
:10FCF0008871C29F8971C39F8B71C49F8C71C59F8E
:10FD00008D71C69F8E71C79F9071C89F9171C99F59
:10FD10009271CA9F9371CB9F9571CC9F9671CD9F25
:10FD20009771CE9F9A71CF9F9B71D09F9C71D19FED
:10FD30009D71D29F9E71D39FA171D49FA271D59FB7
:10FD4000A371D69FA471D79FA571D89FA671D99F83
:10FD5000A771DA9FA971DB9FAA71DC9FAB71DD9F50
:10FD6000AD71DE9FAE71DF9FAF71E09FB071E19F1B
:10FD7000B171E29FB271E39FB471E49FB671E59FE8
:10FD8000B771E69FB871E79FBA71E89FBB71E99FB1
:10FD9000BC71EA9FBD71EB9FBE71EC9FBF71ED9F7F
:10FDA000C071EE9FC171EF9FC271F09FC471F19F4E
:10FDB000C571F29FC671F39FC771F49FC871F59F1B
:10FDC000C971F69FCA71F79FCB71F89FCC71F99FEB
:10FDD000CD71FA9FCF71FB9FD071FC9FD171FD9FB8
:10FDE000D271FE9FD37140A0D67141A0D77142A0BD
:10FDF000D87143A0D97144A0DA7145A0DB7146A047
:10FE0000DC7147A0DD7148A0DE7149A0DF714AA016
:10FE1000E1714BA0E2714CA0E3714DA0E4714EA0E2
:10FE2000E6714FA0E87150A0E97151A0EA7152A0AB
:10FE3000EB7153A0EC7154A0ED7155A0EF7156A079
:10FE4000F07157A0F17158A0F27159A0F3715AA046
:10FE5000F4715BA0F5715CA0F6715DA0F7715EA016
:10FE6000F8715FA0FA7160A0FB7161A0FC7162A0E3
:10FE7000FD7163A0FE7164A0FF7165A0007266A0B1
:10FE8000017267A0027268A0037269A004726AA07E
:10FE900005726BA007726CA008726DA009726EA04B
:10FEA0000A726FA00B7270A00C7271A00D7272A01A
:10FEB0000E7273A00F7274A0107275A0117276A0EA
:10FEC000127277A0137278A0147279A015727AA0BA
:10FED00016727BA017727CA018727DA019727EA08A
:10FEE0001A7280A01B7281A01C7282A01E7283A055
:10FEF0001F7284A0207285A0217286A0227287A022
:10FF0000237288A0247289A025728AA026728BA0F1
:10FF100027728CA029728DA02B728EA02D728FA0BB
:10FF20002E7290A02F7291A0327292A0337293A081
:10FF3000347294A03A7295A03C7296A03E7297A03B
:10FF4000407298A0417299A042729AA043729BA0FD
:10FF500044729CA045729DA046729EA049729FA0CB
:10FF60004A72A0A04B72A1A04E72A2A04F72A3A091
:10FF70005072A4A05172A5A05372A6A05472A7A05B
:10FF80005572A8A05772A9A05872AAA05A72ABA025
:10FF90005C72ACA05E72ADA06072AEA06372AFA0E6
:10FFA0006472B0A06572B1A06872B2A06A72B3A0A8
:10FFB0006B72B4A06C72B5A06D72B6A07072B7A06F
:10FFC0007172B8A07372B9A07472BAA07672BBA035
:10FFD0007772BCA07872BDA07B72BEA07C72BFA0FD
:10FFE0007D72C0A08272C1A08372C2A08572C3A0BC
:10FFF0008672C4A08772C5A08872C6A08972C7A085
:020000040803EF
:100000008C72C8A08E72C9A09072CAA09172CBA047
:100010009372CCA09472CDA09572CEA09672CFA010
:100020009772D0A09872D1A09972D2A09A72D3A0E0
:100030009B72D4A09C72D5A09D72D6A09E72D7A0B0
:10004000A072D8A0A172D9A0A272DAA0A372DBA07C
:10005000A472DCA0A572DDA0A672DEA0A772DFA04C
:10006000A872E0A0A972E1A0AA72E2A0AB72E3A01C
:10007000AE72E4A0B172E5A0B272E6A0B372E7A0DE
:10008000B572E8A0BA72E9A0BB72EAA0BC72EBA09C
:10009000BD72ECA0BE72EDA0BF72EEA0C072EFA068
:1000A000C572F0A0C672F1A0C772F2A0C972F3A027
:1000B000CA72F4A0CB72F5A0CC72F6A0CF72F7A0F2
:1000C000D172F8A0D372F9A0D472FAA0D572FBA0B5
:1000D000D672FCA0D872FDA0DA72FEA0DB72A1A1DC
:1000E0000030A2A10130A3A10230A4A1B700A5A1B4
:1000F000C902A6A1C702A7A1A800A8A10330A9A16F
:100100000530AAA11420ABA15EFFACA11620ADA1C1
:100110002620AEA11820AFA11920B0A11C20B1A1AA
:100120001D20B2A11430B3A11530B4A10830B5A17F
:100130000930B6A10A30B7A10B30B8A10C30B9A173
:100140000D30BAA10E30BBA10F30BCA11630BDA13D
:100150001730BEA11030BFA11130C0A1B100C1A1A4
:10016000D700C2A1F700C3A13622C4A12722C5A18E
:100170002822C6A11122C7A10F22C8A12A22C9A1E3
:100180002922CAA10822CBA13722CCA11A22CDA1B3
:10019000A522CEA12522CFA12022D0A11223D1A118
:1001A0009922D2A12B22D3A12E22D4A16122D5A1A2
:1001B0004C22D6A14822D7A13D22D8A11D22D9A1E7
:1001C0006022DAA16E22DBA16F22DCA16422DDA114
:1001D0006522DEA11E22DFA13522E0A13422E1A1A9
:1001E0004226E2A14026E3A1B000E4A13220E5A12D
:1001F0003320E6A10321E7A104FFE8A1A400E9A1BF
:10020000E0FFEAA1E1FFEBA13020ECA1A700EDA106
:100210001621EEA10626EFA10526F0A1CB25F1A11E
:10022000CF25F2A1CE25F3A1C725F4A1C625F5A1BE
:10023000A125F6A1A025F7A1B325F8A1B225F9A122
:100240003B20FAA19221FBA19021FCA19121FDA1CB
:100250009321FEA11330A1A27021A2A27121A3A219
:100260007221A4A27321A5A27421A6A27521A7A21E
:100270007621A8A27721A9A27821AAA27921B1A2E8
:100280008824B2A28924B3A28A24B4A28B24B5A262
:100290008C24B6A28D24B7A28E24B8A28F24B9A232
:1002A0009024BAA29124BBA29224BCA29324BDA202
:1002B0009424BEA29524BFA29624C0A29724C1A2D2
:1002C0009824C2A29924C3A29A24C4A29B24C5A2A2
:1002D0007424C6A27524C7A27624C8A27724C9A212
:1002E0007824CAA27924CBA27A24CCA27B24CDA2E2
:1002F0007C24CEA27D24CFA27E24D0A27F24D1A2B2
:100300008024D2A28124D3A28224D4A28324D5A281
:100310008424D6A28524D7A28624D8A28724D9A251
:100320006024DAA26124DBA26224DCA26324DDA2C1
:100330006424DEA26524DFA26624E0A26724E1A291
:100340006824E2A26924E5A22032E6A22132E7A2D3
:100350002232E8A22332E9A22432EAA22532EBA219
:100360002632ECA22732EDA22832EEA22932F1A2E7
:100370006021F2A26121F3A26221F4A26321F5A21D
:100380006421F6A26521F7A26621F8A26721F9A2ED
:100390006821FAA26921FBA26A21FCA26B21A1A318
:1003A00001FFA2A302FFA3A303FFA4A3E5FFA5A34C
:1003B00005FFA6A306FFA7A307FFA8A308FFA9A3FD
:1003C00009FFAAA30AFFABA30BFFACA30CFFADA3CD
:1003D0000DFFAEA30EFFAFA30FFFB0A310FFB1A39D
:1003E00011FFB2A312FFB3A313FFB4A314FFB5A36D
:1003F00015FFB6A316FFB7A317FFB8A318FFB9A33D
:1004000019FFBAA31AFFBBA31BFFBCA31CFFBDA30C
:100410001DFFBEA31EFFBFA31FFFC0A320FFC1A3DC
:1004200021FFC2A322FFC3A323FFC4A324FFC5A3AC
:1004300025FFC6A326FFC7A327FFC8A328FFC9A37C
:1004400029FFCAA32AFFCBA32BFFCCA32CFFCDA34C
:100450002DFFCEA32EFFCFA32FFFD0A330FFD1A31C
:1004600031FFD2A332FFD3A333FFD4A334FFD5A3EC
:1004700035FFD6A336FFD7A337FFD8A338FFD9A3BC
:1004800039FFDAA33AFFDBA33BFFDCA33CFFDDA38C
:100490003DFFDEA33EFFDFA33FFFE0A340FFE1A35C
:1004A00041FFE2A342FFE3A343FFE4A344FFE5A32C
:1004B00045FFE6A346FFE7A347FFE8A348FFE9A3FC
:1004C00049FFEAA34AFFEBA34BFFECA34CFFEDA3CC
:1004D0004DFFEEA34EFFEFA34FFFF0A350FFF1A39C
:1004E00051FFF2A352FFF3A353FFF4A354FFF5A36C
:1004F00055FFF6A356FFF7A357FFF8A358FFF9A33C
:1005000059FFFAA35AFFFBA35BFFFCA35CFFFDA30B
:100510005DFFFEA3E3FFA1A44130A2A44230A3A447
:100520004330A4A44430A5A44530A6A44630A7A4D3
:100530004730A8A44830A9A44930AAA44A30ABA4A3
:100540004B30ACA44C30ADA44D30AEA44E30AFA473
:100550004F30B0A45030B1A45130B2A45230B3A443
:100560005330B4A45430B5A45530B6A45630B7A413
:100570005730B8A45830B9A45930BAA45A30BBA4E3
:100580005B30BCA45C30BDA45D30BEA45E30BFA4B3
:100590005F30C0A46030C1A46130C2A46230C3A483
:1005A0006330C4A46430C5A46530C6A46630C7A453
:1005B0006730C8A46830C9A46930CAA46A30CBA423
:1005C0006B30CCA46C30CDA46D30CEA46E30CFA4F3
:1005D0006F30D0A47030D1A47130D2A47230D3A4C3
:1005E0007330D4A47430D5A47530D6A47630D7A493
:1005F0007730D8A47830D9A47930DAA47A30DBA463
:100600007B30DCA47C30DDA47D30DEA47E30DFA432
:100610007F30E0A48030E1A48130E2A48230E3A402
:100620008330E4A48430E5A48530E6A48630E7A4D2
:100630008730E8A48830E9A48930EAA48A30EBA4A2
:100640008B30ECA48C30EDA48D30EEA48E30EFA472
:100650008F30F0A49030F1A49130F2A49230F3A442
:100660009330A1A5A130A2A5A230A3A5A330A4A533
:10067000A430A5A5A530A6A5A630A7A5A730A8A5F6
:10068000A830A9A5A930AAA5AA30ABA5AB30ACA5C6
:10069000AC30ADA5AD30AEA5AE30AFA5AF30B0A596
:1006A000B030B1A5B130B2A5B230B3A5B330B4A566
:1006B000B430B5A5B530B6A5B630B7A5B730B8A536
:1006C000B830B9A5B930BAA5BA30BBA5BB30BCA506
:1006D000BC30BDA5BD30BEA5BE30BFA5BF30C0A5D6
:1006E000C030C1A5C130C2A5C230C3A5C330C4A5A6
:1006F000C430C5A5C530C6A5C630C7A5C730C8A576
:10070000C830C9A5C930CAA5CA30CBA5CB30CCA545
:10071000CC30CDA5CD30CEA5CE30CFA5CF30D0A515
:10072000D030D1A5D130D2A5D230D3A5D330D4A5E5
:10073000D430D5A5D530D6A5D630D7A5D730D8A5B5
:10074000D830D9A5D930DAA5DA30DBA5DB30DCA585
:10075000DC30DDA5DD30DEA5DE30DFA5DF30E0A555
:10076000E030E1A5E130E2A5E230E3A5E330E4A525
:10077000E430E5A5E530E6A5E630E7A5E730E8A5F5
:10078000E830E9A5E930EAA5EA30EBA5EB30ECA5C5
:10079000EC30EDA5ED30EEA5EE30EFA5EF30F0A595
:1007A000F030F1A5F130F2A5F230F3A5F330F4A565
:1007B000F430F5A5F530F6A5F630A1A69103A2A672
:1007C0009203A3A69303A4A69403A5A69503A6A6A5
:1007D0009603A7A69703A8A69803A9A69903AAA675
:1007E0009A03ABA69B03ACA69C03ADA69D03AEA645
:1007F0009E03AFA69F03B0A6A003B1A6A103B2A615
:10080000A303B3A6A403B4A6A503B5A6A603B6A6E0
:10081000A703B7A6A803B8A6A903C1A6B103C2A699
:10082000B203C3A6B303C4A6B403C5A6B503C6A644
:10083000B603C7A6B703C8A6B803C9A6B903CAA614
:10084000BA03CBA6BB03CCA6BC03CDA6BD03CEA6E4
:10085000BE03CFA6BF03D0A6C003D1A6C103D2A6B4
:10086000C303D3A6C403D4A6C503D5A6C603D6A680
:10087000C703D7A6C803D8A6C903E0A635FEE1A6DC
:1008800036FEE2A639FEE3A63AFEE4A63FFEE5A662
:1008900040FEE6A63DFEE7A63EFEE8A641FEE9A62E
:1008A00042FEEAA643FEEBA644FEEEA63BFEEFA602
:1008B0003CFEF0A637FEF1A638FEF2A631FEF4A605
:1008C00033FEF5A634FEA1A71004A2A71104A3A726
:1008D0001204A4A71304A5A71404A6A71504A7A788
:1008E0000104A8A71604A9A71704AAA71804ABA770
:1008F0001904ACA71A04ADA71B04AEA71C04AFA72C
:100900001D04B0A71E04B1A71F04B2A72004B3A7FB
:100910002104B4A72204B5A72304B6A72404B7A7CB
:100920002504B8A72604B9A72704BAA72804BBA79B
:100930002904BCA72A04BDA72B04BEA72C04BFA76B
:100940002D04C0A72E04C1A72F04D1A73004D2A71D
:100950003104D3A73204D4A73304D5A73404D6A7CF
:100960003504D7A75104D8A73604D9A73704DAA786
:100970003804DBA73904DCA73A04DDA73B04DEA773
:100980003C04DFA73D04E0A73E04E1A73F04E2A743
:100990004004E3A74104E4A74204E5A74304E6A713
:1009A0004404E7A74504E8A74604E9A74704EAA7E3
:1009B0004804EBA74904ECA74A04EDA74B04EEA7B3
:1009C0004C04EFA74D04F0A74E04F1A74F0440A834
:1009D000CA0241A8CB0242A8D90243A8132044A8C6
:1009E000152045A8252046A8352047A8052148A858
:1009F000092149A896214AA897214BA898214CA8DB
:100A000099214DA815224EA81F224FA8232250A895
:100A1000522251A8662252A8672253A8BF2254A886
:100A2000502555A8512556A8522557A8532558A8F2
:100A3000542559A855255AA856255BA857255CA8C2
:100A400058255DA859255EA85A255FA85B2560A892
:100A50005C2561A85D2562A85E2563A85F2564A862
:100A6000602565A8612566A8622567A8632568A832
:100A7000642569A865256AA866256BA867256CA802
:100A800068256DA869256EA86A256FA86B2570A8D2
:100A90006C2571A86D2572A86E2573A86F2574A8A2
:100AA000702575A8712576A8722577A8732578A872
:100AB000812579A882257AA883257BA884257CA80E
:100AC00085257DA886257EA8872580A8882581A8DC
:100AD000892582A88A2583A88B2584A88C2585A8AA
:100AE0008D2586A88E2587A88F2588A8932589A877
:100AF00094258AA895258BA8BC258CA8BD258DA8F2
:100B0000E2258EA8E3258FA8E42590A8E52591A8E5
:100B1000092692A8952293A8123094A81D3095A872
:100B20001E30A1A80101A2A8E100A3A8CE01A4A89B
:100B3000E000A5A81301A6A8E900A7A81B01A8A882
:100B4000E800A9A82B01AAA8ED00ABA8D001ACA889
:100B5000EC00ADA84D01AEA8F300AFA8D201B0A83B
:100B6000F200B1A86B01B2A8FA00B3A8D401B4A8EE
:100B7000F900B5A8D601B6A8D801B7A8DA01B8A877
:100B8000DC01B9A8FC00BAA8EA00BBA85102BDA8C4
:100B90004401BEA84801C0A86102C5A80531C6A885
:100BA0000631C7A80731C8A80831C9A80931CAA8A1
:100BB0000A31CBA80B31CCA80C31CDA80D31CEA871
:100BC0000E31CFA80F31D0A81031D1A81131D2A841
:100BD0001231D3A81331D4A81431D5A81531D6A811
:100BE0001631D7A81731D8A81831D9A81931DAA8E1
:100BF0001A31DBA81B31DCA81C31DDA81D31DEA8B1
:100C00001E31DFA81F31E0A82031E1A82131E2A880
:100C10002231E3A82331E4A82431E5A82531E6A850
:100C20002631E7A82731E8A82831E9A8293140A9C9
:100C3000213041A9223042A9233043A9243044A9BC
:100C4000253045A9263046A9273047A9283048A98C
:100C5000293049A9A3324AA98E334BA98F334CA915
:100C60009C334DA99D334EA99E334FA9A13350A962
:100C7000C43351A9CE3352A9D13353A9D23354A985
:100C8000D53355A930FE56A9E2FF57A9E4FF59A96B
:100C900021215AA931325CA9102060A9FC3061A938
:100CA0009B3062A99C3063A9FD3064A9FE3065A920
:100CB000063066A99D3067A99E3068A949FE69A9DA
:100CC0004AFE6AA94BFE6BA94CFE6CA94DFE6DA9AC
:100CD0004EFE6EA94FFE6FA950FE70A951FE71A97C
:100CE00052FE72A954FE73A955FE74A956FE75A949
:100CF00057FE76A959FE77A95AFE78A95BFE79A915
:100D00005CFE7AA95DFE7BA95EFE7CA95FFE7DA9E3
:100D100060FE7EA961FE80A962FE81A963FE82A9B0
:100D200064FE83A965FE84A966FE85A968FE86A97E
:100D300069FE87A96AFE88A96BFE96A90730A4A957
:100D40000025A5A90125A6A90225A7A90325A8A9CB
:100D50000425A9A90525AAA90625ABA90725ACA99B
:100D60000825ADA90925AEA90A25AFA90B25B0A96B
:100D70000C25B1A90D25B2A90E25B3A90F25B4A93B
:100D80001025B5A91125B6A91225B7A91325B8A90B
:100D90001425B9A91525BAA91625BBA91725BCA9DB
:100DA0001825BDA91925BEA91A25BFA91B25C0A9AB
:100DB0001C25C1A91D25C2A91E25C3A91F25C4A97B
:100DC0002025C5A92125C6A92225C7A92325C8A94B
:100DD0002425C9A92525CAA92625CBA92725CCA91B
:100DE0002825CDA92925CEA92A25CFA92B25D0A9EB
:100DF0002C25D1A92D25D2A92E25D3A92F25D4A9BB
:100E00003025D5A93125D6A93225D7A93325D8A98A
:100E10003425D9A93525DAA93625DBA93725DCA95A
:100E20003825DDA93925DEA93A25DFA93B25E0A92A
:100E30003C25E1A93D25E2A93E25E3A93F25E4A9FA
:100E40004025E5A94125E6A94225E7A94325E8A9CA
:100E50004425E9A94525EAA94625EBA94725ECA99A
:100E60004825EDA94925EEA94A25EFA94B2540AA19
:100E7000DC7241AADD7242AADF7243AAE27244AA7E
:100E8000E37245AAE47246AAE57247AAE67248AA46
:100E9000E77249AAEA724AAAEB724BAAF5724CAA07
:100EA000F6724DAAF9724EAAFD724FAAFE7250AAAE
:100EB000FF7251AA007352AA027353AA047354AA70
:100EC000057355AA067356AA077357AA087358AA3A
:100ED000097359AA0B735AAA0C735BAA0D735CAA07
:100EE0000F735DAA10735EAA11735FAA127360AAD2
:100EF000147361AA187362AA197363AA1A7364AA95
:100F00001F7365AA207366AA237367AA247368AA4D
:100F1000267369AA27736AAA28736BAA2D736CAA11
:100F20002F736DAA30736EAA32736FAA337370AACF
:100F3000357371AA367372AA3A7373AA3B7374AA93
:100F40003C7375AA3D7376AA407377AA417378AA59
:100F5000427379AA43737AAA44737BAA45737CAA25
:100F600046737DAA47737EAA487380AA497381AAF3
:100F70004A7382AA4B7383AA4C7384AA4E7385AAC0
:100F80004F7386AA517387AA537388AA547389AA88
:100F900055738AAA56738BAA58738CAA59738DAA53
:100FA0005A738EAA5B738FAA5C7390AA5D7391AA21
:100FB0005E7392AA5F7393AA617394AA627395AAEF
:100FC000637396AA647397AA657398AA667399AABD
:100FD00067739AAA68739BAA69739CAA6A739DAA8D
:100FE0006B739EAA6E739FAA7073A0AA717340ABB5
:100FF000727341AB737342AB747343AB757344ABA1
:10100000767345AB777346AB787347AB797348AB70
:101010007A7349AB7B734AAB7C734BAB7D734CAB40
:101020007F734DAB80734EAB81734FAB827350AB0C
:10103000837351AB857352AB867353AB887354ABD8
:101040008A7355AB8C7356AB8D7357AB8F7358AB9C
:10105000907359AB92735AAB93735BAB94735CAB65
:1010600095735DAB97735EAB98735FAB997360AB31
:101070009A7361AB9C7362AB9D7363AB9E7364ABFD
:10108000A07365ABA17366ABA37367ABA47368ABC6
:10109000A57369ABA6736AABA7736BABA8736CAB94
:1010A000AA736DABAC736EABAD736FABB17370AB5A
:1010B000B47371ABB57372ABB67373ABB87374AB17
:1010C000B97375ABBC7376ABBD7377ABBE7378ABDE
:1010D000BF7379ABC1737AABC3737BABC4737CABA7
:1010E000C5737DABC6737EABC77380ABCB7381AB6F
:1010F000CC7382ABCE7383ABD27384ABD37385AB2B
:10110000D47386ABD57387ABD67388ABD77389ABF3
:10111000D8738AABDA738BABDB738CABDC738DABC0
:10112000DD738EABDF738FABE17390ABE27391AB8A
:10113000E37392ABE47393ABE67394ABE87395AB54
:10114000EA7396ABEB7397ABEC7398ABEE7399AB1A
:10115000EF739AABF0739BABF1739CABF3739DABE6
:10116000F4739EABF5739FABF673A0ABF77340AC13
:10117000F87341ACF97342ACFA7343ACFB7344AC03
:10118000FC7345ACFD7346ACFE7347ACFF7348ACD3
:10119000007449AC01744AAC02744BAC04744CAC9E
:1011A00007744DAC08744EAC0B744FAC0C7450AC5F
:1011B0000D7451AC0E7452AC117453AC127454AC27
:1011C000137455AC147456AC157457AC167458ACF3
:1011D000177459AC18745AAC19745BAC1C745CACC1
:1011E0001D745DAC1E745EAC1F745FAC207460AC8B
:1011F000217461AC237462AC247463AC277464AC56
:10120000297465AC2B7466AC2D7467AC2F7468AC14
:10121000317469AC32746AAC37746BAC38746CACD2
:1012200039746DAC3A746EAC3B746FAC3D7470AC99
:101230003E7471AC3F7472AC407473AC427474AC65
:10124000437475AC447476AC457477AC467478AC32
:10125000477479AC48747AAC49747BAC4A747CAC02
:101260004B747DAC4C747EAC4D7480AC4E7481ACD0
:101270004F7482AC507483AC517484AC527485AC9E
:10128000537486AC547487AC567488AC587489AC6B
:101290005D748AAC60748BAC61748CAC62748DAC20
:1012A00063748EAC64748FAC657490AC667491ACEE
:1012B000677492AC687493AC697494AC6A7495ACBE
:1012C0006B7496AC6C7497AC6E7498AC6F7499AC8C
:1012D00071749AAC72749BAC73749CAC74749DAC56
:1012E00075749EAC78749FAC7974A0AC7A7440AD80
:1012F0007B7441AD7C7442AD7D7443AD7F7444AD6D
:10130000827445AD847446AD857447AD867448AD2E
:10131000887449AD89744AAD8A744BAD8C744CADF8
:101320008D744DAD8F744EAD91744FAD927450ADC0
:10133000937451AD947452AD957453AD967454AD8D
:10134000977455AD987456AD997457AD9A7458AD5D
:101350009B7459AD9D745AAD9F745BADA0745CAD28
:10136000A1745DADA2745EADA3745FADA47460ADF5
:10137000A57461ADA67462ADAA7463ADAB7464ADBF
:10138000AC7465ADAD7466ADAE7467ADAF7468AD89
:10139000B07469ADB1746AADB2746BADB3746CAD59
:1013A000B4746DADB5746EADB6746FADB77470AD29
:1013B000B87471ADB97472ADBB7473ADBC7474ADF7
:1013C000BD7475ADBE7476ADBF7477ADC07478ADC5
:1013D000C17479ADC2747AADC3747BADC4747CAD95
:1013E000C5747DADC6747EADC77480ADC87481AD63
:1013F000C97482ADCA7483ADCB7484ADCC7485AD31
:10140000CD7486ADCE7487ADCF7488ADD07489AD00
:10141000D1748AADD3748BADD4748CADD5748DADCD
:10142000D6748EADD7748FADD87490ADD97491AD9C
:10143000DA7492ADDB7493ADDD7494ADDF7495AD69
:10144000E17496ADE57497ADE77498ADE87499AD25
:10145000E9749AADEA749BADEB749CADEC749DADF0
:10146000ED749EADF0749FADF174A0ADF27440AE1A
:10147000F37441AEF57442AEF87443AEF97444AE01
:10148000FA7445AEFB7446AEFC7447AEFD7448AECC
:10149000FE7449AE00754AAE01754BAE02754CAE96
:1014A00003754DAE05754EAE06754FAE077550AE61
:1014B000087551AE097552AE0A7553AE0B7554AE30
:1014C0000C7555AE0E7556AE107557AE127558AEFA
:1014D000147559AE15755AAE16755BAE17755CAEC0
:1014E0001B755DAE1D755EAE1E755FAE207560AE80
:1014F000217561AE227562AE237563AE247564AE4C
:10150000267565AE277566AE2A7567AE2E7568AE10
:10151000347569AE36756AAE39756BAE3C756CAEB6
:101520003D756DAE3F756EAE41756FAE427570AE76
:10153000437571AE447572AE467573AE477574AE41
:10154000497575AE4A7576AE4D7577AE507578AE05
:10155000517579AE52757AAE53757BAE55757CAECA
:1015600056757DAE57757EAE587580AE5D7581AE91
:101570005E7582AE5F7583AE607584AE617585AE53
:10158000627586AE637587AE647588AE677589AE21
:1015900068758AAE69758BAE6B758CAE6C758DAEE9
:1015A0006D758EAE6E758FAE6F7590AE707591AEB7
:1015B000717592AE737593AE757594AE767595AE82
:1015C000777596AE7A7597AE7B7598AE7C7599AE49
:1015D0007D759AAE7E759BAE80759CAE81759DAE15
:1015E00082759EAE84759FAE8575A0AE877540AF3F
:1015F000887541AF897542AF8A7543AF8C7544AF2A
:101600008D7545AF8E7546AF907547AF937548AFF2
:10161000957549AF98754AAF9B754BAF9C754CAFAC
:101620009E754DAFA2754EAFA6754FAFA77550AF63
:10163000A87551AFA97552AFAA7553AFAD7554AF28
:10164000B67555AFB77556AFBA7557AFBB7558AFCE
:10165000BF7559AFC0755AAFC1755BAFC6755CAF8A
:10166000CB755DAFCC755EAFCE755FAFCF7560AF3C
:10167000D07561AFD17562AFD37563AFD77564AF05
:10168000D97565AFDA7566AFDC7567AFDD7568AFC4
:10169000DF7569AFE0756AAFE1756BAFE5756CAF8B
:1016A000E9756DAFEC756EAFED756FAFEE7570AF40
:1016B000EF7571AFF27572AFF37573AFF57574AF07
:1016C000F67575AFF77576AFF87577AFFA7578AFD1
:1016D000FB7579AFFD757AAFFE757BAF02767CAF97
:1016E00004767DAF06767EAF077680AF087681AF51
:1016F000097682AF0B7683AF0D7684AF0E7685AF19
:101700000F7686AF117687AF127688AF137689AFE2
:1017100014768AAF16768BAF1A768CAF1C768DAFA7
:101720001D768EAF1E768FAF217690AF237691AF68
:10173000277692AF287693AF2C7694AF2E7695AF1E
:101740002F7696AF317697AF327698AF367699AFDF
:1017500037769AAF39769BAF3A769CAF3B769DAFA2
:101760003D769EAF41769FAF4276A0AF447640B0C3
:10177000457641B0467642B0477643B0487644B0AD
:10178000497645B04A7646B04B7647B04E7648B07B
:101790004F7649B050764AB051764BB052764CB045
:1017A00053764DB055764EB057764FB0587650B010
:1017B000597651B05A7652B05B7653B05D7654B0DC
:1017C0005F7655B0607656B0617657B0627658B0A5
:1017D000647659B065765AB066765BB067765CB071
:1017E00068765DB069765EB06A765FB06C7660B040
:1017F0006D7661B06E7662B0707663B0717664B00B
:10180000727665B0737666B0747667B0757668B0D8
:10181000767669B077766AB079766BB07A766CB0A6
:101820007C766DB07F766EB080766FB0817670B06A
:10183000837671B0857672B0897673B08A7674B02B
:101840008C7675B08D7676B08F7677B0907678B0EE
:10185000927679B094767AB095767BB097767CB0B4
:1018600098767DB09A767EB09B7680B09C7681B07B
:101870009D7682B09E7683B09F7684B0A07685B048
:10188000A17686B0A27687B0A37688B0A57689B017
:10189000A6768AB0A7768BB0A8768CB0A9768DB0E4
:1018A000AA768EB0AB768FB0AC7690B0AD7691B0B4
:1018B000AF7692B0B07693B0B37694B0B57695B07B
:1018C000B67696B0B77697B0B87698B0B97699B044
:1018D000BA769AB0BB769BB0BC769CB0BD769DB014
:1018E000BE769EB0C0769FB0C176A0B0C376A1B0E0
:1018F0004A55A2B03F96A3B0C357A4B02863A5B081
:10190000CE54A6B00955A7B0C054A8B09176A9B0DE
:101910004C76AAB03C85ABB0EE77ACB07E82ADB071
:101920008D78AEB03172AFB09896B0B08D97B1B03F
:10193000286CB2B0895BB3B0FA4FB4B00963B5B0EC
:101940009766B6B0B85CB7B0FA80B8B04868B9B0BE
:10195000AE80BAB00266BBB0CE76BCB0F951BDB0B5
:101960005665BEB0AC71BFB0F17FC0B08488C1B065
:10197000B250C2B06559C3B0CA61C4B0B36FC5B08C
:10198000AD82C6B04C63C7B05262C8B0ED53C9B0A7
:101990002754CAB0067BCBB06B51CCB0A475CDB088
:1019A000F45DCEB0D462CFB0CB8DD0B07697D1B04D
:1019B0008A62D2B01980D3B05D57D4B03897D5B011
:1019C000627FD6B03872D7B07D76D8B0CF67D9B045
:1019D0007E76DAB04664DBB0704FDCB0258DDDB0CA
:1019E000DC62DEB0177ADFB09165E0B0ED73E1B094
:1019F0002C64E2B07362E3B02C82E4B08198E5B06D
:101A00007F67E6B04872E7B06E62E8B0CC62E9B0DA
:101A1000344FEAB0E374EBB04A53ECB09E52EDB0F1
:101A2000CA7EEEB0A690EFB02E5EF0B08668F1B040
:101A30009C69F2B08081F3B0D17EF4B0D268F5B089
:101A4000C578F6B08C86F7B05195F8B08D50F9B0E6
:101A5000248CFAB0DE82FBB0DE80FCB00553FDB012
:101A60001289FEB0655240B1C47641B1C77642B129
:101A7000C97643B1CB7644B1CC7645B1D37646B185
:101A8000D57647B1D97648B1DA7649B1DC764AB134
:101A9000DD764BB1DE764CB1E0764DB1E1764EB1FC
:101AA000E2764FB1E37650B1E47651B1E67652B1C9
:101AB000E77653B1E87654B1E97655B1EA7656B196
:101AC000EB7657B1EC7658B1ED7659B1F0765AB164
:101AD000F3765BB1F5765CB1F6765DB1F7765EB123
:101AE000FA765FB1FB7660B1FD7661B1FF7662B1E7
:101AF000007763B1027764B1037765B1057766B1AA
:101B0000067767B10A7768B10C7769B10E776AB169
:101B10000F776BB110776CB111776DB112776EB131
:101B200013776FB1147770B1157771B1167772B101
:101B3000177773B1187774B11B7775B11C7776B1CD
:101B40001D7777B11E7778B1217779B123777AB194
:101B500024777BB125777CB127777DB12A777EB159
:101B60002B7780B12C7781B12E7782B1307783B11A
:101B7000317784B1327785B1337786B1347787B1E5
:101B8000397788B13B7789B13D778AB13E778BB1A0
:101B90003F778CB142778DB144778EB145778FB165
:101BA000467790B1487791B1497792B14A7793B12E
:101BB0004B7794B14C7795B14D7796B14E7797B1FD
:101BC0004F7798B1527799B153779AB154779BB1C7
:101BD00055779CB156779DB157779EB158779FB195
:101BE0005977A0B15C77A1B18485A2B1F996A3B170
:101BF000DD4FA4B12158A5B17199A6B19D5BA7B1E4
:101C0000B162A8B1A562A9B1B466AAB1798CABB131
:101C10008D9CACB10672ADB16F67AEB19178AFB1CA
:101C2000B260B0B15153B1B11753B2B1888FB3B1F3
:101C3000CC80B4B11D8DB5B1A194B6B10D50B7B182
:101C4000C872B8B10759B9B1EB60BAB11971BBB17B
:101C5000AB88BCB15459BDB1EF82BEB12C67BFB1E6
:101C6000287BC0B1295DC1B1F77EC2B12D75C3B16A
:101C7000F56CC4B1668EC5B1F88FC6B13C90C7B1E2
:101C80003B9FC8B1D46BC9B11991CAB1147BCBB118
:101C90007C5FCCB1A778CDB1D684CEB13D85CFB134
:101CA000D56BD0B1D96BD1B1D66BD2B1015ED3B106
:101CB000875ED4B1F975D5B1ED95D6B15D65D7B173
:101CC0000A5FD8B1C55FD9B19F8FDAB1C158DBB116
:101CD000C281DCB17F90DDB15B96DEB1AD97DFB143
:101CE000B98FE0B1167FE1B12C8DE2B14162E3B171
:101CF000BF4FE4B1D853E5B15E53E6B1A88FE7B169
:101D0000A98FE8B1AB8FE9B14D90EAB10768EBB1AB
:101D10006A5FECB19881EDB16888EEB1D69CEFB105
:101D20008B61F0B12B52F1B12A76F2B16C5FF3B155
:101D30008C65F4B1D26FF5B1E86EF6B1BE5BF7B168
:101D40004864F8B17551F9B1B051FAB1C467FBB14B
:101D5000194EFCB1C979FDB17C99FEB1B37040B2A6
:101D60005D7741B25E7742B25F7743B2607744B24B
:101D7000647745B2677746B2697747B26A7748B207
:101D80006D7749B26E774AB26F774BB270774CB2CB
:101D900071774DB272774EB273774FB2747750B29B
:101DA000757751B2767752B2777753B2787754B26B
:101DB0007A7755B27B7756B27C7757B2817758B233
:101DC000827759B283775AB286775BB287775CB2F3
:101DD00088775DB289775EB28A775FB28B7760B2BF
:101DE0008F7761B2907762B2937763B2947764B27F
:101DF000957765B2967766B2977767B2987768B24B
:101E0000997769B29A776AB29B776BB29C776CB21A
:101E10009D776DB29E776EB2A1776FB2A37770B2E5
:101E2000A47771B2A67772B2A87773B2AB7774B2A7
:101E3000AD7775B2AE7776B2AF7777B2B17778B269
:101E4000B27779B2B4777AB2B6777BB2B7777CB231
:101E5000B8777DB2B9777EB2BA7780B2BC7781B2FB
:101E6000BE7782B2C07783B2C17784B2C27785B2BF
:101E7000C37786B2C47787B2C57788B2C67789B28E
:101E8000C7778AB2C8778BB2C9778CB2CA778DB25E
:101E9000CB778EB2CC778FB2CE7790B2CF7791B22C
:101EA000D07792B2D17793B2D27794B2D37795B2FA
:101EB000D47796B2D57797B2D67798B2D87799B2C9
:101EC000D9779AB2DA779BB2DD779CB2DE779DB292
:101ED000DF779EB2E0779FB2E177A0B2E477A1B25C
:101EE000C575A2B2765EA3B2BB73A4B2E083A5B2FD
:101EF000AD64A6B2E862A7B2B594A8B2E26CA9B28A
:101F00005A53AAB2C352ABB20F64ACB2C294ADB2D0
:101F1000947BAEB22F4FAFB21B5EB0B23682B1B27D
:101F20001681B2B28A81B3B2246EB4B2CA6CB5B2B1
:101F3000739AB6B25563B7B25C53B8B2FA54B9B239
:101F40006588BAB2E057BBB20D4EBCB2035EBDB2FB
:101F5000656BBEB23F7CBFB2E890C0B21660C1B242
:101F6000E664C2B21C73C3B2C188C4B25067C5B2C2
:101F70004D62C6B2228DC7B26C77C8B2298EC9B283
:101F8000C791CAB2695FCBB2DC83CCB22185CDB236
:101F90001099CEB2C253CFB29586D0B28B6BD1B26C
:101FA000ED60D2B2E860D3B27F70D4B2CD82D5B248
:101FB0003182D6B2D34ED7B2A76CD8B2CF85D9B2C0
:101FC000CD64DAB2D97CDBB2FD69DCB2F966DDB290
:101FD0004983DEB29553DFB2567BE0B2A74FE1B240
:101FE0008C51E2B24B6DE3B2425CE4B26D8EE5B26D
:101FF000D263E6B2C953E7B22C83E8B23683E9B2C2
:10200000E567EAB2B478EBB23D64ECB2DF5BEDB207
:10201000945CEEB2EE5DEFB2E78BF0B2C662F1B265
:10202000F467F2B27A8CF3B20064F4B2BA63F5B238
:102030004987F6B28B99F7B2178CF8B2207FF9B2C4
:10204000F294FAB2A74EFBB21096FCB2A498FDB27D
:102050000C66FEB2167340B3E67741B3E87742B33D
:10206000EA7743B3EF7744B3F07745B3F17746B3FC
:10207000F27747B3F47748B3F57749B3F7774AB3C4
:10208000F9774BB3FA774CB3FB774DB3FC774EB38C
:1020900003784FB3047850B3057851B3067852B340
:1020A000077853B3087854B30A7855B30B7856B30E
:1020B0000E7857B30F7858B3107859B313785AB3D2
:1020C00015785BB319785CB31B785DB31E785EB38B
:1020D00020785FB3217860B3227861B3247862B34B
:1020E000287863B32A7864B32B7865B32E7866B307
:1020F0002F7867B3317868B3327869B333786AB3CD
:1021000035786BB336786CB33D786DB33F786EB38A
:1021100041786FB3427870B3437871B3447872B347
:10212000467873B3487874B3497875B34A7876B310
:102130004B7877B34D7878B34F7879B351787AB3D9
:1021400053787BB354787CB358787DB359787EB399
:102150005A7880B35B7881B35C7882B35E7883B35E
:102160005F7884B3607885B3617886B3627887B32B
:10217000637888B3647889B365788AB366788BB3FB
:1021800067788CB368788DB369788EB36F788FB3C6
:10219000707890B3717891B3727892B3737893B387
:1021A000747894B3757895B3767896B3787897B356
:1021B000797898B37A7899B37B789AB37D789BB322
:1021C0007E789CB37F789DB380789EB381789FB3EF
:1021D0008278A0B38378A1B33A57A2B31D5CA3B3AE
:1021E000385EA4B37F95A5B37F50A6B3A080A7B3F4
:1021F0008253A8B35E65A9B34575AAB33155ABB395
:102200002150ACB3858DADB38462AEB39E94AFB3B1
:102210001D67B0B33256B1B36E6FB2B3E25DB3B304
:102220003554B4B39270B5B3668FB6B36F62B7B3BB
:10223000A464B8B3A363B9B37B5FBAB3886FBBB30D
:10224000F490BCB3E381BDB3B08FBEB3185CBFB331
:102250006866C0B3F15FC1B3896CC2B34896C3B3BB
:10226000818DC4B36C88C5B39164C6B3F079C7B32C
:10227000CE57C8B3596AC9B31062CAB34854CBB376
:10228000584ECCB30B7ACDB3E960CEB3846FCFB3E5
:10229000DA8BD0B37F62D1B31E90D2B38B9AD3B313
:1022A000E479D4B30354D5B3F475D6B30163D7B38B
:1022B0001953D8B3606CD9B3DF8FDAB31B5FDBB3CC
:1022C000709ADCB33B80DDB37F9FDEB3884FDFB312
:1022D0003A5CE0B3648DE1B3C57FE2B3A565E3B3D7
:1022E000BD70E4B34551E5B3B251E6B36B86E7B3D5
:1022F000075DE8B3A05BE9B3BD62EAB36C91EBB3F1
:102300007475ECB30C8EEDB3207AEEB30161EFB3CC
:10231000797BF0B3C74EF1B3F87EF2B38577F3B3B0
:10232000114EF4B3ED81F5B31D52F6B3FA51F7B384
:10233000716AF8B3A853F9B3878EFAB30495FBB367
:10234000CF96FCB3C16EFDB36496FEB35A6940B438
:10235000847841B4857842B4867843B4887844B4AC
:102360008A7845B48B7846B48F7847B4907848B46F
:10237000927849B494784AB495784BB496784CB432
:1023800099784DB49D784EB49E784FB4A07850B4EF
:10239000A27851B4A47852B4A67853B4A87854B4AF
:1023A000A97855B4AA7856B4AB7857B4AC7858B479
:1023B000AD7859B4AE785AB4AF785BB4B5785CB444
:1023C000B6785DB4B7785EB4B8785FB4BA7860B404
:1023D000BB7861B4BC7862B4BD7863B4BF7864B4D0
:1023E000C07865B4C27866B4C37867B4C47868B49A
:1023F000C67869B4C7786AB4C8786BB4CC786CB462
:10240000CD786DB4CE786EB4CF786FB4D17870B427
:10241000D27871B4D37872B4D67873B4D77874B4F0
:10242000D87875B4DA7876B4DB7877B4DC7878B4B9
:10243000DD7879B4DE787AB4DF787BB4E0787CB488
:10244000E1787DB4E2787EB4E37880B4E47881B456
:10245000E57882B4E67883B4E77884B4E97885B423
:10246000EA7886B4EB7887B4ED7888B4EE7889B4EE
:10247000EF788AB4F0788BB4F1788CB4F3788DB4BB
:10248000F5788EB4F6788FB4F87890B4F97891B482
:10249000FB7892B4FC7893B4FD7894B4FE7895B44C
:1024A000FF7896B4007997B4027998B4037999B417
:1024B00004799AB406799BB407799CB408799DB4E1
:1024C00009799EB40A799FB40B79A0B40C79A1B4B0
:1024D0004078A2B4A850A3B4D777A4B41064A5B42C
:1024E000E689A6B40459A7B4E363A8B4DD5DA9B432
:1024F0007F7AAAB43D69ABB4204FACB43982ADB495
:102500009855AEB4324EAFB4AE75B0B4977AB1B49C
:10251000625EB2B48A5EB3B4EF95B4B41B52B5B484
:102520003954B6B48A70B7B47663B8B42495B9B4E4
:102530008257BAB42566BBB43F69BCB48791BDB4B9
:102540000755BEB4F36DBFB4AF7EC0B42288C1B42A
:102550003362C2B4F07EC3B4B575C4B42883C5B4C5
:10256000C178C6B4CC96C7B49E8FC8B44861C9B40C
:10257000F774CAB4CD8BCBB4646BCCB43A52CDB43F
:10258000508DCEB4216BCFB46A80D0B47184D1B4F5
:10259000F156D2B40653D3B4CE4ED4B41B4ED5B4F8
:1025A000D151D6B4977CD7B48B91D8B4077CD9B429
:1025B000C34FDAB47F8EDBB4E17BDCB49C7ADDB44C
:1025C0006764DEB4145DDFB4AC50E0B40681E1B4FE
:1025D0000176E2B4B97CE3B4EC6DE4B4E07FE5B439
:1025E0005167E6B4585BE7B4F85BE8B4CB78E9B47C
:1025F000AE64EAB41364EBB4AA63ECB42B63EDB439
:102600001995EEB42D64EFB4BE8FF0B4547BF1B4E1
:102610002976F2B45362F3B42759F4B44654F5B4AE
:10262000796BF6B4A350F7B43462F8B4265EF9B40B
:10263000866BFAB4E34EFBB4378DFCB48B88FDB4E3
:10264000855FFEB42E9040B50D7941B50E7942B547
:102650000F7943B5107944B5117945B5127946B56E
:10266000147947B5157948B5167949B517794AB53A
:1026700018794BB519794CB51A794DB51B794EB50A
:102680001C794FB51D7950B51F7951B5207952B5D8
:10269000217953B5227954B5237955B5257956B5A5
:1026A000267957B5277958B5287959B529795AB572
:1026B0002A795BB52B795CB52C795DB52D795EB542
:1026C0002E795FB52F7960B5307961B5317962B512
:1026D000327963B5337964B5357965B5367966B5E0
:1026E000377967B5387968B5397969B53D796AB5AB
:1026F0003F796BB542796CB543796DB544796EB568
:1027000045796FB5477970B54A7971B54B7972B52E
:102710004C7973B54D7974B54E7975B54F7976B5F9
:10272000507977B5517978B5527979B554797AB5C8
:1027300055797BB558797CB559797DB561797EB588
:10274000637980B5647981B5667982B5697983B535
:102750006A7984B56B7985B56C7986B56E7987B5FC
:10276000707988B5717989B572798AB573798BB5C5
:1027700074798CB575798DB576798EB579798FB593
:102780007B7990B57C7991B57D7992B57E7993B559
:102790007F7994B5827995B5837996B5867997B521
:1027A000877998B5887999B589799AB58B799BB5E8
:1027B0008C799CB58D799DB58E799EB590799FB5B4
:1027C0009179A0B59279A1B52060A2B53D80A3B55D
:1027D000C562A4B5394EA5B55553A6B5F890A7B5B1
:1027E000B863A8B5C680A9B5E665AAB52E6CABB529
:1027F000464FACB5EE60ADB5E16DAEB5DE8BAFB5B5
:10280000395FB0B5CB86B1B5535FB2B52163B3B50F
:102810005A51B4B56183B5B56368B6B50052B7B562
:102820006363B8B5488EB9B51250BAB59B5CBBB5F9
:102830007779BCB5FC5BBDB53052BEB53B7ABFB550
:10284000BC60C0B55390C1B5D776C2B5B75FC3B54C
:10285000975FC4B58476C5B56C8EC6B56F70C7B5C5
:102860007B76C8B5497BC9B5AA77CAB5F351CBB554
:102870009390CCB52458CDB54E4FCEB5F46ECFB5B0
:10288000EA8FD0B54C65D1B51B7BD2B5C472D3B538
:10289000A46DD4B5DF7FD5B5E15AD6B5B562D7B54D
:1028A000955ED8B53057D9B58284DAB52C7BDBB5C7
:1028B0001D5EDCB51F5FDDB51290DEB5147FDFB5A0
:1028C000A098E0B58263E1B5C76EE2B59878E3B54C
:1028D000B970E4B57851E5B55B97E6B5AB57E7B5A8
:1028E0003575E8B5434FE9B53875EAB5975EEBB590
:1028F000E660ECB56059EDB5C06DEEB5BF6BEFB5F8
:102900008978F0B5FC53F1B5D596F2B5CB51F3B556
:102910000152F4B58963F5B50A54F6B59394F7B549
:10292000038CF8B5CC8DF9B53972FAB59F78FBB543
:102930007687FCB5ED8FFDB50D8CFEB5E05340B646
:10294000937941B6947942B6957943B6967944B66F
:10295000977945B6987946B6997947B69B7948B63E
:102960009C7949B69D794AB69E794BB69F794CB60B
:10297000A0794DB6A1794EB6A2794FB6A37950B6DB
:10298000A47951B6A57952B6A67953B6A87954B6AA
:10299000A97955B6AA7956B6AB7957B6AC7958B677
:1029A000AD7959B6AE795AB6AF795BB6B0795CB647
:1029B000B1795DB6B2795EB6B4795FB6B57960B615
:1029C000B67961B6B77962B6B87963B6BC7964B6E0
:1029D000BF7965B6C27966B6C47967B6C57968B697
:1029E000C77969B6C8796AB6CA796BB6CC796CB65C
:1029F000CE796DB6CF796EB6D0796FB6D37970B621
:102A0000D47971B6D67972B6D77973B6D97974B6E6
:102A1000DA7975B6DB7976B6DC7977B6DD7978B6B2
:102A2000DE7979B6E0797AB6E1797BB6E2797CB67F
:102A3000E5797DB6E8797EB6EA7980B6EC7981B63B
:102A4000EE7982B6F17983B6F27984B6F37985B6F8
:102A5000F47986B6F57987B6F67988B6F77989B6C6
:102A6000F9798AB6FA798BB6FC798CB6FE798DB68F
:102A7000FF798EB6017A8FB6047A90B6057A91B650
:102A8000077A92B6087A93B6097A94B60A7A95B616
:102A90000C7A96B60F7A97B6107A98B6117A99B6DC
:102AA000127A9AB6137A9BB6157A9CB6167A9DB6A8
:102AB000187A9EB6197A9FB61B7AA0B61C7AA1B670
:102AC000014EA2B6EF76A3B6EE53A4B68994A5B68E
:102AD0007698A6B60E9FA7B62D95A8B69A5BA9B60E
:102AE000A28BAAB6224EABB61C4EACB6AC51ADB65C
:102AF0006384AEB6C261AFB6A852B0B60B68B1B6C9
:102B0000974FB2B66B60B3B6BB51B4B61E6DB5B6D7
:102B10005C51B6B69662B7B69765B8B66196B9B667
:102B2000468CBAB61790BBB6D875BCB6FD90BDB68C
:102B30006377BEB6D26BBFB68A72C0B6EC72C1B64E
:102B4000FB8BC2B63558C3B67977C4B64C8DC5B6C3
:102B50005C67C6B64095C7B69A80C8B6A65EC9B6C9
:102B6000216ECAB69259CBB6EF7ACCB6ED77CDB618
:102B70003B95CEB6B56BCFB6AD65D0B60E7FD1B6B0
:102B80000658D2B65151D3B61F96D4B6F95BD5B616
:102B9000A958D6B62854D7B6728ED8B66665D9B6B7
:102BA0007F98DAB6E456DBB69D94DCB6FE76DDB6E9
:102BB0004190DEB68763DFB6C654E0B61A59E1B677
:102BC0003A59E2B69B57E3B6B28EE4B63567E5B63E
:102BD000FA8DE6B63582E7B64152E8B6F060E9B65E
:102BE0001558EAB6FE86EBB6E85CECB6459EEDB647
:102BF000C44FEEB69D98EFB6B98BF0B6255AF1B634
:102C00007660F2B68453F3B67C62F4B64F90F5B6B4
:102C10000291F6B67F99F7B66960F8B60C80F9B6FE
:102C20003F51FAB63380FBB6145CFCB67599FDB61D
:102C3000316DFEB68C4E40B71D7A41B71F7A42B750
:102C4000217A43B7227A44B7247A45B7257A46B722
:102C5000267A47B7277A48B7287A49B7297A4AB7F0
:102C60002A7A4BB72B7A4CB72C7A4DB72D7A4EB7C0
:102C70002E7A4FB72F7A50B7307A51B7317A52B790
:102C8000327A53B7347A54B7357A55B7367A56B75D
:102C9000387A57B73A7A58B73E7A59B7407A5AB71E
:102CA000417A5BB7427A5CB7437A5DB7447A5EB7E4
:102CB000457A5FB7477A60B7487A61B7497A62B7B1
:102CC0004A7A63B74B7A64B74C7A65B74D7A66B780
:102CD0004E7A67B74F7A68B7507A69B7527A6AB74F
:102CE000537A6BB7547A6CB7557A6DB7567A6EB71C
:102CF000587A6FB7597A70B75A7A71B75B7A72B7E8
:102D00005C7A73B75D7A74B75E7A75B75F7A76B7B7
:102D1000607A77B7617A78B7627A79B7637A7AB787
:102D2000647A7BB7657A7CB7667A7DB7677A7EB757
:102D3000687A80B7697A81B76A7A82B76B7A83B723
:102D40006C7A84B76D7A85B76E7A86B76F7A87B7F3
:102D5000717A88B7727A89B7737A8AB7757A8BB7BE
:102D60007B7A8CB77C7A8DB77D7A8EB77E7A8FB777
:102D7000827A90B7857A91B7877A92B7897A93B732
:102D80008A7A94B78B7A95B78C7A96B78E7A97B7FA
:102D90008F7A98B7907A99B7937A9AB7947A9BB7C3
:102DA000997A9CB79A7A9DB79B7A9EB79E7A9FB77D
:102DB000A17AA0B7A27AA1B7308DA2B7D153A3B799
:102DC0005A7FA4B74F7BA5B7104FA6B74F4EA7B7F2
:102DD0000096A8B7D56CA9B7D073AAB7E985ABB7E9
:102DE000065EACB76A75ADB7FB7FAEB70A6AAFB720
:102DF000FE77B0B79294B1B7417EB2B7E151B3B7A5
:102E0000E670B4B7CD53B5B7D48FB6B70383B7B7B1
:102E1000298DB8B7AF72B9B76D99BAB7DB6CBBB7CC
:102E20004A57BCB7B382BDB7B965BEB7AA80BFB7B2
:102E30003F62C0B73296C1B7A859C2B7FF4EC3B7F9
:102E4000BF8BC4B7BA7EC5B73E65C6B7F283C7B7F6
:102E50005E97C8B76155C9B7DE98CAB7A580CBB72A
:102E60002A53CCB7FD8BCDB72054CEB7BA80CFB79D
:102E70009F5ED0B7B86CD1B7398DD2B7AC82D3B71B
:102E80005A91D4B72954D5B71B6CD6B70652D7B7C9
:102E9000B77ED8B75F57D9B71A71DAB77E6CDBB790
:102EA000897CDCB74B59DDB7FD4EDEB7FF5FDFB77E
:102EB0002461E0B7AA7CE1B7304EE2B7015CE3B72A
:102EC000AB67E4B70287E5B7F05CE6B70B95E7B709
:102ED000CE98E8B7AF75E9B7FD70EAB72290EBB7C7
:102EE000AF51ECB71D7FEDB7BD8BEEB74959EFB7CA
:102EF000E451F0B75B4FF1B72654F2B72B59F3B753
:102F00007765F4B7A480F5B7755BF6B77662F7B767
:102F1000C262F8B7908FF9B7455EFAB71F6CFBB77E
:102F2000267BFCB70F4FFDB7D84FFEB70D6740B8F3
:102F3000A37A41B8A47A42B8A77A43B8A97A44B828
:102F4000AA7A45B8AB7A46B8AE7A47B8AF7A48B8ED
:102F5000B07A49B8B17A4AB8B27A4BB8B47A4CB8B8
:102F6000B57A4DB8B67A4EB8B77A4FB8B87A50B885
:102F7000B97A51B8BA7A52B8BB7A53B8BC7A54B855
:102F8000BD7A55B8BE7A56B8C07A57B8C17A58B823
:102F9000C27A59B8C37A5AB8C47A5BB8C57A5CB8F1
:102FA000C67A5DB8C77A5EB8C87A5FB8C97A60B8C1
:102FB000CA7A61B8CC7A62B8CD7A63B8CE7A64B88E
:102FC000CF7A65B8D07A66B8D17A67B8D27A68B85D
:102FD000D37A69B8D47A6AB8D57A6BB8D77A6CB82C
:102FE000D87A6DB8DA7A6EB8DB7A6FB8DC7A70B8F6
:102FF000DD7A71B8E17A72B8E27A73B8E47A74B8BB
:10300000E77A75B8E87A76B8E97A77B8EA7A78B87C
:10301000EB7A79B8EC7A7AB8EE7A7BB8F07A7CB849
:10302000F17A7DB8F27A7EB8F37A80B8F47A81B812
:10303000F57A82B8F67A83B8F77A84B8F87A85B8E0
:10304000FB7A86B8FC7A87B8FE7A88B8007B89B8A4
:10305000017B8AB8027B8BB8057B8CB8077B8DB867
:10306000097B8EB80C7B8FB80D7B90B80E7B91B826
:10307000107B92B8127B93B8137B94B8167B95B8EB
:10308000177B96B8187B97B81A7B98B81C7B99B8B1
:103090001D7B9AB81F7B9BB8217B9CB8227B9DB877
:1030A000237B9EB8277B9FB8297BA0B82D7BA1B836
:1030B0006E6DA2B8AA6DA3B88F79A4B8B188A5B86F
:1030C000175FA6B82B75A7B89A62A8B8858FA9B85C
:1030D000EF4FAAB8DC91ABB8A765ACB82F81ADB8FB
:1030E0005181AEB89C5EAFB85081B0B8748DB1B8A4
:1030F0006F52B2B88689B3B84B8DB4B80D59B5B814
:103100008550B6B8D84EB7B81C96B8B83672B9B8AC
:103110007981BAB81F8DBBB8CC5BBCB8A38BBDB8E6
:103120004496BEB88759BFB81A7FC0B89054C1B88A
:103130007656C2B80E56C3B8E58BC4B83965C5B863
:103140008269C6B89994C7B8D676C8B8896EC9B826
:10315000725ECAB81875CBB84667CCB8D167CDB81F
:10316000FF7ACEB89D80CFB8768DD0B81F61D1B828
:10317000C679D2B86265D3B8638DD4B88851D5B852
:103180001A52D6B8A294D7B8387FD8B89B80D9B88D
:10319000B27EDAB8975CDBB82F6EDCB86067DDB85A
:1031A000D97BDEB88B76DFB8D89AE0B88F81E1B8EA
:1031B000947FE2B8D57CE3B81E64E4B85095E5B8D6
:1031C0003F7AE6B84A54E7B8E554E8B84C6BE9B83A
:1031D0000164EAB80862EBB83D9EECB8F380EDB844
:1031E0009975EEB87252EFB86997F0B85B84F1B890
:1031F0003C68F2B8E486F3B80196F4B89496F5B852
:10320000EC94F6B82A4EF7B80454F8B8D97EF9B859
:103210003968FAB8DF8DFBB81580FCB8F466FDB8E4
:103220009A5EFEB8B97F40B92F7B41B9307B42B975
:10323000327B43B9347B44B9357B45B9367B46B9DB
:10324000377B47B9397B48B93B7B49B93D7B4AB9A4
:103250003F7B4BB9407B4CB9417B4DB9427B4EB96A
:10326000437B4FB9447B50B9467B51B9487B52B937
:103270004A7B53B94D7B54B94E7B55B9537B56B9F4
:10328000557B57B9577B58B9597B59B95C7B5AB9AB
:103290005E7B5BB95F7B5CB9617B5DB9637B5EB96B
:1032A000647B5FB9657B60B9667B61B9677B62B936
:1032B000687B63B9697B64B96A7B65B96B7B66B906
:1032C0006C7B67B96D7B68B96F7B69B9707B6AB9D4
:1032D000737B6BB9747B6CB9767B6DB9787B6EB997
:1032E0007A7B6FB97C7B70B97D7B71B97F7B72B95A
:1032F000817B73B9827B74B9837B75B9847B76B922
:10330000867B77B9877B78B9887B79B9897B7AB9ED
:103310008A7B7BB98B7B7CB98C7B7DB98E7B7EB9BC
:103320008F7B80B9917B81B9927B82B9937B83B982
:10333000967B84B9987B85B9997B86B99A7B87B946
:103340009B7B88B99E7B89B99F7B8AB9A07B8BB90F
:10335000A37B8CB9A47B8DB9A57B8EB9AE7B8FB9CD
:10336000AF7B90B9B07B91B9B27B92B9B37B93B983
:10337000B57B94B9B67B95B9B77B96B9B97B97B94C
:10338000BA7B98B9BB7B99B9BC7B9AB9BD7B9BB919
:10339000BE7B9CB9BF7B9DB9C07B9EB9C27B9FB9E8
:1033A000C37BA0B9C47BA1B9C257A2B93F80A3B95E
:1033B0009768A4B9E55DA5B93B65A6B99F52A7B9C1
:1033C0006D60A8B99A9FA9B99B4FAAB9AC8EABB949
:1033D0006C51ACB9AB5BADB9135FAEB9E95DAFB9D8
:1033E0005E6CB0B9F162B1B9218DB2B97151B3B9A6
:1033F000A994B4B9FE52B5B99F6CB6B9DF82B7B91A
:10340000D772B8B9A257B9B98467BAB92D8DBBB90B
:103410001F59BCB99C8FBDB9C783BEB99554BFB9FC
:103420008D7BC0B9304FC1B9BD6CC2B9645BC3B943
:10343000D159C4B9139FC5B9E453C6B9CA86C7B92F
:10344000A89AC8B9378CC9B9A180CAB94565CBB9A2
:103450007E98CCB9FA56CDB9C796CEB92E52CFB90F
:10346000DC74D0B95052D1B9E15BD2B90263D3B99F
:103470000289D4B9564ED5B9D062D6B92A60D7B927
:10348000FA68D8B97351D9B9985BDAB9A051DBB9E8
:10349000C289DCB9A17BDDB98699DEB9507FDFB97D
:1034A000EF60E0B94C70E1B92F8DE2B94951E3B951
:1034B0007F5EE4B91B90E5B97074E6B9C489E7B9D9
:1034C0002D57E8B94578E9B9525FEAB99F9FEBB942
:1034D000FA95ECB9688FEDB93C9BEEB9E18BEFB989
:1034E0007876F0B94268F1B9DC67F2B9EA8DF3B9E0
:1034F000358DF4B93D52F5B98A8FF6B9DA6EF7B960
:10350000CD68F8B90595F9B9ED90FAB9FD56FBB952
:103510009C67FCB9F988FDB9C78FFEB9C85440BA99
:10352000C57B41BAC87B42BAC97B43BACA7B44BA9D
:10353000CB7B45BACD7B46BACE7B47BACF7B48BA68
:10354000D07B49BAD27B4ABAD47B4BBAD57B4CBA32
:10355000D67B4DBAD77B4EBAD87B4FBADB7B50BAFD
:10356000DC7B51BADE7B52BADF7B53BAE07B54BAC4
:10357000E27B55BAE37B56BAE47B57BAE77B58BA8D
:10358000E87B59BAE97B5ABAEB7B5BBAEC7B5CBA55
:10359000ED7B5DBAEF7B5EBAF07B5FBAF27B60BA1F
:1035A000F37B61BAF47B62BAF57B63BAF67B64BAEB
:1035B000F87B65BAF97B66BAFA7B67BAFB7B68BAB7
:1035C000FD7B69BAFF7B6ABA007C6BBA017C6CBA7E
:1035D000027C6DBA037C6EBA047C6FBA057C70BA4B
:1035E000067C71BA087C72BA097C73BA0A7C74BA18
:1035F0000D7C75BA0E7C76BA107C77BA117C78BADD
:10360000127C79BA137C7ABA147C7BBA157C7CBAAA
:10361000177C7DBA187C7EBA197C80BA1A7C81BA74
:103620001B7C82BA1C7C83BA1D7C84BA1E7C85BA42
:10363000207C86BA217C87BA227C88BA237C89BA0E
:10364000247C8ABA257C8BBA287C8CBA297C8DBADA
:103650002B7C8EBA2C7C8FBA2D7C90BA2E7C91BAA2
:103660002F7C92BA307C93BA317C94BA327C95BA72
:10367000337C96BA347C97BA357C98BA367C99BA42
:10368000377C9ABA397C9BBA3A7C9CBA3B7C9DBA0F
:103690003C7C9EBA3D7C9FBA3E7CA0BA427CA1BADB
:1036A000B89AA2BA695BA3BA776DA4BA266CA5BA18
:1036B000A54EA6BAB35BA7BA879AA8BA6391A9BA6E
:1036C000A861AABAAF90ABBAE997ACBA2B54ADBA1D
:1036D000B56DAEBAD25BAFBAFD51B0BA8A55B1BAC8
:1036E000557FB2BAF07FB3BABC64B4BA4D63B5BA11
:1036F000F165B6BABE61B7BA8D60B8BA0A71B9BA27
:10370000576CBABA496CBBBA2F59BCBA6D67BDBA0F
:103710002A82BEBAD558BFBA8E56C0BA6A8CC1BA10
:10372000EB6BC2BADD90C3BA7D59C4BA1780C5BA73
:10373000F753C6BA696DC7BA7554C8BA9D55C9BAA8
:103740007783CABACF83CBBA3868CCBABE79CDBA40
:103750008C54CEBA554FCFBA0854D0BAD276D1BA1B
:10376000898CD2BA0296D3BAB36CD4BAB86DD5BA32
:103770006B8DD6BA1089D7BA649ED8BA3A8DD9BAA9
:103780003F56DABAD19EDBBAD575DCBA885FDDBAAE
:10379000E072DEBA6860DFBAFC54E0BAA84EE1BA63
:1037A0002A6AE2BA6188E3BA5260E4BA708FE5BA75
:1037B000C454E6BAD870E7BA7986E8BA3F9EE9BA47
:1037C0002A6DEABA8F5BEBBA185FECBAA27EEDBA4B
:1037D0008955EEBAAF4FEFBA3473F0BA3C54F1BA30
:1037E0009A53F2BA1950F3BA0E54F4BA7C54F5BA9B
:1037F0004E4EF6BAFD5FF7BA5A74F8BAF658F9BAEF
:103800006B84FABAE180FBBA7487FCBAD072FDBA55
:10381000CA7CFEBA566E40BB437C41BB447C42BB73
:10382000457C43BB467C44BB477C45BB487C46BB90
:10383000497C47BB4A7C48BB4B7C49BB4C7C4ABB60
:103840004E7C4BBB4F7C4CBB507C4DBB517C4EBB2C
:10385000527C4FBB537C50BB547C51BB557C52BBFC
:10386000567C53BB577C54BB587C55BB597C56BBCC
:103870005A7C57BB5B7C58BB5C7C59BB5D7C5ABB9C
:103880005E7C5BBB5F7C5CBB607C5DBB617C5EBB6C
:10389000627C5FBB637C60BB647C61BB657C62BB3C
:1038A000667C63BB677C64BB687C65BB697C66BB0C
:1038B0006A7C67BB6B7C68BB6C7C69BB6D7C6ABBDC
:1038C0006E7C6BBB6F7C6CBB707C6DBB717C6EBBAC
:1038D000727C6FBB757C70BB767C71BB777C72BB76
:1038E000787C73BB797C74BB7A7C75BB7E7C76BB41
:1038F0007F7C77BB807C78BB817C79BB827C7ABB08
:10390000837C7BBB847C7CBB857C7DBB867C7EBBD7
:10391000877C80BB887C81BB8A7C82BB8B7C83BBA1
:103920008C7C84BB8D7C85BB8E7C86BB8F7C87BB6F
:10393000907C88BB937C89BB947C8ABB967C8BBB38
:10394000997C8CBB9A7C8DBB9B7C8EBBA07C8FBBF7
:10395000A17C90BBA37C91BBA67C92BBA77C93BBB4
:10396000A87C94BBA97C95BBAB7C96BBAC7C97BB7D
:10397000AD7C98BBAF7C99BBB07C9ABBB47C9BBB45
:10398000B57C9CBBB67C9DBBB77C9EBBB87C9FBB0B
:10399000BA7CA0BBBB7CA1BB275FA2BB4E86A3BBEE
:1039A0002C55A4BBA462A5BB924EA6BBAA6CA7BB18
:1039B0003762A8BBB182A9BBD754AABB4E53ABBBDD
:1039C0003E73ACBBD16EADBB3B75AEBB1252AFBB51
:1039D0001653B0BBDD8BB1BBD069B2BB8A5FB3BB42
:1039E0000060B4BBEE6DB5BB4F57B6BB226BB7BB27
:1039F000AF73B8BB5368B9BBD88FBABB137FBBBB1F
:103A00006263BCBBA360BDBB2455BEBBEA75BFBB34
:103A1000628CC0BB1571C1BBA36DC2BBA65BC3BB2F
:103A20007B5EC4BB5283C5BB4C61C6BBC49EC7BBD7
:103A3000FA78C8BB5787C9BB277CCABB8776CBBB84
:103A4000F051CCBBF660CDBB4C71CEBB4366CFBB57
:103A50004C5ED0BB4D60D1BB0E8CD2BB7070D3BB63
:103A60002563D4BB898FD5BBBD5FD6BB6260D7BB96
:103A7000D486D8BBDE56D9BBC16BDABB9460DBBB46
:103A80006761DCBB4953DDBBE060DEBB6666DFBB64
:103A90003F8DE0BBFD79E1BB1A4FE2BBE970E3BBB0
:103AA000476CE4BBB38BE5BBF28BE6BBD87EE7BBD0
:103AB0006483E8BB0F66E9BB5A5AEABB429BEBBB87
:103AC000516DECBBF76DEDBB418CEEBB3B6DEFBBBD
:103AD000194FF0BB6B70F1BBB783F2BB1662F3BB3F
:103AE000D160F4BB0D97F5BB278DF6BB7879F7BB9A
:103AF000FB51F8BB3E57F9BBFA57FABB3A67FBBB21
:103B00007875FCBB3D7AFDBBEF79FEBB957B40BC75
:103B1000BF7C41BCC07C42BCC27C43BCC37C44BCB7
:103B2000C47C45BCC67C46BCC97C47BCCB7C48BC7D
:103B3000CE7C49BCCF7C4ABCD07C4BBCD17C4CBC3D
:103B4000D27C4DBCD37C4EBCD47C4FBCD87C50BC0A
:103B5000DA7C51BCDB7C52BCDD7C53BCDE7C54BCCB
:103B6000E17C55BCE27C56BCE37C57BCE47C58BC91
:103B7000E57C59BCE67C5ABCE77C5BBCE97C5CBC60
:103B8000EA7C5DBCEB7C5EBCEC7C5FBCED7C60BC2D
:103B9000EE7C61BCF07C62BCF17C63BCF27C64BCFA
:103BA000F37C65BCF47C66BCF57C67BCF67C68BCC9
:103BB000F77C69BCF97C6ABCFA7C6BBCFC7C6CBC95
:103BC000FD7C6DBCFE7C6EBCFF7C6FBC007D70BC60
:103BD000017D71BC027D72BC037D73BC047D74BC2D
:103BE000057D75BC067D76BC077D77BC087D78BCFD
:103BF000097D79BC0B7D7ABC0C7D7BBC0D7D7CBCCA
:103C00000E7D7DBC0F7D7EBC107D80BC117D81BC96
:103C1000127D82BC137D83BC147D84BC157D85BC64
:103C2000167D86BC177D87BC187D88BC197D89BC34
:103C30001A7D8ABC1B7D8BBC1C7D8CBC1D7D8DBC04
:103C40001E7D8EBC1F7D8FBC217D90BC237D91BCD1
:103C5000247D92BC257D93BC267D94BC287D95BC9B
:103C6000297D96BC2A7D97BC2C7D98BC2D7D99BC66
:103C70002E7D9ABC307D9BBC317D9CBC327D9DBC31
:103C8000337D9EBC347D9FBC357DA0BC367DA1BC00
:103C90008C80A2BC6599A3BCF98FA4BCC06FA5BCE5
:103CA000A58BA6BC219EA7BCEC59A8BCE97EA9BCEB
:103CB000097FAABC0954ABBC8167ACBCD868ADBC59
:103CC000918FAEBC4D7CAFBCC696B0BCCA53B1BCE4
:103CD0002560B2BCBE75B3BC726CB4BC7353B5BCCA
:103CE000C95AB6BCA77EB7BC2463B8BCE051B9BC06
:103CF0000A81BABCF15DBBBCDF84BCBC8062BDBCC8
:103D00008051BEBC635BBFBC0E4FC0BC6D79C1BCF3
:103D10004252C2BCB860C3BC4E6DC4BCC45BC5BC1F
:103D2000C25BC6BCA18BC7BCB08BC8BCE265C9BCBA
:103D3000CC5FCABC4596CBBC9359CCBCE77ECDBC0E
:103D4000AA7ECEBC0956CFBCB767D0BC3959D1BC0E
:103D5000734FD2BCB65BD3BCA052D4BC5A83D5BC83
:103D60008A98D6BC3E8DD7BC3275D8BCBE94D9BC1F
:103D70004750DABC3C7ADBBCF74EDCBCB667DDBC36
:103D80007E9ADEBCC15ADFBC7C6BE0BCD176E1BC64
:103D90005A57E2BC165CE3BC3A7BE4BCF495E5BC44
:103DA0004E71E6BC7C51E7BCA980E8BC7082E9BCDE
:103DB0007859EABC047FEBBC2783ECBCC068EDBC3F
:103DC000EC67EEBCB178EFBC7778F0BCE362F1BC95
:103DD0006163F2BC807BF3BCED4FF4BC6A52F5BC6E
:103DE000CF51F6BC5083F7BCDB69F8BC7492F9BCC8
:103DF000F58DFABC318DFBBCC189FCBC2E95FDBC98
:103E0000AD7BFEBCF64E40BD377D41BD387D42BD29
:103E1000397D43BD3A7D44BD3B7D45BD3C7D46BDBE
:103E20003D7D47BD3E7D48BD3F7D49BD407D4ABD8E
:103E3000417D4BBD427D4CBD437D4DBD447D4EBD5E
:103E4000457D4FBD467D50BD477D51BD487D52BD2E
:103E5000497D53BD4A7D54BD4B7D55BD4C7D56BDFE
:103E60004D7D57BD4E7D58BD4F7D59BD507D5ABDCE
:103E7000517D5BBD527D5CBD537D5DBD547D5EBD9E
:103E8000557D5FBD567D60BD577D61BD587D62BD6E
:103E9000597D63BD5A7D64BD5B7D65BD5C7D66BD3E
:103EA0005D7D67BD5E7D68BD5F7D69BD607D6ABD0E
:103EB000617D6BBD627D6CBD637D6DBD647D6EBDDE
:103EC000657D6FBD667D70BD677D71BD687D72BDAE
:103ED000697D73BD6A7D74BD6B7D75BD6C7D76BD7E
:103EE0006D7D77BD6F7D78BD707D79BD717D7ABD4B
:103EF000727D7BBD737D7CBD747D7DBD757D7EBD1A
:103F0000767D80BD787D81BD797D82BD7A7D83BDE2
:103F10007B7D84BD7C7D85BD7D7D86BD7E7D87BDB1
:103F20007F7D88BD807D89BD817D8ABD827D8BBD81
:103F3000837D8CBD847D8DBD857D8EBD867D8FBD51
:103F4000877D90BD887D91BD897D92BD8A7D93BD21
:103F50008B7D94BD8C7D95BD8D7D96BD8E7D97BDF1
:103F60008F7D98BD907D99BD917D9ABD927D9BBDC1
:103F7000937D9CBD947D9DBD957D9EBD967D9FBD91
:103F8000977DA0BD987DA1BD6550A2BD3082A3BD27
:103F90005152A4BD6F99A5BD106EA6BD856EA7BD7B
:103FA000A76DA8BDFA5EA9BDF550AABDDC59ABBD91
:103FB000065CACBD466DADBD5F6CAEBD8675AFBD7C
:103FC0008B84B0BD6868B1BD5659B2BDB28BB3BD6C
:103FD0002053B4BD7191B5BD4D96B6BD4985B7BDF1
:103FE0001269B8BD0179B9BD2671BABDF680BBBDF5
:103FF000A44EBCBDCA90BDBD476DBEBD849ABFBDB9
:10400000075AC0BDBC56C1BD0564C2BDF094C3BD56
:10401000EB77C4BDA54FC5BD1A81C6BDE172C7BD52
:10402000D289C8BD7A99C9BD347FCABDDE7ECBBDF9
:104030007F52CCBD5965CDBD7591CEBD7F8FCFBDB3
:10404000838FD0BDEB53D1BD967AD2BDED63D3BD86
:10405000A563D4BD8676D5BDF879D6BD5788D7BDC2
:104060003696D8BD2A62D9BDAB52DABD8282DBBD9D
:104070005468DCBD7067DDBD7763DEBD6B77DFBD87
:10408000ED7AE0BD016DE1BDD37EE2BDE389E3BD24
:10409000D059E4BD1262E5BDC985E6BDA582E7BD84
:1040A0004C75E8BD1F50E9BDCB4EEABDA575EBBD13
:1040B000EB8BECBD4A5CEDBDFE5DEEBD4B7BEFBD19
:1040C000A465F0BDD191F1BDCA4EF2BD256DF3BD21
:1040D0005F89F4BD277DF5BD2695F6BDC54EF7BDBC
:1040E000288CF8BDDB8FF9BD7397FABD4B66FBBD1D
:1040F0008179FCBDD18FFDBDEC70FEBD786D40BEF9
:10410000997D41BE9A7D42BE9B7D43BE9C7D44BE4F
:104110009D7D45BE9E7D46BE9F7D47BEA07D48BE1F
:10412000A17D49BEA27D4ABEA37D4BBEA47D4CBEEF
:10413000A57D4DBEA77D4EBEA87D4FBEA97D50BEBC
:10414000AA7D51BEAB7D52BEAC7D53BEAD7D54BE8B
:10415000AF7D55BEB07D56BEB17D57BEB27D58BE57
:10416000B37D59BEB47D5ABEB57D5BBEB67D5CBE27
:10417000B77D5DBEB87D5EBEB97D5FBEBA7D60BEF7
:10418000BB7D61BEBC7D62BEBD7D63BEBE7D64BEC7
:10419000BF7D65BEC07D66BEC17D67BEC27D68BE97
:1041A000C37D69BEC47D6ABEC57D6BBEC67D6CBE67
:1041B000C77D6DBEC87D6EBEC97D6FBECA7D70BE37
:1041C000CB7D71BECC7D72BECD7D73BECE7D74BE07
:1041D000CF7D75BED07D76BED17D77BED27D78BED7
:1041E000D37D79BED47D7ABED57D7BBED67D7CBEA7
:1041F000D77D7DBED87D7EBED97D80BEDA7D81BE75
:10420000DB7D82BEDC7D83BEDD7D84BEDE7D85BE42
:10421000DF7D86BEE07D87BEE17D88BEE27D89BE12
:10422000E37D8ABEE47D8BBEE57D8CBEE67D8DBEE2
:10423000E77D8EBEE87D8FBEE97D90BEEA7D91BEB2
:10424000EB7D92BEEC7D93BEED7D94BEEE7D95BE82
:10425000EF7D96BEF07D97BEF17D98BEF27D99BE52
:10426000F37D9ABEF47D9BBEF57D9CBEF67D9DBE22
:10427000F77D9EBEF87D9FBEF97DA0BEFA7DA1BEF2
:104280003D5CA2BEB252A3BE4683A4BE6251A5BE8F
:104290000E83A6BE5B77A7BE7666A8BEB89CA9BEF5
:1042A000AC4EAABECA60ABBEBE7CACBEB37CADBEDB
:1042B000CF7EAEBE954EAFBE668BB0BE6F66B1BE52
:1042C0008898B2BE5997B3BE8358B4BE6C65B5BE6C
:1042D0005C95B6BE845FB7BEC975B8BE5697B9BE09
:1042E000DF7ABABEDE7ABBBEC051BCBEAF70BDBE07
:1042F000987ABEBEEA63BFBE767AC0BEA07EC1BE5B
:104300009673C2BEED97C3BE454EC4BE7870C5BE9F
:104310005D4EC6BE5291C7BEA953C8BE5165C9BE47
:10432000E765CABEFC81CBBE0582CCBE8E54CDBE35
:10433000315CCEBE9A75CFBEA097D0BED862D1BE3A
:10434000D972D2BEBD75D3BE455CD4BE799AD5BEF6
:10435000CA83D6BE405CD7BE8054D8BEE977D9BEEA
:104360003E4EDABEAE6CDBBE5A80DCBED262DDBE33
:104370006E63DEBEE85DDFBE7751E0BEDD8DE1BE7F
:104380001E8EE2BE2F95E3BEF14FE4BEE553E5BEBF
:10439000E760E6BEAC70E7BE6752E8BE5063E9BEB8
:1043A000439EEABE1F5AEBBE2650ECBE3777EDBEE9
:1043B0007753EEBEE27EEFBE8564F0BE2B65F1BEA4
:1043C0008962F2BE9863F3BE1450F4BE3572F5BE36
:1043D000C989F6BEB351F7BEC08BF8BEDD7EF9BE0B
:1043E0004757FABECC83FBBEA794FCBE9B51FDBED3
:1043F0001B54FEBEFB5C40BFFB7D41BFFC7D42BF4A
:10440000FD7D43BFFE7D44BFFF7D45BF007E46BFAF
:10441000017E47BF027E48BF037E49BF047E4ABF7C
:10442000057E4BBF067E4CBF077E4DBF087E4EBF4C
:10443000097E4FBF0A7E50BF0B7E51BF0C7E52BF1C
:104440000D7E53BF0E7E54BF0F7E55BF107E56BFEC
:10445000117E57BF127E58BF137E59BF147E5ABFBC
:10446000157E5BBF167E5CBF177E5DBF187E5EBF8C
:10447000197E5FBF1A7E60BF1B7E61BF1C7E62BF5C
:104480001D7E63BF1E7E64BF1F7E65BF207E66BF2C
:10449000217E67BF227E68BF237E69BF247E6ABFFC
:1044A000257E6BBF267E6CBF277E6DBF287E6EBFCC
:1044B000297E6FBF2A7E70BF2B7E71BF2C7E72BF9C
:1044C0002D7E73BF2E7E74BF2F7E75BF307E76BF6C
:1044D000317E77BF327E78BF337E79BF347E7ABF3C
:1044E000357E7BBF367E7CBF377E7DBF387E7EBF0C
:1044F000397E80BF3A7E81BF3C7E82BF3D7E83BFD6
:104500003E7E84BF3F7E85BF407E86BF427E87BFA2
:10451000437E88BF447E89BF457E8ABF467E8BBF6F
:10452000487E8CBF497E8DBF4A7E8EBF4B7E8FBF3B
:104530004C7E90BF4D7E91BF4E7E92BF4F7E93BF0B
:10454000507E94BF517E95BF527E96BF537E97BFDB
:10455000547E98BF557E99BF567E9ABF577E9BBFAB
:10456000587E9CBF597E9DBF5A7E9EBF5B7E9FBF7B
:104570005C7EA0BF5D7EA1BFCA4FA2BFE37AA3BF8E
:104580005A6DA4BFE190A5BF8F9AA6BF8055A7BF63
:104590009654A8BF6153A9BFAF54AABF005FABBF79
:1045A000E963ACBF7769ADBFEF51AEBF6861AFBF24
:1045B0000A52B0BF2A58B1BFD852B2BF4E57B3BF8C
:1045C0000D78B4BF0B77B5BFB75EB6BF7761B7BF25
:1045D000E07CB8BF5B62B9BF9762BABFA24EBBBFF7
:1045E0009570BCBF0380BDBFF762BEBFE470BFBFA4
:1045F0006097C0BF7757C1BFDB82C2BFEF67C3BF41
:10460000F568C4BFD578C5BF9798C6BFD179C7BF75
:10461000F358C8BFB354C9BFEF53CABF346ECBBF42
:104620004B51CCBF3B52CDBFA25BCEBFFE8BCFBFA9
:10463000AF80D0BF4355D1BFA657D2BF7360D3BFA1
:104640005157D4BF2D54D5BF7A7AD6BF5060D7BF4B
:10465000545BD8BFA763D9BFA062DABFE353DBBF07
:104660006362DCBFC75BDDBFAF67DEBFED54DFBF9A
:104670009F7AE0BFE682E1BF7791E2BF935EE3BF3E
:10468000E488E4BF3859E5BFAE57E6BF0E63E7BF25
:10469000E88DE8BFEF80E9BF5757EABF777BEBBFF4
:1046A000A94FECBFEB5FEDBFBD5BEEBF3E6BEFBF55
:1046B0002153F0BF507BF1BFC272F2BF4668F3BF17
:1046C000FF77F4BF3677F5BFF765F6BFB551F7BF93
:1046D0008F4EF8BFD476F9BFBF5CFABFA57AFBBF97
:1046E0007584FCBF4E59FDBF419BFEBF805040C04A
:1046F0005E7E41C05F7E42C0607E43C0617E44C03A
:10470000627E45C0637E46C0647E47C0657E48C009
:10471000667E49C0677E4AC0687E4BC0697E4CC0D9
:104720006A7E4DC06B7E4EC06C7E4FC06D7E50C0A9
:104730006E7E51C06F7E52C0707E53C0717E54C079
:10474000727E55C0737E56C0747E57C0757E58C049
:10475000767E59C0777E5AC0787E5BC0797E5CC019
:104760007A7E5DC07B7E5EC07C7E5FC07D7E60C0E9
:104770007E7E61C07F7E62C0807E63C0817E64C0B9
:10478000837E65C0847E66C0857E67C0867E68C085
:10479000877E69C0887E6AC0897E6BC08A7E6CC055
:1047A0008B7E6DC08C7E6EC08D7E6FC08E7E70C025
:1047B0008F7E71C0907E72C0917E73C0927E74C0F5
:1047C000937E75C0947E76C0957E77C0967E78C0C5
:1047D000977E79C0987E7AC0997E7BC09A7E7CC095
:1047E0009C7E7DC09D7E7EC09E7E80C0AE7E81C050
:1047F000B47E82C0BB7E83C0BC7E84C0D67E85C0B2
:10480000E47E86C0EC7E87C0F97E88C00A7F89C0BE
:10481000107F8AC01E7F8BC0377F8CC0397F8DC0D0
:104820003B7F8EC03C7F8FC03D7F90C03E7F91C05C
:104830003F7F92C0407F93C0417F94C0437F95C02B
:10484000467F96C0477F97C0487F98C0497F99C0F0
:104850004A7F9AC04B7F9BC04C7F9CC04D7F9DC0C0
:104860004E7F9EC04F7F9FC0527FA0C0537FA1C08C
:104870008899A2C02761A3C0836EA4C06457A5C055
:104880000666A6C04663A7C0F056A8C0EC62A9C0E1
:104890006962AAC0D35EABC01496ACC08357ADC0EA
:1048A000C962AEC08755AFC02187B0C04A81B1C0D0
:1048B000A38FB2C06655B3C0B183B4C06567B5C03D
:1048C000568DB6C0DD84B7C06A5AB8C00F68B9C08B
:1048D000E662BAC0EE7BBBC01196BCC07051BDC0D1
:1048E0009C6FBEC0308CBFC0FD63C0C0C889C1C052
:1048F000D261C2C0067FC3C0C270C4C0E56EC5C06D
:104900000574C6C09469C7C0FC72C8C0CA5EC9C07D
:10491000CE90CAC01767CBC06A6DCCC05E63CDC0F5
:10492000B352CEC06272CFC00180D0C06C4FD1C034
:10493000E559D2C06A91D3C0D970D4C09D6DD5C09D
:10494000D252D6C0504ED7C0F796D8C06D95D9C0B8
:104950007E85DAC0CA78DBC02F7DDCC02151DDC086
:104960009257DEC0C264DFC08B80E0C07B7CE1C0B8
:10497000EA6CE2C0F168E3C05E69E4C0B751E5C02B
:104980009853E6C0A868E7C08172E8C0CE9EE9C02F
:10499000F17BEAC0F872EBC0BB79ECC0136FEDC0DD
:1049A0000674EEC04E67EFC0CC91F0C0A49CF1C07D
:1049B0003C79F2C08983F3C05483F4C00F54F5C02E
:1049C0001768F6C03D4EF7C08953F8C0B152F9C020
:1049D0003E78FAC08653FBC02952FCC08850FDC007
:1049E0008B4FFEC0D04F40C1567F41C1597F42C15D
:1049F0005B7F43C15C7F44C15D7F45C15E7F46C133
:104A0000607F47C1637F48C1647F49C1657F4AC1F8
:104A1000667F4BC1677F4CC16B7F4DC16C7F4EC1C0
:104A20006D7F4FC16F7F50C1707F51C1737F52C185
:104A3000757F53C1767F54C1777F55C1787F56C14A
:104A40007A7F57C17B7F58C17C7F59C17D7F5AC116
:104A50007F7F5BC1807F5CC1827F5DC1837F5EC1E0
:104A6000847F5FC1857F60C1867F61C1877F62C1AE
:104A7000887F63C1897F64C18B7F65C18D7F66C17B
:104A80008F7F67C1907F68C1917F69C1927F6AC142
:104A9000937F6BC1957F6CC1967F6DC1977F6EC10F
:104AA000987F6FC1997F70C19B7F71C19C7F72C1DC
:104AB000A07F73C1A27F74C1A37F75C1A57F76C19A
:104AC000A67F77C1A87F78C1A97F79C1AA7F7AC163
:104AD000AB7F7BC1AC7F7CC1AD7F7DC1AE7F7EC132
:104AE000B17F80C1B37F81C1B47F82C1B57F83C1F3
:104AF000B67F84C1B77F85C1BA7F86C1BB7F87C1BE
:104B0000BE7F88C1C07F89C1C27F8AC1C37F8BC17C
:104B1000C47F8CC1C67F8DC1C77F8EC1C87F8FC146
:104B2000C97F90C1CB7F91C1CD7F92C1CF7F93C10F
:104B3000D07F94C1D17F95C1D27F96C1D37F97C1D9
:104B4000D67F98C1D77F99C1D97F9AC1DA7F9BC19F
:104B5000DB7F9CC1DC7F9DC1DD7F9EC1DE7F9FC16D
:104B6000E27FA0C1E37FA1C1E275A2C1CB7AA3C15C
:104B7000927CA4C1A56CA5C1B696A6C19B52A7C143
:104B80008374A8C1E954A9C1E94FAAC15480ABC13B
:104B9000B283ACC1DE8FADC17095AEC1C95EAFC18D
:104BA0001C60B0C19F6DB1C1185EB2C15B65B3C17D
:104BB0003881B4C1FE94B5C14B60B6C1BC70B7C1F9
:104BC000C37EB8C1AE7CB9C1C951BAC18168BBC18D
:104BD000B17CBCC16F82BDC1244EBEC1868FBFC136
:104BE000CF91C0C17E66C1C1AE4EC2C1058CC3C1EA
:104BF000A964C4C14A80C5C1DA50C6C19775C7C18E
:104C0000CE71C8C1E55BC9C1BD8FCAC1666FCBC1DA
:104C1000864ECCC18264CDC16395CEC1D65ECFC174
:104C20009965D0C11752D1C1C288D2C1C870D3C151
:104C3000A352D4C10E73D5C13374D6C19767D7C1FF
:104C4000F778D8C11697D9C1344EDAC1BB90DBC111
:104C5000DE9CDCC1CB6DDDC1DB51DEC1418DDFC12E
:104C60001D54E0C1CE62E1C1B273E2C1F183E3C180
:104C7000F696E4C1849FE5C1C394E6C1364FE7C10F
:104C80009A7FE8C1CC51E9C17570EAC17596EBC154
:104C9000AD5CECC18698EDC1E653EEC1E44EEFC1C8
:104CA0009C6EF0C10974F1C1B469F2C16B78F3C1B3
:104CB0008F99F4C15975F5C11852F6C12476F7C120
:104CC000416DF8C1F367F9C16D51FAC1999FFBC1FC
:104CD0004B80FCC19954FDC13C7BFEC1BF7A40C2F0
:104CE000E47F41C2E77F42C2E87F43C2EA7F44C219
:104CF000EB7F45C2EC7F46C2ED7F47C2EF7F48C2E3
:104D0000F27F49C2F47F4AC2F57F4BC2F67F4CC2A4
:104D1000F77F4DC2F87F4EC2F97F4FC2FA7F50C273
:104D2000FD7F51C2FE7F52C2FF7F53C2028054C238
:104D3000078055C2088056C2098057C20A8058C2EF
:104D40000E8059C20F805AC211805BC213805CC2B0
:104D50001A805DC21B805EC21D805FC21E8060C261
:104D60001F8061C2218062C2238063C2248064C22A
:104D70002B8065C22C8066C22D8067C22E8068C2DF
:104D80002F8069C230806AC232806BC234806CC2AC
:104D900039806DC23A806EC23C806FC23E8070C264
:104DA000408071C2418072C2448073C2458074C227
:104DB000478075C2488076C2498077C24E8078C2EB
:104DC0004F8079C250807AC251807BC253807CC2AE
:104DD00055807DC256807EC2578080C2598081C274
:104DE0005B8082C25C8083C25D8084C25E8085C23B
:104DF0005F8086C2608087C2618088C2628089C20B
:104E000063808AC264808BC265808CC266808DC2DA
:104E100067808EC268808FC26B8090C26C8091C2A6
:104E20006D8092C26E8093C26F8094C2708095C272
:104E3000728096C2738097C2748098C2758099C23E
:104E400076809AC277809BC278809CC279809DC20E
:104E50007A809EC27B809FC27C80A0C27D80A1C2DE
:104E60008696A2C28457A3C2E262A4C24796A5C294
:104E70007C69A6C2045AA7C20264A8C2D37BA9C295
:104E80000F6FAAC24B96ABC2A682ACC26253ADC230
:104E90008598AEC2905EAFC28970B0C2B363B1C232
:104EA0006453B2C24F86B3C2819CB4C2939EB5C252
:104EB0008C78B6C23297B7C2EF8DB8C2428DB9C2F4
:104EC0007F9EBAC25E6FBBC28479BCC2555FBDC251
:104ED0004696BEC22E62BFC2749AC0C21554C1C2E9
:104EE000DD94C2C2A34FC3C2C565C4C2655CC5C25E
:104EF000615CC6C2157FC7C25186C8C22F6CC9C2C9
:104F00008B5FCAC28773CBC2E46ECCC2FF7ECDC2B8
:104F1000E65CCEC21B63CFC26A5BD0C2E66ED1C272
:104F20007553D2C2714ED3C2A063D4C26575D5C2C7
:104F3000A162D6C26E8FD7C2264FD8C2D14ED9C277
:104F4000A66CDAC2B67EDBC2BA8BDCC21D84DDC2BF
:104F5000BA87DEC2577FDFC23B90E0C22395E1C231
:104F6000A97BE2C2A19AE3C2F888E4C23D84E5C20B
:104F70001B6DE6C2869AE7C2DC7EE8C28859E9C2A8
:104F8000BB9EEAC29B73EBC20178ECC28286EDC283
:104F90006C9AEEC2829AEFC21B56F0C21754F1C24D
:104FA000CB57F2C2704EF3C2A69EF4C25653F5C25E
:104FB000C88FF6C20981F7C29277F8C29299F9C2F6
:104FC000EE86FAC2E16EFBC21385FCC2FC66FDC22E
:104FD0006261FEC22B6F40C37E8041C3818042C3A9
:104FE000828043C3858044C3888045C38A8046C38A
:104FF0008D8047C38E8048C38F8049C390804AC349
:1050000091804BC392804CC394804DC395804EC316
:1050100097804FC3998050C39E8051C3A38052C3D1
:10502000A68053C3A78054C3A88055C3AC8056C381
:10503000B08057C3B38058C3B58059C3B6805AC334
:10504000B8805BC3B9805CC3BB805DC3C5805EC3F1
:10505000C7805FC3C88060C3C98061C3CA8062C3A0
:10506000CB8063C3CF8064C3D08065C3D18066C367
:10507000D28067C3D38068C3D48069C3D5806AC334
:10508000D8806BC3DF806CC3E0806DC3E2806EC3E9
:10509000E3806FC3E68070C3EE8071C3F58072C396
:1050A000F78073C3F98074C3FB8075C3FE8076C339
:1050B000FF8077C3008178C3018179C303817AC3FC
:1050C00004817BC305817CC307817DC308817EC3C6
:1050D0000B8180C30C8181C3158182C3178183C377
:1050E000198184C31B8185C31C8186C31D8187C32D
:1050F0001F8188C3208189C321818AC322818BC3F8
:1051000023818CC324818DC325818EC326818FC3C7
:10511000278190C3288191C3298192C32A8193C397
:105120002B8194C32D8195C32E8196C3308197C363
:10513000338198C3348199C335819AC337819BC326
:1051400039819CC33A819DC33B819EC33C819FC3EF
:105150003D81A0C33F81A1C3298CA2C39282A3C376
:105160002B83A4C3F276A5C3136CA6C3D95FA7C3D0
:10517000BD83A8C32B73A9C30583AAC31A95ABC368
:10518000DB6BACC3DB77ADC3C694AEC36F53AFC3A9
:105190000283B0C39251B1C33D5EB2C38C8CB3C322
:1051A000388DB4C3484EB5C3AB73B6C39A67B7C3A3
:1051B0008568B8C37691B9C30997BAC36471BBC394
:1051C000A16CBCC30977BDC3925ABEC34195BFC38E
:1051D000CF6BC0C38E7FC1C32766C2C3D05BC3C3BE
:1051E000B959C4C39A5AC5C3E895C6C3F795C7C38E
:1051F000EC4EC8C30C84C9C39984CAC3AC6ACBC380
:10520000DF76CCC33095CDC31B73CEC3A668CFC3A6
:105210005F5BD0C32F77D1C39A91D2C36197D3C3B9
:10522000DC7CD4C3F78FD5C31C8CD6C3255FD7C312
:10523000737CD8C3D879D9C3C589DAC3CC6CDBC336
:105240001C87DCC3C65BDDC3425EDEC3C968DFC347
:105250002077E0C3F57EE1C39551E2C34D51E3C32E
:10526000C952E4C3295AE5C3057FE6C36297E7C381
:10527000D782E8C3CF63E9C38477EAC3D085EBC3A1
:10528000D279ECC33A6EEDC3995EEEC39959EFC380
:105290001185F0C36D70F1C3116CF2C3BF62F3C32B
:1052A000BF76F4C34F65F5C3AF60F6C3FD95F7C392
:1052B0000E66F8C39F87F9C3239EFAC3ED94FBC320
:1052C0000D54FCC37D54FDC32C8CFEC3786440C4D4
:1052D000408141C4418142C4428143C4438144C4AA
:1052E000448145C4458146C4478147C4498148C477
:1052F0004D8149C44E814AC44F814BC452814CC434
:1053000056814DC457814EC458814FC45B8150C4EF
:105310005C8151C45D8152C45E8153C45F8154C4B9
:10532000618155C4628156C4638157C4648158C485
:10533000668159C468815AC46A815BC46B815CC44C
:105340006C815DC46F815EC472815FC4738160C40F
:10535000758161C4768162C4778163C4788164C4D5
:10536000818165C4838166C4848167C4858168C482
:10537000868169C487816AC489816BC48B816CC44E
:105380008C816DC48D816EC48E816FC4908170C418
:10539000928171C4938172C4948173C4958174C4E1
:1053A000968175C4978176C4998177C49A8178C4AF
:1053B0009E8179C49F817AC4A0817BC4A1817CC471
:1053C000A2817DC4A4817EC4A58180C4A78181C43B
:1053D000A98182C4AB8183C4AC8184C4AD8185C4FE
:1053E000AE8186C4AF8187C4B08188C4B18189C4CD
:1053F000B2818AC4B4818BC4B5818CC4B6818DC49A
:10540000B7818EC4B8818FC4B98190C4BC8191C466
:10541000BD8192C4BE8193C4BF8194C4C48195C42C
:10542000C58196C4C78197C4C88198C4C98199C4ED
:10543000CB819AC4CD819BC4CE819CC4CF819DC4B5
:10544000D0819EC4D1819FC4D281A0C4D381A1C484
:105450007964A2C41186A3C4216AA4C49C81A5C492
:10546000E878A6C46964A7C4549BA8C4B962A9C457
:105470002B67AAC4AB83ABC4A858ACC4D89EADC438
:10548000AB6CAEC4206FAFC4DE5BB0C44C96B1C48D
:105490000B8CB2C45F72B3C4D067B4C4C762B5C466
:1054A0006172B6C4A94EB7C4C659B8C4CD6BB9C4ED
:1054B0009358BAC4AE66BBC4555EBCC4DF52BDC40B
:1054C0005561BEC42867BFC4EE76C0C46677C1C448
:1054D0006772C2C4467AC3C4FF62C4C4EA54C5C476
:1054E0005054C6C4A094C7C4A390C8C41C5AC9C40D
:1054F000B37ECAC4166CCBC4434ECCC47659CDC45B
:105500001080CEC44859CFC45753D0C43775D1C4C6
:10551000BE96D2C4CA56D3C42063D4C41181D5C4A4
:105520007C60D6C4F995D7C4D66DD8C46254D9C4AA
:105530008199DAC48551DBC4E95ADCC4FD80DDC43D
:10554000AE59DEC41397DFC42A50E0C4E56CE1C451
:105550003C5CE2C4DF62E3C4604FE4C43F53E5C493
:105560007B81E6C40690E7C4BA6EE8C42B85E9C423
:10557000C862EAC4745EEBC4BE78ECC4B564EDC422
:105580007B63EEC4F55FEFC4185AF0C47F91F1C499
:105590001F9EF2C43F5CF3C44F63F4C44280F5C461
:1055A0007D5BF6C46E55F7C44A95F8C44D95F9C4B1
:1055B000856DFAC4A860FBC4E067FCC4DE72FDC45C
:1055C000DD51FEC4815B40C5D48141C5D58142C552
:1055D000D68143C5D78144C5D88145C5D98146C543
:1055E000DA8147C5DB8148C5DC8149C5DD814AC513
:1055F000DE814BC5DF814CC5E0814DC5E1814EC5E3
:10560000E2814FC5E48150C5E58151C5E68152C5AF
:10561000E88153C5E98154C5EB8155C5EE8156C576
:10562000EF8157C5F08158C5F18159C5F2815AC53E
:10563000F5815BC5F6815CC5F7815DC5F8815EC506
:10564000F9815FC5FA8160C5FD8161C5FF8162C5D1
:10565000038263C5078264C5088265C5098266C581
:105660000A8267C50B8268C50E8269C50F826AC54A
:1056700011826BC513826CC515826DC516826EC50D
:1056800017826FC5188270C5198271C51A8272C5DA
:105690001D8273C5208274C5248275C5258276C596
:1056A000268277C5278278C5298279C52E827AC558
:1056B00032827BC53A827CC53C827DC53D827EC5F7
:1056C0003F8280C5408281C5418282C5428283C5B6
:1056D000438284C5458285C5468286C5488287C582
:1056E0004A8288C54C8289C54D828AC54E828BC547
:1056F00050828CC551828DC552828EC553828FC512
:10570000548290C5558291C5568292C5578293C5E1
:10571000598294C55B8295C55C8296C55D8297C5AA
:105720005E8298C5608299C561829AC562829BC576
:1057300063829CC564829DC565829EC566829FC545
:105740006782A0C56982A1C5E762A2C5DE6CA3C558
:105750005B72A4C56D62A5C5AE94A6C5BD7EA7C586
:105760001381A8C5536DA9C59C51AAC5045FABC5DB
:105770007459ACC5AA52ADC51260AEC57359AFC558
:105780009666B0C55086B1C59F75B2C52A63B3C5CC
:10579000E661B4C5EF7CB5C5FA8BB6C5E654B7C5AE
:1057A000276BB8C5259EB9C5B46BBAC5D585BBC531
:1057B0005554BCC57650BDC5A46CBEC56A55BFC5A1
:1057C000B48DC0C52C72C1C5155EC2C51560C3C5F8
:1057D0003674C4C5CD62C5C59263C6C54C72C7C513
:1057E000985FC8C5436EC9C53E6DCAC50065CBC5C7
:1057F000586FCCC5D876CDC5D078CEC5FC76CFC590
:105800005475D0C52452D1C5DB53D2C5534ED3C530
:105810009E5ED4C5C165D5C52A80D6C5D680D7C5FC
:105820009B62D8C58654D9C52852DAC5AE70DBC58F
:105830008D88DCC5D18DDDC5E16CDEC57854DFC552
:10584000DA80E0C5F957E1C5F488E2C5548DE3C5B7
:105850006A96E4C54D91E5C5694FE6C59B6CE7C501
:10586000B755E8C5C676E9C53078EAC5A862EBC584
:10587000F970ECC58E6FEDC56D5FEEC5EC84EFC5BC
:10588000DA68F0C57C78F1C5F77BF2C5A881F3C56D
:105890000B67F4C54F9EF5C56763F6C5B078F7C5CD
:1058A0006F57F8C51278F9C53997FAC57962FBC503
:1058B000AB62FCC58852FDC53574FEC5D76B40C6CA
:1058C0006A8241C66B8242C66C8243C66D8244C600
:1058D000718245C6758246C6768247C6778248C6BB
:1058E000788249C67B824AC67C824BC680824CC67F
:1058F00081824DC683824EC685824FC6868250C63F
:10590000878251C6898252C68C8253C6908254C601
:10591000938255C6948256C6958257C6968258C6BB
:105920009A8259C69B825AC69E825BC6A0825CC67A
:10593000A2825DC6A3825EC6A7825FC6B28260C62F
:10594000B58261C6B68262C6BA8263C6BB8264C6CD
:10595000BC8265C6BF8266C6C08267C6C28268C690
:10596000C38269C6C5826AC6C6826BC6C9826CC656
:10597000D0826DC6D6826EC6D9826FC6DA8270C6F4
:10598000DD8271C6E28272C6E78273C6E88274C69F
:10599000E98275C6EA8276C6EC8277C6ED8278C661
:1059A000EE8279C6F0827AC6F2827BC6F3827CC62A
:1059B000F5827DC6F6827EC6F88280C6FA8281C6EE
:1059C000FC8282C6FD8283C6FE8284C6FF8285C6B3
:1059D000008386C60A8387C60B8388C60D8389C663
:1059E00010838AC612838BC613838CC616838DC61A
:1059F00018838EC619838FC61D8390C61E8391C6D9
:105A00001F8392C6208393C6218394C6228395C6A2
:105A1000238396C6248397C6258398C6268399C672
:105A200029839AC62A839BC62E839CC630839DC633
:105A300032839EC637839FC63B83A0C63D83A1C6E3
:105A40006455A2C63E81A3C6B275A4C6AE76A5C6ED
:105A50003953A6C6DE75A7C6FB50A8C6415CA9C6C9
:105A60006C8BAAC6C77BABC64F50ACC64772ADC6DF
:105A7000979AAEC6D898AFC6026FB0C6E274B1C6E8
:105A80006879B2C68764B3C6A577B4C6FC62B5C6EA
:105A90009198B6C62B8DB7C6C154B8C65880B9C642
:105AA000524EBAC66A57BBC6F982BCC60D84BDC683
:105AB000735EBEC6ED51BFC6F674C0C6C48BC1C608
:105AC0004F5CC2C66157C3C6FC6CC4C68798C5C6C6
:105AD000465AC6C63478C7C6449BC8C6EB8FC9C6EB
:105AE000957CCAC65652CBC65162CCC6FA94CDC676
:105AF000C64ECEC68683CFC66184D0C6E983D1C6E2
:105B0000B284D2C6D457D3C63467D4C60357D5C6D9
:105B10006E66D6C6666DD7C6318CD8C6DD66D9C668
:105B20001170DAC61F67DBC63A6BDCC61668DDC6C5
:105B30001A62DEC6BB59DFC6034EE0C6C451E1C6D9
:105B4000066FE2C6D267E3C68F6CE4C67651E5C63F
:105B5000CB68E6C64759E7C6676BE8C66675E9C60F
:105B60000E5DEAC61081EBC6509FECC6D765EDC648
:105B70004879EEC64179EFC6919AF0C6778DF1C6A5
:105B8000825CF2C65E4EF3C6014FF4C62F54F5C6D2
:105B90005159F6C60C78F7C66856F8C6146CF9C6A3
:105BA000C48FFAC6035FFBC67D6CFCC6E36CFDC602
:105BB000AB8BFEC6906340C73E8341C73F8342C75D
:105BC000418343C7428344C7448345C7458346C78F
:105BD000488347C74A8348C74B8349C74C834AC752
:105BE0004D834BC74E834CC753834DC755834EC718
:105BF00056834FC7578350C7588351C7598352C7DD
:105C00005D8353C7628354C7708355C7718356C77A
:105C1000728357C7738358C7748359C775835AC72C
:105C200076835BC779835CC77A835DC77E835EC7F3
:105C30007F835FC7808360C7818361C7828362C7B8
:105C4000838363C7848364C7878365C7888366C784
:105C50008A8367C78B8368C78C8369C78D836AC74C
:105C60008F836BC790836CC791836DC794836EC716
:105C700095836FC7968370C7978371C7998372C7DF
:105C80009A8373C79D8374C79F8375C7A18376C7A3
:105C9000A28377C7A38378C7A48379C7A5837AC76C
:105CA000A6837BC7A7837CC7AC837DC7AD837EC734
:105CB000AE8380C7AF8381C7B58382C7BB8383C7E9
:105CC000BE8384C7BF8385C7C28386C7C38387C794
:105CD000C48388C7C68389C7C8838AC7C9838BC75B
:105CE000CB838CC7CD838DC7CE838EC7D0838FC720
:105CF000D18390C7D28391C7D38392C7D58393C7EB
:105D0000D78394C7D98395C7DA8396C7DB8397C7B0
:105D1000DE8398C7E28399C7E3839AC7E4839BC76E
:105D2000E6839CC7E7839DC7E8839EC7EB839FC735
:105D3000EC83A0C7ED83A1C77060A2C73D6DA3C768
:105D40007572A4C76662A5C78E94A6C7C594A7C777
:105D50004353A8C7C18FA9C77E7BAAC7DF4EABC775
:105D6000268CACC77E4EADC7D49EAEC7B194AFC72C
:105D7000B394B0C74D52B1C75C6FB2C76390B3C79D
:105D8000456DB4C7348CB5C71158B6C74C5DB7C79D
:105D9000206BB8C7496BB9C7AA67BAC75B54BBC702
:105DA0005481BCC78C7FBDC79958BEC73785BFC754
:105DB0003A5FC0C7A262C1C7476AC2C73995C3C7A5
:105DC0007265C4C78460C5C76568C6C7A777C7C7FB
:105DD000544EC8C7A84FC9C7E75DCAC79897CBC775
:105DE000AC64CCC7D87FCDC7ED5CCEC7CF4FCFC793
:105DF0008D7AD0C70752D1C70483D2C7144ED3C7F8
:105E00002F60D4C7837AD5C7A694D6C7B54FD7C756
:105E1000B24ED8C7E679D9C73474DAC7E452DBC7C3
:105E2000B982DCC7D264DDC7BD79DEC7DD5BDFC701
:105E3000816CE0C75297E1C77B8FE2C7226CE3C752
:105E40003E50E4C77F53E5C7056EE6C7CE64E7C79B
:105E50007466E8C7306CE9C7C560EAC77798EBC7D6
:105E6000F78BECC7865EEDC73C74EEC7777AEFC759
:105E7000CB79F0C7184EF1C7B190F2C70374F3C7DE
:105E8000426CF4C7DA56F5C74B91F6C7C56CF7C735
:105E90008B8DF8C73A53F9C7C686FAC7F266FBC7B7
:105EA000AF8EFCC7485CFDC7719AFEC7206E40C824
:105EB000EE8341C8EF8342C8F38343C8F48344C8E8
:105EC000F58345C8F68346C8F78347C8FA8348C8B0
:105ED000FB8349C8FC834AC8FE834BC8FF834CC878
:105EE00000844DC802844EC805844FC8078450C83A
:105EF000088451C8098452C80A8453C8108454C8FD
:105F0000128455C8138456C8148457C8158458C8B9
:105F1000168459C817845AC819845BC81A845CC887
:105F20001B845DC81E845EC81F845FC8208460C84F
:105F3000218461C8228462C8238463C8298464C818
:105F40002A8465C82B8466C82C8467C82D8468C8D9
:105F50002E8469C82F846AC830846BC832846CC8A8
:105F600033846DC834846EC835846FC8368470C875
:105F7000378471C8398472C83A8473C83B8474C842
:105F80003E8475C83F8476C8408477C8418478C809
:105F9000428479C843847AC844847BC845847CC8D9
:105FA00047847DC848847EC8498480C84A8481C8A3
:105FB0004B8482C84C8483C84D8484C84E8485C871
:105FC0004F8486C8508487C8528488C8538489C83F
:105FD00054848AC855848BC856848CC858848DC80C
:105FE0005D848EC85E848FC85F8490C8608491C8C9
:105FF000628492C8648493C8658494C8668495C892
:10600000678496C8688497C86A8498C86E8499C85B
:106010006F849AC870849BC872849CC874849DC81D
:1060200077849EC879849FC87B84A0C87C84A1C8DB
:10603000D653A2C8365AA3C88B9FA4C8A38DA5C89F
:10604000BB53A6C80857A7C8A798A8C84367A9C83C
:106050009B91AAC8C96CABC86851ACC8CA75ADC819
:10606000F362AEC8AC72AFC83852B0C89D52B1C866
:106070003A7FB2C89470B3C83876B4C87453B5C800
:106080004A9EB6C8B769B7C86E78B8C8C096B9C8CE
:10609000D988BAC8A47FBBC83671BCC8C371BDC893
:1060A0008951BEC8D367BFC8E474C0C8E458C1C82A
:1060B0001865C2C8B756C3C8A98BC4C87699C5C8E5
:1060C0007062C6C8D57EC7C8F960C8C8ED70C9C8B7
:1060D000EC58CAC8C14ECBC8BA4ECCC8CD5FCDC8EB
:1060E000E797CEC8FB4ECFC8A48BD0C80352D1C807
:1060F0008A59D2C8AB7ED3C85462D4C8CD4ED5C855
:10610000E565D6C80E62D7C83883D8C8C984D9C84F
:106110006383DAC88D87DBC89471DCC8B66EDDC8CE
:10612000B95BDEC8D27EDFC89751E0C8C963E1C859
:10613000D467E2C88980E3C83983E4C81588E5C814
:106140001251E6C87A5BE7C88259E8C8B18FE9C83E
:10615000734EEAC85D6CEBC86551ECC82589EDC883
:106160006F8FEEC82E96EFC84A85F0C85E74F1C8EE
:106170001095F2C8F095F3C8A66DF4C8E582F5C88D
:10618000315FF6C89264F7C8126DF8C82884F9C860
:106190006E81FAC8C39CFBC85E58FCC85B8DFDC805
:1061A000094EFEC8C15340C97D8441C97E8442C99D
:1061B0007F8443C9808444C9818445C9838446C996
:1061C000848447C9858448C9868449C98A844AC960
:1061D0008D844BC98F844CC990844DC991844EC91C
:1061E00092844FC9938450C9948451C9958452C9EB
:1061F000968453C9988454C99A8455C99B8456C9B6
:106200009D8457C99E8458C99F8459C9A0845AC97E
:10621000A2845BC9A3845CC9A4845DC9A5845EC94A
:10622000A6845FC9A78460C9A88461C9A98462C91A
:10623000AA8463C9AB8464C9AC8465C9AD8466C9EA
:10624000AE8467C9B08468C9B18469C9B3846AC9B6
:10625000B5846BC9B6846CC9B7846DC9BB846EC97B
:10626000BC846FC9BE8470C9C08471C9C28472C93C
:10627000C38473C9C58474C9C68475C9C78476C903
:10628000C88477C9CB8478C9CC8479C9CE847AC9CB
:10629000CF847BC9D2847CC9D4847DC9D5847EC98E
:1062A000D78480C9D88481C9D98482C9DA8483C952
:1062B000DB8484C9DC8485C9DE8486C9E18487C91E
:1062C000E28488C9E48489C9E7848AC9E8848BC9DF
:1062D000E9848CC9EA848DC9EB848EC9ED848FC9A9
:1062E000EE8490C9EF8491C9F18492C9F28493C974
:1062F000F38494C9F48495C9F58496C9F68497C942
:10630000F78498C9F88499C9F9849AC9FA849BC911
:10631000FB849CC9FD849DC9FE849EC900859FC9DC
:106320000185A0C90285A1C91E4FA2C96365A3C981
:106330005168A4C9D355A5C9274EA6C91464A7C9D5
:106340009A9AA8C96B62A9C9C25AAAC95F74ABC993
:106350007282ACC9A96DADC9EE68AEC9E750AFC9CC
:106360008E83B0C90278B1C94067B2C93952B3C986
:10637000996CB4C9B17EB5C9BB50B6C96555B7C92A
:106380005E71B8C95B7BB9C95266BAC9CA73BBC969
:10639000EB82BCC94967BDC9715CBEC92052BFC987
:1063A0007D71C0C96B88C1C9EA95C2C95596C3C978
:1063B000C564C4C9618DC5C9B381C6C98455C7C97F
:1063C000556CC8C94762C9C92E7FCAC99258CBC982
:1063D000244FCCC94655CDC94F8DCEC94C66CFC9C7
:1063E0000A4ED0C91A5CD1C9F388D2C9A268D3C9F0
:1063F0004E63D4C90D7AD5C9E770D6C98D82D7C985
:10640000FA52D8C9F697D9C9115CDAC9E854DBC980
:10641000B590DCC9CD7EDDC96259DEC94A8DDFC9C0
:10642000C786E0C90C82E1C90D82E2C9668DE3C965
:106430004464E4C9045CE5C95161E6C9896DE7C9F2
:106440003E79E8C9BE8BE9C93778EAC93375EBC92B
:106450007B54ECC9384FEDC9AB8EEEC9F16DEFC975
:10646000205AF0C9C57EF1C95E79F2C9886CF3C9BA
:10647000A15BF4C9765AF5C91A75F6C9BE80F7C989
:106480004E61F8C9176EF9C9F058FAC91F75FBC9F2
:106490002575FCC97272FDC94753FEC9F37E40CA17
:1064A000038541CA048542CA058543CA068544CA94
:1064B000078545CA088546CA098547CA0A8548CA64
:1064C0000B8549CA0D854ACA0E854BCA0F854CCA31
:1064D00010854DCA12854ECA14854FCA158550CAFB
:1064E000168551CA188552CA198553CA1B8554CAC4
:1064F0001C8555CA1D8556CA1E8557CA208558CA8F
:10650000228559CA23855ACA24855BCA25855CCA57
:1065100026855DCA27855ECA28855FCA298560CA27
:106520002A8561CA2D8562CA2E8563CA2F8564CAF1
:10653000308565CA318566CA328567CA338568CABF
:10654000348569CA35856ACA36856BCA3E856CCA88
:106550003F856DCA40856ECA41856FCA428570CA43
:10656000448571CA458572CA468573CA478574CA0F
:106570004B8575CA4C8576CA4D8577CA4E8578CAD3
:106580004F8579CA50857ACA51857BCA52857CCAA3
:1065900053857DCA54857ECA558580CA578581CA70
:1065A000588582CA5A8583CA5B8584CA5C8585CA38
:1065B0005D8586CA5F8587CA608588CA618589CA04
:1065C00062858ACA63858BCA65858CCA66858DCAD1
:1065D00067858ECA69858FCA6A8590CA6B8591CA9C
:1065E0006C8592CA6D8593CA6E8594CA6F8595CA6B
:1065F000708596CA718597CA738598CA758599CA38
:1066000076859ACA77859BCA78859CCA7C859DCAFF
:106610007D859ECA7F859FCA8085A0CA8185A1CAC3
:106620000177A2CADB76A3CA6952A4CADC80A5CAD4
:106630002357A6CA085EA7CA3159A8CAEE72A9CACA
:10664000BD65AACA7F6EABCAD78BACCA385CADCA6F
:106650007186AECA4153AFCAF377B0CAFE62B1CAFF
:10666000F665B2CAC04EB3CADF98B4CA8086B5CA4E
:106670009E5BB6CAC68BB7CAF253B8CAE277B9CA2C
:106680007F4FBACA4E5CBBCA769ABCCACB59BDCA48
:106690000F5FBECA3A79BFCAEB58C0CA164EC1CA0C
:1066A000FF67C2CA8B4EC3CAED62C4CA938AC5CA09
:1066B0001D90C6CABF52C7CA2F66C8CADC55C9CA10
:1066C0006C56CACA0290CBCAD54ECCCA8D4FCDCA21
:1066D000CA91CECA7099CFCA0F6CD0CA025ED1CA15
:1066E0004360D2CAA45BD3CAC689D4CAD58BD5CAE3
:1066F0003665D6CA4B62D7CA9699D8CA885BD9CABA
:10670000FF5BDACA8863DBCA2E55DCCAD753DDCA01
:106710002676DECA7D51DFCA2C85E0CAA267E1CAAF
:10672000B368E2CA8A6BE3CA9262E4CA938FE5CA8D
:10673000D453E6CA1282E7CAD16DE8CA8F75E9CA96
:10674000664EEACA4E8DEBCA705BECCA9F71EDCA09
:10675000AF85EECA9166EFCAD966F0CA727FF1CAF8
:106760000087F2CACD9EF3CA209FF4CA5E5CF5CAC8
:106770002F67F6CAF08FF7CA1168F8CA5F67F9CABF
:106780000D62FACAD67AFBCA8558FCCAB65EFDCA43
:106790007065FECA316F40CB828541CB838542CB89
:1067A000868543CB888544CB898545CB8A8546CB76
:1067B0008B8547CB8C8548CB8D8549CB8E854ACB45
:1067C00090854BCB91854CCB92854DCB93854ECB11
:1067D00094854FCB958550CB968551CB978552CBE1
:1067E000988553CB998554CB9A8555CB9D8556CBAF
:1067F0009E8557CB9F8558CBA08559CBA1855ACB79
:10680000A2855BCBA3855CCBA5855DCBA6855ECB46
:10681000A7855FCBA98560CBAB8561CBAC8562CB0F
:10682000AD8563CBB18564CBB28565CBB38566CBD3
:10683000B48567CBB58568CBB68569CBB8856ACB9F
:10684000BA856BCBBB856CCBBC856DCBBD856ECB68
:10685000BE856FCBBF8570CBC08571CBC28572CB37
:10686000C38573CBC48574CBC58575CBC68576CB04
:10687000C78577CBC88578CBCA8579CBCB857ACBD2
:10688000CC857BCBCD857CCBCE857DCBD1857ECB9E
:10689000D28580CBD48581CBD68582CBD78583CB5F
:1068A000D88584CBD98585CBDA8586CBDB8587CB2C
:1068B000DD8588CBDE8589CBDF858ACBE0858BCBF8
:1068C000E1858CCBE2858DCBE3858ECBE5858FCBC7
:1068D000E68590CBE78591CBE88592CBEA8593CB93
:1068E000EB8594CBEC8595CBED8596CBEE8597CB60
:1068F000EF8598CBF08599CBF1859ACBF2859BCB30
:10690000F3859CCBF4859DCBF5859ECBF6859FCBFF
:10691000F785A0CBF885A1CB5560A2CB3752A3CB8E
:106920000D80A4CB5464A5CB7088A6CB2975A7CBCA
:10693000055EA8CB1368A9CBF462AACB1C97ABCB9E
:10694000CC53ACCB3D72ADCB018CAECB346CAFCB6A
:106950006177B0CB0E7AB1CB2E54B2CBAC77B3CB40
:106960007A98B4CB1C82B5CBF48BB6CB5578B7CB29
:106970001467B8CBC170B9CBAF65BACB9564BBCB4C
:106980003656BCCB1D60BDCBC179BECBF853BFCB57
:106990001D4EC0CB7B6BC1CB8680C2CBFA5BC3CB19
:1069A000E355C4CBDB56C5CB3A4FC6CB3C4FC7CB28
:1069B0007299C8CBF35DC9CB7E67CACB3880CBCB8D
:1069C0000260CCCB8298CDCB0190CECB8B5BCFCB72
:1069D000BC8BD0CBF58BD1CB1C64D2CB5882D3CB24
:1069E000DE64D4CBFD55D5CBCF82D6CB6591D7CB4A
:1069F000D74FD8CB207DD9CB1F90DACB9F7CDBCB78
:106A0000F350DCCB5158DDCBAF6EDECBBF5BDFCBC1
:106A1000C98BE0CB8380E1CB7891E2CB9C84E3CB44
:106A2000977BE4CB7D86E5CB8B96E6CB8F96E7CB49
:106A3000E57EE8CBD39AE9CB8E78EACB815CEBCBD1
:106A4000577AECCB4290EDCBA796EECB5F79EFCBAC
:106A5000595BF0CB5F63F1CB0B7BF2CBD184F3CBF3
:106A6000AD68F4CB0655F5CB297FF6CB1074F7CB88
:106A7000227DF8CB0195F9CB4062FACB4C58FBCB89
:106A8000D64EFCCB835BFDCB7959FECB545840CC22
:106A9000F98541CCFA8542CCFC8543CCFD8544CCBC
:106AA000FE8545CC008646CC018647CC028648CC84
:106AB000038649CC04864ACC06864BCC07864CCC50
:106AC00008864DCC09864ECC0A864FCC0B8650CC1E
:106AD0000C8651CC0D8652CC0E8653CC0F8654CCEE
:106AE000108655CC128656CC138657CC148658CCBB
:106AF000158659CC17865ACC18865BCC19865CCC87
:106B00001A865DCC1B865ECC1C865FCC1D8660CC55
:106B10001E8661CC1F8662CC208663CC218664CC25
:106B2000228665CC238666CC248667CC258668CCF5
:106B3000268669CC28866ACC2A866BCC2B866CCCC0
:106B40002C866DCC2D866ECC2E866FCC2F8670CC8D
:106B5000308671CC318672CC328673CC338674CC5D
:106B6000348675CC358676CC368677CC378678CC2D
:106B7000398679CC3A867ACC3B867BCC3D867CCCF8
:106B80003E867DCC3F867ECC408680CC418681CCC3
:106B9000428682CC438683CC448684CC458685CC91
:106BA000468686CC478687CC488688CC498689CC61
:106BB0004A868ACC4B868BCC4C868CCC52868DCC2C
:106BC00053868ECC55868FCC568690CC578691CCEA
:106BD000588692CC598693CC5B8694CC5C8695CCB7
:106BE0005D8696CC5F8697CC608698CC618699CC82
:106BF00063869ACC64869BCC65869CCC66869DCC4D
:106C000067869ECC68869FCC6986A0CC6A86A1CC1C
:106C10006D73A2CC1E63A3CC4B8EA4CC0F8EA5CCDF
:106C2000CE80A6CCD482A7CCAC62A8CCF053A9CCA1
:106C3000F06CAACC5E91ABCC2A59ACCC0160ADCC47
:106C4000706CAECC4D57AFCC4A64B0CC2A8DB1CC71
:106C50002B76B2CCE96EB3CC5B57B4CC806AB5CCA2
:106C6000F075B6CC6D6FB7CC2D8CB8CC088CB9CC88
:106C70006657BACCEF6BBBCC9288BCCCB378BDCC9A
:106C8000A263BECCF953BFCCAD70C0CC646CC1CC98
:106C90005858C2CC2A64C3CC0258C4CCE068C5CCD6
:106CA0009B81C6CC1055C7CCD67CC8CC1850C9CC5B
:106CB000BA8ECACCCC6DCBCC9F8DCCCCEB70CDCC6E
:106CC0008F63CECC9B6DCFCCD46ED0CCE67ED1CCB6
:106CD0000484D2CC4368D3CC0390D4CCD86DD5CC2B
:106CE0007696D6CCA88BD7CC5759D8CC7972D9CC3C
:106CF000E485DACC7E81DBCCBC75DCCC8A8ADDCC49
:106D0000AF68DECC5452DFCC228EE0CC1195E1CCC2
:106D1000D063E2CC9898E3CC448EE4CC7C55E5CCAF
:106D2000534FE6CCFF66E7CC8F56E8CCD560E9CC74
:106D3000956DEACC4352EBCC495CECCC2959EDCCB7
:106D4000FB6DEECC6B58EFCC3075F0CC1C75F1CCF4
:106D50006C60F2CC1482F3CC4681F4CC1163F5CC98
:106D60006167F6CCE28FF7CC3A77F8CCF38DF9CCAB
:106D7000348DFACCC194FBCC165EFCCC8553FDCC93
:106D80002C54FECCC37040CD6D8641CD6F8642CD74
:106D9000708643CD728644CD738645CD748646CDCC
:106DA000758647CD768648CD778649CD78864ACD9B
:106DB00083864BCD84864CCD85864DCD86864ECD43
:106DC00087864FCD888650CD898651CD8E8652CD0F
:106DD0008F8653CD908654CD918655CD928656CDD3
:106DE000948657CD968658CD978659CD98865ACD9C
:106DF00099865BCD9A865CCD9B865DCD9E865ECD69
:106E00009F865FCDA08660CDA18661CDA28662CD32
:106E1000A58663CDA68664CDAB8665CDAD8666CDF1
:106E2000AE8667CDB28668CDB38669CDB7866ACDAA
:106E3000B8866BCDB9866CCDBB866DCDBC866ECD6C
:106E4000BD866FCDBE8670CDBF8671CDC18672CD39
:106E5000C28673CDC38674CDC58675CDC88676CD02
:106E6000CC8677CDCD8678CDD28679CDD3867ACDB6
:106E7000D5867BCDD6867CCDD7867DCDDA867ECD78
:106E8000DC8680CDDD8681CDE08682CDE18683CD36
:106E9000E28684CDE38685CDE58686CDE68687CD00
:106EA000E78688CDE88689CDEA868ACDEB868BCDCC
:106EB000EC868CCDEF868DCDF5868ECDF6868FCD8A
:106EC000F78690CDFA8691CDFB8692CDFC8693CD48
:106ED000FD8694CDFF8695CD018796CD048797CD0D
:106EE000058798CD068799CD0B879ACD0C879BCDCA
:106EF0000E879CCD0F879DCD10879ECD11879FCD8E
:106F00001487A0CD1687A1CD406CA2CDF75EA3CD8E
:106F10005C50A4CDAD4EA5CDAD5EA6CD3A63A7CD58
:106F20004782A8CD1A90A9CD5068AACD6E91ABCD5D
:106F3000B377ACCD0C54ADCDDC94AECD645FAFCDAA
:106F4000E57AB0CD7668B1CD4563B2CD527BB3CD95
:106F5000DF7EB4CDDB75B5CD7750B6CD9562B7CDBC
:106F60003459B8CD0F90B9CDF851BACDC379BBCD56
:106F7000817ABCCDFE56BDCD925FBECD1490BFCD03
:106F8000826DC0CD605CC1CD1F57C2CD1054C3CD42
:106F90005451C4CD4D6EC5CDE256C6CDA863C7CD04
:106FA0009398C8CD7F81C9CD1587CACD2A89CBCD0D
:106FB0000090CCCD1E54CDCD6F5CCECDC081CFCD59
:106FC000D662D0CD5862D1CD3181D2CD359ED3CDD0
:106FD0004096D4CD6E9AD5CD7C9AD6CD2D69D7CD9D
:106FE000A559D8CDD362D9CD3E55DACD1663DBCDC8
:106FF000C754DCCDD986DDCD3C6DDECD035ADFCD67
:10700000E674E0CD9C88E1CD6A6BE2CD1659E3CD04
:107010004C8CE4CD2F5FE5CD7E6EE6CDA973E7CD38
:107020007D98E8CD384EE9CDF770EACD8C5BEBCD9D
:107030009778ECCD3D63EDCD5A66EECD9676EFCDEB
:10704000CB60F0CD9B5BF1CD495AF2CD074EF3CD2D
:107050005581F4CD6A6CF5CD8B73F6CDA14EF7CD8D
:107060008967F8CD517FF9CD805FFACDFA65FBCD08
:107070001B67FCCDD85FFDCD8459FECD015A40CEB3
:10708000198741CE1B8742CE1D8743CE1F8744CE32
:10709000208745CE248746CE268747CE278748CEF1
:1070A000288749CE2A874ACE2B874BCE2C874CCEB9
:1070B0002D874DCE2F874ECE30874FCE328750CE84
:1070C000338751CE358752CE368753CE388754CE4C
:1070D000398755CE3A8756CE3C8757CE3D8758CE16
:1070E000408759CE41875ACE42875BCE43875CCEDC
:1070F00044875DCE45875ECE46875FCE4A8760CEA9
:107100004B8761CE4D8762CE4F8763CE508764CE6A
:10711000518765CE528766CE548767CE558768CE35
:10712000568769CE58876ACE5A876BCE5B876CCEFE
:107130005C876DCE5D876ECE5E876FCE5F8770CECB
:10714000618771CE628772CE668773CE678774CE91
:10715000688775CE698776CE6A8777CE6B8778CE5B
:107160006C8779CE6D877ACE6F877BCE71877CCE28
:1071700072877DCE73877ECE758780CE778781CEEE
:10718000788782CE798783CE7A8784CE7F8785CEB3
:10719000808786CE818787CE848788CE868789CE72
:1071A00087878ACE89878BCE8A878CCE8C878DCE37
:1071B0008E878ECE8F878FCE908790CE918791CEFF
:1071C000928792CE948793CE958794CE968795CECC
:1071D000988796CE998797CE9A8798CE9B8799CE97
:1071E0009C879ACE9D879BCE9E879CCEA0879DCE66
:1071F000A1879ECEA2879FCEA387A0CEA487A1CE33
:10720000CD5DA2CEAE5FA3CE7153A4CEE697A5CE40
:10721000DD8FA6CE4568A7CEF456A8CE2F55A9CEB1
:10722000DF60AACE3A4EABCE4D6FACCEF47EADCE83
:10723000C782AECE0E84AFCED459B0CE1F4FB1CEE2
:107240002A4FB2CE3E5CB3CEAC7EB4CE2A67B5CE6A
:107250001A85B6CE7354B7CE4F75B8CEC380B9CEAB
:107260008255BACE4F9BBBCE4D4FBCCE2D6EBDCE00
:10727000138CBECE095CBFCE7061C0CE6B53C1CE45
:107280001F76C2CE296EC3CE8A86C4CE8765C5CE90
:10729000FB95C6CEB97EC7CE3B54C8CE337AC9CE95
:1072A0000A7DCACEEE95CBCEE155CCCEC17FCDCEF8
:1072B000EE74CECE1D63CFCE1787D0CEA16DD1CECA
:1072C0009D7AD2CE1162D3CEA165D4CE6753D5CEEE
:1072D000E163D6CE836CD7CEEB5DD8CE5C54D9CEED
:1072E000A894DACE4C4EDBCE616CDCCEEC8BDDCEDE
:1072F0004B5CDECEE065DFCE9C82E0CEA768E1CEBF
:107300003E54E2CE3454E3CECB6BE4CE666BE5CE96
:10731000944EE6CE4263E7CE4853E8CE1E82E9CED5
:107320000D4FEACEAE4FEBCE5E57ECCE0A62EDCEFD
:10733000FE96EECE6466EFCE6972F0CEFF52F1CECD
:10734000A152F2CE9F60F3CEEF8BF4CE1466F5CE51
:107350009971F6CE9067F7CE7F89F8CE5278F9CE44
:10736000FD77FACE7066FBCE3B56FCCE3854FDCE90
:107370002195FECE7A7240CFA58741CFA68742CF16
:10738000A78743CFA98744CFAA8745CFAE8746CFEB
:10739000B08747CFB18748CFB28749CFB4874ACFAC
:1073A000B6874BCFB7874CCFB8874DCFB9874ECF75
:1073B000BB874FCFBC8750CFBE8751CFBF8752CF3F
:1073C000C18753CFC28754CFC38755CFC48756CF09
:1073D000C58757CFC78758CFC88759CFC9875ACFD6
:1073E000CC875BCFCD875CCFCE875DCFCF875ECF9D
:1073F000D0875FCFD48760CFD58761CFD68762CF64
:10740000D78763CFD88764CFD98765CFDA8766CF30
:10741000DC8767CFDD8768CFDE8769CFDF876ACFFC
:10742000E1876BCFE2876CCFE3876DCFE4876ECFC8
:10743000E6876FCFE78770CFE88771CFE98772CF94
:10744000EB8773CFEC8774CFED8775CFEF8776CF5F
:10745000F08777CFF18778CFF28779CFF3877ACF2C
:10746000F4877BCFF5877CCFF6877DCFF7877ECFFC
:10747000F88780CFFA8781CFFB8782CFFC8783CFC5
:10748000FD8784CFFF8785CF008886CF018887CF8F
:10749000028888CF048889CF05888ACF06888BCF59
:1074A00007888CCF08888DCF09888ECF0B888FCF27
:1074B0000C8890CF0D8891CF0E8892CF0F8893CFF4
:1074C000108894CF118895CF128896CF148897CFC3
:1074D000178898CF188899CF19889ACF1A889BCF88
:1074E0001C889CCF1D889DCF1E889ECF1F889FCF54
:1074F0002088A0CF2388A1CF007AA2CF6F60A3CF2E
:107500000C5EA4CF8960A5CF9D81A6CF1559A7CFCA
:10751000DC60A8CF8471A9CFEF70AACFAA6EABCFE1
:10752000506CACCF8072ADCF846AAECFAD88AFCF98
:107530002D5EB0CF604EB1CFB35AB2CF9C55B3CF12
:10754000E394B4CF176DB5CFFB7CB6CF9996B7CF88
:107550000F62B8CFC67EB9CF8E77BACF7E86BBCF4B
:107560002353BCCF1E97BDCF968FBECF8766BFCFAC
:10757000E15CC0CFA04FC1CFED72C2CF0B4EC3CFE5
:10758000A653C4CF0F59C5CF1354C6CF8063C7CFFE
:107590002895C8CF4851C9CFD94ECACF9C9CCBCFD4
:1075A000A47ECCCFB854CDCF248DCECF5488CFCFAE
:1075B0003782D0CFF295D1CF8E6DD2CF265FD3CF89
:1075C000CC5AD4CF3E66D5CF6996D6CFB073D7CF3D
:1075D0002E73D8CFBF53D9CF7A81DACF8599DBCF3D
:1075E000A17FDCCFAA5BDDCF7796DECF5096DFCFD1
:1075F000BF7EE0CFF876E1CFA253E2CF7695E3CF1E
:107600009999E4CFB17BE5CF4489E6CF586EE7CFB7
:10761000614EE8CFD47FE9CF6579EACFE68BEBCF37
:10762000F360ECCFCD54EDCFAB4EEECF7998EFCFEA
:10763000F75DF0CF616AF1CFCF50F2CF1154F3CFA5
:10764000618CF4CF2784F5CF5D78F6CF0497F7CF20
:107650004A52F8CFEE54F9CFA356FACF0095FBCF9C
:10766000886DFCCFB55BFDCFC66DFECF536640D0B5
:10767000248841D0258842D0268843D0278844D00A
:10768000288845D0298846D02A8847D02B8848D0DA
:107690002C8849D02D884AD02E884BD02F884CD0AA
:1076A00030884DD031884ED033884FD0348850D078
:1076B000358851D0368852D0378853D0388854D046
:1076C0003A8855D03B8856D03D8857D03E8858D010
:1076D0003F8859D041885AD042885BD043885CD0DB
:1076E00046885DD047885ED048885FD0498860D0A2
:1076F0004A8861D04B8862D04E8863D04F8864D06E
:10770000508865D0518866D0528867D0538868D039
:10771000558869D056886AD058886BD05A886CD002
:107720005B886DD05C886ED05D886FD05E8870D0CD
:107730005F8871D0608872D0668873D0678874D093
:107740006A8875D06D8876D06F8877D0718878D048
:10775000738879D074887AD075887BD076887CD00D
:1077600078887DD079887ED07A8880D07B8881D0D7
:107770007C8882D0808883D0838884D0868885D096
:10778000878886D0898887D08A8888D08C8889D055
:107790008E888AD08F888BD090888CD091888DD01D
:1077A00093888ED094888FD0958890D0978891D0E8
:1077B000988892D0998893D09A8894D09B8895D0B5
:1077C0009D8896D09E8897D09F8898D0A08899D081
:1077D000A1889AD0A3889BD0A5889CD0A6889DD04C
:1077E000A7889ED0A8889FD0A988A0D0AA88A1D019
:1077F0000F5CA2D05D5BA3D02168A4D09680A5D0F9
:107800007855A6D0117BA7D04865A8D05469A9D0D7
:107810009B4EAAD0476BABD04E87ACD08B97ADD0E8
:107820004F53AED01F63AFD03A64B0D0AA90B1D05E
:107830009C65B2D0C180B3D0108CB4D09951B5D072
:10784000B068B6D07853B7D0F987B8D0C861B9D08E
:10785000C46CBAD0FB6CBBD0228CBCD0515CBDD008
:10786000AA85BED0AF82BFD00C95C0D0236BC1D04B
:107870009B8FC2D0B065C3D0FB5FC4D0C35FC5D0FF
:10788000E14FC6D04588C7D01F66C8D06581C9D032
:107890002973CAD0FA60CBD07451CCD01152CDD05C
:1078A0008B57CED0625FCFD0A290D0D04C88D1D0B1
:1078B0009291D2D0785ED3D04F67D4D02760D5D004
:1078C000D359D6D04451D7D0F651D8D0F880D9D09A
:1078D0000853DAD0796CDBD0C496DCD08A71DDD065
:1078E000114FDED0EE4FDFD09E7FE0D03D67E1D07C
:1078F000C555E2D00895E3D0C079E4D09688E5D0AC
:10790000E37EE6D09F58E7D00C62E8D00097E9D03C
:107910005A86EAD01856EBD07B98ECD0905FEDD029
:10792000B88BEED0C484EFD05791F0D0D953F1D0BA
:10793000ED65F2D08F5EF3D05C75F4D06460F5D065
:107940006E7DF6D07F5AF7D0EA7EF8D0ED7EF9D082
:10795000698FFAD0A755FBD0A35BFCD0AC60FDD0FB
:10796000CB65FED0847340D1AC8841D1AE8842D182
:10797000AF8843D1B08844D1B28845D1B38846D1CD
:10798000B48847D1B58848D1B68849D1B8884AD19A
:10799000B9884BD1BA884CD1BB884DD1BD884ED166
:1079A000BE884FD1BF8850D1C08851D1C38852D131
:1079B000C48853D1C78854D1C88855D1CA8856D1F4
:1079C000CB8857D1CC8858D1CD8859D1CF885AD1BE
:1079D000D0885BD1D1885CD1D3885DD1D6885ED187
:1079E000D7885FD1DA8860D1DB8861D1DC8862D149
:1079F000DD8863D1DE8864D1E08865D1E18866D115
:107A0000E68867D1E78868D1E98869D1EA886AD1D0
:107A1000EB886BD1EC886CD1ED886DD1EE886ED19E
:107A2000EF886FD1F28870D1F58871D1F68872D164
:107A3000F78873D1FA8874D1FB8875D1FD8876D127
:107A4000FF8877D1008978D1018979D103897AD1EA
:107A500004897BD105897CD106897DD107897ED1B6
:107A6000088980D1098981D10B8982D10C8983D180
:107A70000D8984D10E8985D10F8986D1118987D14D
:107A8000148988D1158989D116898AD117898BD112
:107A900018898CD11C898DD11D898ED11E898FD1D9
:107AA0001F8990D1208991D1228992D1238993D1A4
:107AB000248994D1268995D1278996D1288997D16F
:107AC000298998D12C8999D12D899AD12E899BD138
:107AD0002F899CD131899DD132899ED133899FD103
:107AE0003589A0D13789A1D10990A2D16376A3D1DC
:107AF0002977A4D1DA7EA5D17497A6D19B85A7D189
:107B0000665BA8D1747AA9D1EA96AAD14088ABD194
:107B1000CB52ACD18F71ADD1AA5FAED1EC65AFD1F4
:107B2000E28BB0D1FB5BB1D16F9AB2D1E15DB3D141
:107B3000896BB4D15B6CB5D1AD8BB6D1AF8BB7D1FE
:107B40000A90B8D1C58FB9D18B53BAD1BC62BBD121
:107B5000269EBCD12D9EBDD14054BED12B4EBFD14F
:107B6000BD82C0D15972C1D19C86C2D1165DC3D12C
:107B70005988C4D1AF6DC5D1C596C6D1D154C7D12E
:107B80009A4EC8D1B68BC9D10971CAD1BD54CBD1D7
:107B90000996CCD1DF70CDD1F96DCED1D076CFD1D1
:107BA000254ED0D11478D1D11287D2D1A95CD3D1AE
:107BB000F65ED4D1008AD5D19C98D6D10E96D7D175
:107BC0008E70D8D1BF6CD9D14459DAD1A963DBD139
:107BD0003C77DCD14D88DDD1146FDED17382DFD1EB
:107BE0003058E0D1D571E1D18C53E2D11A78E3D18C
:107BF000C196E4D10155E5D1665FE6D13071E7D198
:107C0000B45BE8D11A8CE9D18C9AEAD1836BEBD1C1
:107C10002E59ECD12F9EEDD1E779EED16867EFD1E7
:107C20006C62F0D16F4FF1D1A175F2D18A7FF3D19F
:107C30000B6DF4D13396F5D1276CF6D1F04EF7D118
:107C4000D275F8D17B51F9D13768FAD13E6FFBD1AB
:107C50008090FCD17081FDD19659FED1767440D2CE
:107C6000388941D2398942D23A8943D23B8944D2B8
:107C70003C8945D23D8946D23E8947D23F8948D288
:107C8000408949D242894AD243894BD245894CD254
:107C900046894DD247894ED248894FD2498950D220
:107CA0004A8951D24B8952D24C8953D24D8954D2F0
:107CB0004E8955D24F8956D2508957D2518958D2C0
:107CC000528959D253895AD254895BD255895CD290
:107CD00056895DD257895ED258895FD2598960D260
:107CE0005A8961D25B8962D25C8963D25D8964D230
:107CF000608965D2618966D2628967D2638968D2F8
:107D0000648969D265896AD267896BD268896CD2C5
:107D100069896DD26A896ED26B896FD26C8970D293
:107D20006D8971D26E8972D26F8973D2708974D263
:107D3000718975D2728976D2738977D2748978D233
:107D4000758979D276897AD277897BD278897CD203
:107D500079897DD27A897ED27C8980D27D8981D2CF
:107D60007E8982D2808983D2828984D2848985D295
:107D7000858986D2878987D2888988D2898989D25C
:107D80008A898AD28B898BD28C898CD28D898DD22B
:107D90008E898ED28F898FD2908990D2918991D2FB
:107DA000928992D2938993D2948994D2958995D2CB
:107DB000968996D2978997D2988998D2998999D29B
:107DC0009A899AD29B899BD29C899CD29D899DD26B
:107DD0009E899ED29F899FD2A089A0D2A189A1D23B
:107DE0004764A2D2275CA3D26590A4D2917AA5D28F
:107DF000238CA6D2DA59A7D2AC54A8D20082A9D239
:107E00006F83AAD28189ABD20080ACD23069ADD267
:107E10004E56AED23680AFD23772B0D2CE91B1D2FA
:107E2000B651B2D25F4EB3D27598B4D29663B5D282
:107E30001A4EB6D2F653B7D2F366B8D24B81B9D246
:107E40001C59BAD2B26DBBD2004EBCD2F958BDD2C9
:107E50003B53BED2D663BFD2F194C0D29D4FC1D2A4
:107E60000A4FC2D26388C3D29098C4D23759C5D2C0
:107E70005790C6D2FB79C7D2EA4EC8D2F080C9D299
:107E80009175CAD2826CCBD29C5BCCD2E859CDD250
:107E90005D5FCED20569CFD28186D0D21A50D1D2C1
:107EA000F25DD2D2594ED3D2E377D4D2E54ED5D2B9
:107EB0007A82D6D29162D7D21366D8D29190D9D293
:107EC000795CDAD2BF4EDBD2795FDCD2C681DDD2FB
:107ED0003890DED28480DFD2AB75E0D2A64EE1D2FC
:107EE000D488E2D20F61E3D2C56BE4D2C65FE5D29B
:107EF000494EE6D2CA76E7D2A26EE8D2E38BE9D247
:107F0000AE8BEAD20A8CEBD2D18BECD2025FEDD2EF
:107F1000FC7FEED2CC7FEFD2CE7EF0D23583F1D291
:107F20006B83F2D2E056F3D2B76BF4D2F397F5D26B
:107F30003496F6D2FB59F7D21F54F8D2F694F9D200
:107F4000EB6DFAD2C55BFBD26E99FCD2395CFDD2E7
:107F5000155FFED2909640D3A28941D3A38942D324
:107F6000A48943D3A58944D3A68945D3A78946D3F9
:107F7000A88947D3A98948D3AA8949D3AB894AD3C9
:107F8000AC894BD3AD894CD3AE894DD3AF894ED399
:107F9000B0894FD3B18950D3B28951D3B38952D369
:107FA000B48953D3B58954D3B68955D3B78956D339
:107FB000B88957D3B98958D3BA8959D3BB895AD309
:107FC000BC895BD3BD895CD3BE895DD3BF895ED3D9
:107FD000C0895FD3C38960D3CD8961D3D38962D38C
:107FE000D48963D3D58964D3D78965D3D88966D337
:107FF000D98967D3DB8968D3DD8969D3DF896AD3FF
:10800000E0896BD3E1896CD3E2896DD3E4896ED3C7
:10801000E7896FD3E88970D3E98971D3EA8972D38C
:10802000EC8973D3ED8974D3EE8975D3F08976D357
:10803000F18977D3F28978D3F48979D3F5897AD322
:10804000F6897BD3F7897CD3F8897DD3F9897ED3F0
:10805000FA8980D3FB8981D3FC8982D3FD8983D3BC
:10806000FE8984D3FF8985D3018A86D3028A87D388
:10807000038A88D3048A89D3058A8AD3068A8BD354
:10808000088A8CD3098A8DD30A8A8ED30B8A8FD320
:108090000C8A90D30D8A91D30E8A92D30F8A93D3F0
:1080A000108A94D3118A95D3128A96D3138A97D3C0
:1080B000148A98D3158A99D3168A9AD3178A9BD390
:1080C000188A9CD3198A9DD31A8A9ED31B8A9FD360
:1080D0001C8AA0D31D8AA1D37053A2D3F182A3D34B
:1080E000316AA4D3745AA5D3709EA6D3945EA7D345
:1080F000287FA8D3B983A9D32484AAD32584ABD35A
:108100006783ACD34787ADD3CE8FAED3628DAFD369
:10811000C876B0D3715FB1D39698B2D36C78B3D32D
:108120002066B4D3DF54B5D3E562B6D3634FB7D37B
:10813000C381B8D3C875B9D3B85EBAD3CD96BBD313
:108140000A8EBCD3F986BDD38F54BED3F36CBFD394
:108150008C6DC0D3386CC1D37F60C2D3C752C3D338
:108160002875C4D37D5EC5D3184FC6D3A060C7D3CE
:10817000E75FC8D3245CC9D33175CAD3AE90CBD3E3
:10818000C094CCD3B972CDD3B96CCED3386ECFD323
:108190004991D0D30967D1D3CB53D2D3F353D3D39F
:1081A000514FD4D3C991D5D3F18BD6D3C853D7D39C
:1081B0007C5ED8D3C28FD9D3E46DDAD38E4EDBD3B5
:1081C000C276DCD38669DDD35E86DED31A61DFD367
:1081D0000682E0D3594FE1D3DE4FE2D33E90E3D3A2
:1081E0007C9CE4D30961E5D31D6EE6D3146EE7D31E
:1081F0008596E8D3884EE9D3315AEAD3E896EBD393
:108200000E4EECD37F5CEDD3B979EED3875BEFD321
:10821000ED8BF0D3BD7FF1D38973F2D3DF57F3D366
:108220008B82F4D3C190F5D30154F6D34790F7D3A2
:10823000BB55F8D3EA5CF9D3A15FFAD30861FBD34D
:10824000326BFCD3F172FDD3B280FED3898A40D465
:108250001E8A41D41F8A42D4208A43D4218A44D41E
:10826000228A45D4238A46D4248A47D4258A48D4EE
:10827000268A49D4278A4AD4288A4BD4298A4CD4BE
:108280002A8A4DD42B8A4ED42C8A4FD42D8A50D48E
:108290002E8A51D42F8A52D4308A53D4318A54D45E
:1082A000328A55D4338A56D4348A57D4358A58D42E
:1082B000368A59D4378A5AD4388A5BD4398A5CD4FE
:1082C0003A8A5DD43B8A5ED43C8A5FD43D8A60D4CE
:1082D0003F8A61D4408A62D4418A63D4428A64D49A
:1082E000438A65D4448A66D4458A67D4468A68D46A
:1082F000478A69D4498A6AD44A8A6BD44B8A6CD437
:108300004C8A6DD44D8A6ED44E8A6FD44F8A70D405
:10831000508A71D4518A72D4528A73D4538A74D4D5
:10832000548A75D4558A76D4568A77D4578A78D4A5
:10833000588A79D4598A7AD45A8A7BD45B8A7CD475
:108340005C8A7DD45D8A7ED45E8A80D45F8A81D443
:10835000608A82D4618A83D4628A84D4638A85D411
:10836000648A86D4658A87D4668A88D4678A89D4E1
:10837000688A8AD4698A8BD46A8A8CD46B8A8DD4B1
:108380006C8A8ED46D8A8FD46E8A90D46F8A91D481
:10839000708A92D4718A93D4728A94D4738A95D451
:1083A000748A96D4758A97D4768A98D4778A99D421
:1083B000788A9AD47A8A9BD47B8A9CD47C8A9DD4EE
:1083C0007D8A9ED47E8A9FD47F8AA0D4808AA1D4BD
:1083D000746DA2D4D35BA3D4D588A4D48498A5D437
:1083E0006B8CA6D46D9AA7D4339EA8D40A6EA9D458
:1083F000A451AAD44351ABD4A357ACD48188ADD4F3
:108400009F53AED4F463AFD4958FB0D4ED56B1D4AE
:108410005854B2D40657B3D43F73B4D4906EB5D485
:10842000187FB6D4DC8FB7D4D182B8D43F61B9D429
:108430002860BAD46296BBD4F066BCD4A67EBDD404
:108440008A8DBED4C38DBFD4A594C0D4B35CC1D42F
:10845000A47CC2D40867C3D4A660C4D40596C5D48E
:108460001880C6D4914EC7D4E790C8D40053C9D45D
:108470006896CAD44151CBD4D08FCCD47485CDD496
:108480005D91CED45566CFD4F597D0D4555BD1D479
:108490001D53D2D43878D3D44267D4D43D68D5D4D0
:1084A000C954D6D47E70D7D4B05BD8D47D8FD9D4FC
:1084B0008D51DAD42857DBD4B154DCD41265DDD425
:1084C0008266DED45E8DDFD4438DE0D40F81E1D4AB
:1084D0006C84E2D46D90E3D4DF7CE4D4FF51E5D426
:1084E000FB85E6D4A367E7D4E965E8D4A16FE9D4B6
:1084F000A486EAD4818EEBD46A56ECD42090EDD4D5
:108500008276EED47670EFD4E571F0D4238DF1D479
:10851000E962F2D41952F3D4FD6CF4D43C8DF5D455
:108520000E60F6D49E58F7D48E61F8D4FE66F9D466
:10853000608DFAD44E62FBD4B355FCD4236EFDD4C7
:108540002D67FED4678F40D5818A41D5828A42D576
:10855000838A43D5848A44D5858A45D5868A46D57B
:10856000878A47D5888A48D58B8A49D58C8A4AD547
:108570008D8A4BD58E8A4CD58F8A4DD5908A4ED513
:10858000918A4FD5928A50D5948A51D5958A52D5E1
:10859000968A53D5978A54D5988A55D5998A56D5AF
:1085A0009A8A57D59B8A58D59C8A59D59D8A5AD57F
:1085B0009E8A5BD59F8A5CD5A08A5DD5A18A5ED54F
:1085C000A28A5FD5A38A60D5A48A61D5A58A62D51F
:1085D000A68A63D5A78A64D5A88A65D5A98A66D5EF
:1085E000AA8A67D5AB8A68D5AC8A69D5AD8A6AD5BF
:1085F000AE8A6BD5AF8A6CD5B08A6DD5B18A6ED58F
:10860000B28A6FD5B38A70D5B48A71D5B58A72D55E
:10861000B68A73D5B78A74D5B88A75D5B98A76D52E
:10862000BA8A77D5BB8A78D5BC8A79D5BD8A7AD5FE
:10863000BE8A7BD5BF8A7CD5C08A7DD5C18A7ED5CE
:10864000C28A80D5C38A81D5C48A82D5C58A83D59A
:10865000C68A84D5C78A85D5C88A86D5C98A87D56A
:10866000CA8A88D5CB8A89D5CC8A8AD5CD8A8BD53A
:10867000CE8A8CD5CF8A8DD5D08A8ED5D18A8FD50A
:10868000D28A90D5D38A91D5D48A92D5D58A93D5DA
:10869000D68A94D5D78A95D5D88A96D5D98A97D5AA
:1086A000DA8A98D5DB8A99D5DC8A9AD5DD8A9BD57A
:1086B000DE8A9CD5DF8A9DD5E08A9ED5E18A9FD54A
:1086C000E28AA0D5E38AA1D5E194A2D5F895A3D5F5
:1086D0002877A4D50568A5D5A869A6D58B54A7D5B4
:1086E0004D4EA8D5B870A9D5C88BAAD55864ABD5BE
:1086F0008B65ACD5855BADD5847AAED53A50AFD518
:10870000E85BB0D5BB77B1D5E16BB2D5798AB3D58B
:10871000987CB4D5BE6CB5D5CF76B6D5A965B7D59E
:10872000978FB8D52D5DB9D5555CBAD53886BBD5F0
:108730000868BCD56053BDD51862BED5D97ABFD5FF
:108740005B6EC0D5FD7EC1D51F6AC2D5E07AC3D5A8
:10875000705FC4D5336FC5D5205FC6D58C63C7D5D0
:10876000A86DC8D55667C9D5084ECAD5105ECBD5F9
:10877000268DCCD5D74ECDD5C080CED53476CFD5AD
:108780009C96D0D5DB62D1D52D66D2D57E62D3D56D
:10879000BC6CD4D5758DD5D56771D6D5697FD7D545
:1087A0004651D8D58780D9D5EC53DAD56E90DBD534
:1087B0009862DCD5F254DDD5F086DED5998FDFD511
:1087C0000580E0D51795E1D51785E2D5D98FE3D59A
:1087D000596DE4D5CD73E5D59F65E6D51F77E7D50F
:1087E0000475E8D52778E9D5FB81EAD51E8DEBD550
:1087F0008894ECD5A64FEDD59567EED5B975EFD534
:10880000CA8BF0D50797F1D52F63F2D54795F3D5ED
:108810003596F4D5B884F5D52363F6D54177F7D5E9
:10882000815FF8D5F072F9D5894EFAD51460FBD581
:108830007465FCD5EF62FDD5636BFED53F6540D610
:10884000E48A41D6E58A42D6E68A43D6E78A44D608
:10885000E88A45D6E98A46D6EA8A47D6EB8A48D6D8
:10886000EC8A49D6ED8A4AD6EE8A4BD6EF8A4CD6A8
:10887000F08A4DD6F18A4ED6F28A4FD6F38A50D678
:10888000F48A51D6F58A52D6F68A53D6F78A54D648
:10889000F88A55D6F98A56D6FA8A57D6FB8A58D618
:1088A000FC8A59D6FD8A5AD6FE8A5BD6FF8A5CD6E8
:1088B000008B5DD6018B5ED6028B5FD6038B60D6B4
:1088C000048B61D6058B62D6068B63D6088B64D683
:1088D000098B65D60A8B66D60B8B67D60C8B68D650
:1088E0000D8B69D60E8B6AD60F8B6BD6108B6CD620
:1088F000118B6DD6128B6ED6138B6FD6148B70D6F0
:10890000158B71D6168B72D6178B73D6188B74D6BF
:10891000198B75D61A8B76D61B8B77D61C8B78D68F
:108920001D8B79D61E8B7AD61F8B7BD6208B7CD65F
:10893000218B7DD6228B7ED6238B80D6248B81D62D
:10894000258B82D6278B83D6288B84D6298B85D6F8
:108950002A8B86D62B8B87D62C8B88D62D8B89D6C7
:108960002E8B8AD62F8B8BD6308B8CD6318B8DD697
:10897000328B8ED6338B8FD6348B90D6358B91D667
:10898000368B92D6378B93D6388B94D6398B95D637
:108990003A8B96D63B8B97D63C8B98D63D8B99D607
:1089A0003E8B9AD63F8B9BD6408B9CD6418B9DD6D7
:1089B000428B9ED6438B9FD6448BA0D6458BA1D6A7
:1089C000275EA2D6C775A3D6D190A4D6C18BA5D653
:1089D0009D82A6D69D67A7D62F65A8D63154A9D665
:1089E0001887AAD6E577ABD6A280ACD60281ADD6E1
:1089F000416CAED64B4EAFD6C77EB0D64C80B1D60A
:108A0000F476B2D60D69B3D6966BB4D66762B5D696
:108A10003C50B6D6844FB7D64057B8D60763B9D6C0
:108A2000626BBAD6BE8DBBD6EA53BCD6E865BDD65E
:108A3000B87EBED6D75FBFD61A63C0D6B763C1D6DD
:108A4000F381C2D6F481C3D66E7FC4D61C5EC5D670
:108A5000D95CC6D63652C7D67A66C8D6E979C9D6A1
:108A60001A7ACAD6288DCBD69970CCD6D475CDD6E5
:108A7000DE6ECED6BB6CCFD6927AD0D62D4ED1D666
:108A8000C576D2D6E05FD3D69F94D4D67788D5D694
:108A9000C87ED6D6CD79D7D6BF80D8D6CD91D9D6F7
:108AA000F24EDAD6174FDBD61F82DCD66854DDD6FD
:108AB000DE5DDED6326DDFD6CC8BE0D6A57CE1D68E
:108AC000748FE2D69880E3D61A5EE4D69254E5D647
:108AD000B176E6D6995BE7D63C66E8D6A49AE9D6A5
:108AE000E073EAD62A68EBD6DB86ECD63167EDD6A2
:108AF0002A73EED6F88BEFD6DB8BF0D61090F1D63A
:108B0000F97AF2D6DB70F3D66E71F4D6C462F5D67C
:108B1000A977F6D63156F7D63B4EF8D65784F9D614
:108B2000F167FAD6A952FBD6C086FCD62E8DFDD6AB
:108B3000F894FED6517B40D7468B41D7478B42D71E
:108B4000488B43D7498B44D74A8B45D74B8B46D765
:108B50004C8B47D74D8B48D74E8B49D74F8B4AD735
:108B6000508B4BD7518B4CD7528B4DD7538B4ED705
:108B7000548B4FD7558B50D7568B51D7578B52D7D5
:108B8000588B53D7598B54D75A8B55D75B8B56D7A5
:108B90005C8B57D75D8B58D75E8B59D75F8B5AD775
:108BA000608B5BD7618B5CD7628B5DD7638B5ED745
:108BB000648B5FD7658B60D7678B61D7688B62D713
:108BC000698B63D76A8B64D76B8B65D76D8B66D7E0
:108BD0006E8B67D76F8B68D7708B69D7718B6AD7AD
:108BE000728B6BD7738B6CD7748B6DD7758B6ED77D
:108BF000768B6FD7778B70D7788B71D7798B72D74D
:108C00007A8B73D77B8B74D77C8B75D77D8B76D71C
:108C10007E8B77D77F8B78D7808B79D7818B7AD7EC
:108C2000828B7BD7838B7CD7848B7DD7858B7ED7BC
:108C3000868B80D7878B81D7888B82D7898B83D788
:108C40008A8B84D78B8B85D78C8B86D78D8B87D758
:108C50008E8B88D78F8B89D7908B8AD7918B8BD728
:108C6000928B8CD7938B8DD7948B8ED7958B8FD7F8
:108C7000968B90D7978B91D7988B92D7998B93D7C8
:108C80009A8B94D79B8B95D79C8B96D79D8B97D798
:108C90009E8B98D79F8B99D7AC8B9AD7B18B9BD74C
:108CA000BB8B9CD7C78B9DD7D08B9ED7EA8B9FD78A
:108CB000098CA0D71E8CA1D74F4FA2D7E86CA3D7A1
:108CC0005D79A4D77B9AA5D79362A6D72A72A7D736
:108CD000FD62A8D7134EA9D71678AAD76C8FABD749
:108CE000B064ACD75A8DADD7C67BAED76968AFD765
:108CF000845EB0D7C588B1D78659B2D79E64B3D742
:108D0000EE58B4D7B672B5D70E69B6D72595B7D792
:108D1000FD8FB8D7588DB9D76057BAD7007FBBD76A
:108D2000068CBCD7C651BDD74963BED7D962BFD761
:108D30005353C0D74C68C1D72274C2D70183C3D75D
:108D40004C91C4D74455C5D74077C6D77C70C7D798
:108D50004A6DC8D77951C9D7A854CAD7448DCBD743
:108D6000FF59CCD7CB6ECDD7C46DCED75C5BCFD7F8
:108D70002B7DD0D7D44ED1D77D7CD2D7D36ED3D74D
:108D8000505BD4D7EA81D5D70D6ED6D7575BD7D7EE
:108D9000039BD8D7D568D9D72A8EDAD7975BDBD78C
:108DA000FC7EDCD73B60DDD7B57EDED7B990DFD760
:108DB000708DE0D74F59E1D7CD63E2D7DF79E3D7A4
:108DC000B38DE4D75253E5D7CF65E6D75679E7D7C9
:108DD000C58BE8D73B96E9D7C47EEAD7BB94EBD7DF
:108DE000827EECD73456EDD78991EED70067EFD766
:108DF0006A7FF0D70A5CF1D77590F2D72866F3D76F
:108E0000E65DF4D7504FF5D7DE67F6D75A50F7D75F
:108E10005C4FF8D75057F9D7A75E40D8388C41D867
:108E2000398C42D83A8C43D83B8C44D83C8C45D8BA
:108E30003D8C46D83E8C47D83F8C48D8408C49D88A
:108E4000428C4AD8438C4BD8448C4CD8458C4DD856
:108E5000488C4ED84A8C4FD84B8C50D84D8C51D81A
:108E60004E8C52D84F8C53D8508C54D8518C55D8E6
:108E7000528C56D8538C57D8548C58D8568C59D8B5
:108E8000578C5AD8588C5BD8598C5CD85B8C5DD881
:108E90005C8C5ED85D8C5FD85E8C60D85F8C61D84E
:108EA000608C62D8638C63D8648C64D8658C65D818
:108EB000668C66D8678C67D8688C68D8698C69D8E6
:108EC0006C8C6AD86D8C6BD86E8C6CD86F8C6DD8AE
:108ED000708C6ED8718C6FD8728C70D8748C71D87D
:108EE000758C72D8768C73D8778C74D87B8C75D847
:108EF0007C8C76D87D8C77D87E8C78D87F8C79D80E
:108F0000808C7AD8818C7BD8838C7CD8848C7DD8DB
:108F1000868C7ED8878C80D8888C81D88B8C82D8A0
:108F20008D8C83D88E8C84D88F8C85D8908C86D865
:108F3000918C87D8928C88D8938C89D8958C8AD834
:108F4000968C8BD8978C8CD8998C8DD89A8C8ED8FF
:108F50009B8C8FD89C8C90D89D8C91D89E8C92D8CD
:108F60009F8C93D8A08C94D8A18C95D8A28C96D89D
:108F7000A38C97D8A48C98D8A58C99D8A68C9AD86D
:108F8000A78C9BD8A88C9CD8A98C9DD8AA8C9ED83D
:108F9000AB8C9FD8AC8CA0D8AD8CA1D88D4EA2D86C
:108FA0000C4EA3D84051A4D8104EA5D8FF5EA6D829
:108FB0004553A7D8154EA8D8984EA9D81E4EAAD862
:108FC000329BABD86C5BACD86956ADD8284EAED8C6
:108FD000BA79AFD83F4EB0D81553B1D8474EB2D8B2
:108FE0002D59B3D83B72B4D86E53B5D8106CB6D8DF
:108FF000DF56B7D8E480B8D89799B9D8D36BBAD828
:109000007E77BBD8179FBCD8364EBDD89F4EBED8F2
:10901000109FBFD85C4EC0D8694EC1D8934EC2D8FD
:109020008882C3D85B5BC4D86C55C5D80F56C6D8E8
:10903000C44EC7D88D53C8D89D53C9D8A353CAD8D6
:10904000A553CBD8AE53CCD86597CDD85D8DCED8AF
:109050001A53CFD8F553D0D82653D1D82E53D2D8BF
:109060003E53D3D85C8DD4D86653D5D86353D6D865
:109070000252D7D80852D8D80E52D9D82D52DAD8A1
:109080003352DBD83F52DCD84052DDD84C52DED8C8
:109090005E52DFD86152E0D85C52E1D8AF84E2D8AA
:1090A0007D52E3D88252E4D88152E5D89052E6D876
:1090B0009352E7D88251E8D8547FE9D8BB4EEAD81A
:1090C000C34EEBD8C94EECD8C24EEDD8E84EEED820
:1090D000E14EEFD8EB4EF0D8DE4EF1D81B4FF2D870
:1090E000F34EF3D8224FF4D8644FF5D8F54EF6D8A6
:1090F000254FF7D8274FF8D8094FF9D82B4FFAD872
:109100005E4FFBD8674FFCD83865FDD85A4FFED864
:109110005D4F40D9AE8C41D9AF8C42D9B08C43D988
:10912000B18C44D9B28C45D9B38C46D9B48C47D9CB
:10913000B58C48D9B68C49D9B78C4AD9B88C4BD99B
:10914000B98C4CD9BA8C4DD9BB8C4ED9BC8C4FD96B
:10915000BD8C50D9BE8C51D9BF8C52D9C08C53D93B
:10916000C18C54D9C28C55D9C38C56D9C48C57D90B
:10917000C58C58D9C68C59D9C78C5AD9C88C5BD9DB
:10918000C98C5CD9CA8C5DD9CB8C5ED9CC8C5FD9AB
:10919000CD8C60D9CE8C61D9CF8C62D9D08C63D97B
:1091A000D18C64D9D28C65D9D38C66D9D48C67D94B
:1091B000D58C68D9D68C69D9D78C6AD9D88C6BD91B
:1091C000D98C6CD9DA8C6DD9DB8C6ED9DC8C6FD9EB
:1091D000DD8C70D9DE8C71D9DF8C72D9E08C73D9BB
:1091E000E18C74D9E28C75D9E38C76D9E48C77D98B
:1091F000E58C78D9E68C79D9E78C7AD9E88C7BD95B
:10920000E98C7CD9EA8C7DD9EB8C7ED9EC8C80D929
:10921000ED8C81D9EE8C82D9EF8C83D9F08C84D9F6
:10922000F18C85D9F28C86D9F38C87D9F48C88D9C6
:10923000F58C89D9F68C8AD9F78C8BD9F88C8CD996
:10924000F98C8DD9FA8C8ED9FB8C8FD9FC8C90D966
:10925000FD8C91D9FE8C92D9FF8C93D9008D94D935
:10926000018D95D9028D96D9038D97D9048D98D902
:10927000058D99D9068D9AD9078D9BD9088D9CD9D2
:10928000098D9DD90A8D9ED90B8D9FD90C8DA0D9A2
:109290000D8DA1D95F4FA2D9574FA3D9324FA4D971
:1092A0003D4FA5D9764FA6D9744FA7D9914FA8D9CC
:1092B000894FA9D9834FAAD98F4FABD97E4FACD94B
:1092C0007B4FADD9AA4FAED97C4FAFD9AC4FB0D9F7
:1092D000944FB1D9E64FB2D9E84FB3D9EA4FB4D9D8
:1092E000C54FB5D9DA4FB6D9E34FB7D9DC4FB8D9A6
:1092F000D14FB9D9DF4FBAD9F84FBBD92950BCD912
:109300004C50BDD9F34FBED92C50BFD90F50C0D946
:109310002E50C1D92D50C2D9FE4FC3D91C50C4D92B
:109320000C50C5D92550C6D92850C7D97E50C8D9A8
:109330004350C9D95550CAD94850CBD94E50CCD931
:109340006C50CDD97B50CED9A550CFD9A750D0D90C
:10935000A950D1D9BA50D2D9D650D3D90651D4D9DF
:10936000ED50D5D9EC50D6D9E650D7D9EE50D8D952
:109370000751D9D90B51DAD9DD4EDBD93D6CDCD997
:10938000584FDDD9654FDED9CE4FDFD9A09FE0D948
:10939000466CE1D9747CE2D96E51E3D9FD5DE4D924
:1093A000C99EE5D99899E6D98151E7D91459E8D9E8
:1093B000F952E9D90D53EAD9078AEBD91053ECD900
:1093C000EB51EDD91959EED95551EFD9A04EF0D93D
:1093D0005651F1D9B34EF2D96E88F3D9A488F4D995
:1093E000B54EF5D91481F6D9D288F7D98079F8D954
:1093F000345BF9D90388FAD9B87FFBD9AB51FCD9D2
:10940000B151FDD9BD51FED9BC5140DA0E8D41DAC2
:109410000F8D42DA108D43DA118D44DA128D45DA60
:10942000138D46DA148D47DA158D48DA168D49DA30
:10943000178D4ADA188D4BDA198D4CDA1A8D4DDA00
:109440001B8D4EDA1C8D4FDA208D50DA518D51DA9A
:10945000528D52DA578D53DA5F8D54DA658D55DAB5
:10946000688D56DA698D57DA6A8D58DA6C8D59DA5B
:109470006E8D5ADA6F8D5BDA718D5CDA728D5DDA22
:10948000788D5EDA798D5FDA7A8D60DA7B8D61DADC
:109490007C8D62DA7D8D63DA7E8D64DA7F8D65DAAC
:1094A000808D66DA828D67DA838D68DA868D69DA77
:1094B000878D6ADA888D6BDA898D6CDA8C8D6DDA3E
:1094C0008D8D6EDA8E8D6FDA8F8D70DA908D71DA08
:1094D000928D72DA938D73DA958D74DA968D75DAD2
:1094E000978D76DA988D77DA998D78DA9A8D79DAA0
:1094F0009B8D7ADA9C8D7BDA9D8D7CDA9E8D7DDA70
:10950000A08D7EDAA18D80DAA28D81DAA48D82DA37
:10951000A58D83DAA68D84DAA78D85DAA88D86DA03
:10952000A98D87DAAA8D88DAAB8D89DAAC8D8ADAD3
:10953000AD8D8BDAAE8D8CDAAF8D8DDAB08D8EDAA3
:10954000B28D8FDAB68D90DAB78D91DAB98D92DA65
:10955000BB8D93DABD8D94DAC08D95DAC18D96DA24
:10956000C28D97DAC58D98DAC78D99DAC88D9ADAE7
:10957000C98D9BDACA8D9CDACD8D9DDAD08D9EDAAD
:10958000D28D9FDAD38DA0DAD48DA1DAC751A2DAB9
:109590009651A3DAA251A4DAA551A5DAA08BA6DAD6
:1095A000A68BA7DAA78BA8DAAA8BA9DAB48BAADADA
:1095B000B58BABDAB78BACDAC28BADDAC38BAEDA74
:1095C000CB8BAFDACF8BB0DACE8BB1DAD28BB2DA0B
:1095D000D38BB3DAD48BB4DAD68BB5DAD88BB6DAD0
:1095E000D98BB7DADC8BB8DADF8BB9DAE08BBADA91
:1095F000E48BBBDAE88BBCDAE98BBDDAEE8BBEDA42
:10960000F08BBFDAF38BC0DAF68BC1DAF98BC2DAF2
:10961000FC8BC3DAFF8BC4DA008CC5DA028CC6DAA5
:10962000048CC7DA078CC8DA0C8CC9DA0F8CCADA5A
:10963000118CCBDA128CCCDA148CCDDA158CCEDA14
:10964000168CCFDA198CD0DA1B8CD1DA188CD2DADE
:109650001D8CD3DA1F8CD4DA208CD5DA218CD6DAA3
:10966000258CD7DA278CD8DA2A8CD9DA2B8CDADA5F
:109670002E8CDBDA2F8CDCDA328CDDDA338CDEDA1E
:10968000358CDFDA368CE0DA6953E1DA7A53E2DAE4
:109690001D96E3DA2296E4DA2196E5DA3196E6DAE7
:1096A0002A96E7DA3D96E8DA3C96E9DA4296EADA73
:1096B0004996EBDA5496ECDA5F96EDDA6796EEDAD5
:1096C0006C96EFDA7296F0DA7496F1DA8896F2DA3E
:1096D0008D96F3DA9796F4DAB096F5DA9790F6DA93
:1096E0009B90F7DA9D90F8DA9990F9DAAC90FADA73
:1096F000A190FBDAB490FCDAB390FDDAB690FEDA12
:10970000BA9040DBD58D41DBD88D42DBD98D43DB70
:10971000DC8D44DBE08D45DBE18D46DBE28D47DB14
:10972000E58D48DBE68D49DBE78D4ADBE98D4BDBD8
:10973000ED8D4CDBEE8D4DDBF08D4EDBF18D4FDB97
:10974000F28D50DBF48D51DBF68D52DBFC8D53DB5B
:10975000FE8D54DBFF8D55DB008E56DB018E57DB13
:10976000028E58DB038E59DB048E5ADB068E5BDBE0
:10977000078E5CDB088E5DDB0B8E5EDB0D8E5FDBA8
:109780000E8E60DB108E61DB118E62DB128E63DB6E
:10979000138E64DB158E65DB168E66DB178E67DB3A
:1097A000188E68DB198E69DB1A8E6ADB1B8E6BDB09
:1097B0001C8E6CDB208E6DDB218E6EDB248E6FDBCE
:1097C000258E70DB268E71DB278E72DB288E73DB95
:1097D0002B8E74DB2D8E75DB308E76DB328E77DB55
:1097E000338E78DB348E79DB368E7ADB378E7BDB1B
:1097F000388E7CDB3B8E7DDB3C8E7EDB3E8E80DBE1
:109800003F8E81DB438E82DB458E83DB468E84DB9D
:109810004C8E85DB4D8E86DB4E8E87DB4F8E88DB54
:10982000508E89DB538E8ADB548E8BDB558E8CDB1E
:10983000568E8DDB578E8EDB588E8FDB5A8E90DBEB
:109840005B8E91DB5C8E92DB5D8E93DB5E8E94DBB8
:109850005F8E95DB608E96DB618E97DB628E98DB88
:10986000638E99DB648E9ADB658E9BDB678E9CDB57
:10987000688E9DDB6A8E9EDB6B8E9FDB6E8EA0DB1F
:10988000718EA1DBB890A2DBB090A3DBCF90A4DBFC
:10989000C590A5DBBE90A6DBD090A7DBC490A8DB6B
:1098A000C790A9DBD390AADBE690ABDBE290ACDB00
:1098B000DC90ADDBD790AEDBDB90AFDBEB90B0DBC9
:1098C000EF90B1DBFE90B2DB0491B3DB2291B4DB0D
:1098D0001E91B5DB2391B6DB3191B7DB2F91B8DB5D
:1098E0003991B9DB4391BADB4691BBDB0D52BCDB4E
:1098F0004259BDDBA252BEDBAC52BFDBAD52C0DB76
:10990000BE52C1DBFF54C2DBD052C3DBD652C4DB34
:10991000F052C5DBDF53C6DBEE71C7DBCD77C8DBAA
:10992000F45EC9DBF551CADBFC51CBDB2F9BCCDBF2
:10993000B653CDDB015FCEDB5A75CFDBEF5DD0DBFD
:109940004C57D1DBA957D2DBA157D3DB7E58D4DBF0
:10995000BC58D5DBC558D6DBD158D7DB2957D8DB67
:109960002C57D9DB2A57DADB3357DBDB3957DCDB03
:109970002E57DDDB2F57DEDB5C57DFDB3B57E0DBB1
:109980004257E1DB6957E2DB8557E3DB6B57E4DBEA
:109990008657E5DB7C57E6DB7B57E7DB6857E8DB80
:1099A0006D57E9DB7657EADB7357EBDBAD57ECDB42
:1099B000A457EDDB8C57EEDBB257EFDBCF57F0DB74
:1099C000A757F1DBB457F2DB9357F3DBA057F4DB77
:1099D000D557F5DBD857F6DBDA57F7DBD957F8DB85
:1099E000D257F9DBB857FADBF457FBDBEF57FCDB58
:1099F000F857FDDBE457FEDBDD5740DC738E41DCBE
:109A0000758E42DC778E43DC788E44DC798E45DCC3
:109A10007A8E46DC7B8E47DC7D8E48DC7E8E49DC90
:109A2000808E4ADC828E4BDC838E4CDC848E4DDC57
:109A3000868E4EDC888E4FDC898E50DC8A8E51DC1F
:109A40008B8E52DC8C8E53DC8D8E54DC8E8E55DCEE
:109A5000918E56DC928E57DC938E58DC958E59DCB5
:109A6000968E5ADC978E5BDC988E5CDC998E5DDC82
:109A70009A8E5EDC9B8E5FDC9D8E60DC9F8E61DC4F
:109A8000A08E62DCA18E63DCA28E64DCA38E65DC1A
:109A9000A48E66DCA58E67DCA68E68DCA78E69DCEA
:109AA000A88E6ADCA98E6BDCAA8E6CDCAD8E6DDCB8
:109AB000AE8E6EDCB08E6FDCB18E70DCB38E71DC7E
:109AC000B48E72DCB58E73DCB68E74DCB78E75DC4A
:109AD000B88E76DCB98E77DCBB8E78DCBC8E79DC18
:109AE000BD8E7ADCBE8E7BDCBF8E7CDCC08E7DDCE6
:109AF000C18E7EDCC28E80DCC38E81DCC48E82DCB3
:109B0000C58E83DCC68E84DCC78E85DCC88E86DC81
:109B1000C98E87DCCA8E88DCCB8E89DCCC8E8ADC51
:109B2000CD8E8BDCCF8E8CDCD08E8DDCD18E8EDC1E
:109B3000D28E8FDCD38E90DCD48E91DCD58E92DCED
:109B4000D68E93DCD78E94DCD88E95DCD98E96DCBD
:109B5000DA8E97DCDB8E98DCDC8E99DCDD8E9ADC8D
:109B6000DE8E9BDCDF8E9CDCE08E9DDCE18E9EDC5D
:109B7000E28E9FDCE38EA0DCE48EA1DC0B58A2DC3D
:109B80000D58A3DCFD57A4DCED57A5DC0058A6DC7E
:109B90001E58A7DC1958A8DC4458A9DC2058AADCB8
:109BA0006558ABDC6C58ACDC8158ADDC8958AEDC58
:109BB0009A58AFDC8058B0DCA899B1DC199FB2DCB0
:109BC000FF61B3DC7982B4DC7D82B5DC7F82B6DCF8
:109BD0008F82B7DC8A82B8DCA882B9DC8482BADCE6
:109BE0008E82BBDC9182BCDC9782BDDC9982BEDCBC
:109BF000AB82BFDCB882C0DCBE82C1DCB082C2DC1A
:109C0000C882C3DCCA82C4DCE382C5DC9882C6DCBD
:109C1000B782C7DCAE82C8DCCB82C9DCCC82CADCAE
:109C2000C182CBDCA982CCDCB482CDDCA182CEDCCB
:109C3000AA82CFDC9F82D0DCC482D1DCCE82D2DC8F
:109C4000A482D3DCE182D4DC0983D5DCF782D6DCC4
:109C5000E482D7DC0F83D8DC0783D9DCDC82DADC52
:109C6000F482DBDCD282DCDCD882DDDC0C83DEDC5F
:109C7000FB82DFDCD382E0DC1183E1DC1A83E2DCEF
:109C80000683E3DC1483E4DC1583E5DCE082E6DCB8
:109C9000D582E7DC1C83E8DC5183E9DC5B83EADC0A
:109CA0005C83EBDC0883ECDC9283EDDC3C83EEDC54
:109CB0003483EFDC3183F0DC9B83F1DC5E83F2DC08
:109CC0002F83F3DC4F83F4DC4783F5DC4383F6DC3E
:109CD0005F83F7DC4083F8DC1783F9DC6083FADC10
:109CE0002D83FBDC3A83FCDC3383FDDC6683FEDC06
:109CF000658340DDE58E41DDE68E42DDE78E43DDA6
:109D0000E88E44DDE98E45DDEA8E46DDEB8E47DDEB
:109D1000EC8E48DDED8E49DDEE8E4ADDEF8E4BDDBB
:109D2000F08E4CDDF18E4DDDF28E4EDDF38E4FDD8B
:109D3000F48E50DDF58E51DDF68E52DDF78E53DD5B
:109D4000F88E54DDF98E55DDFA8E56DDFB8E57DD2B
:109D5000FC8E58DDFD8E59DDFE8E5ADDFF8E5BDDFB
:109D6000008F5CDD018F5DDD028F5EDD038F5FDDC7
:109D7000048F60DD058F61DD068F62DD078F63DD97
:109D8000088F64DD098F65DD0A8F66DD0B8F67DD67
:109D90000C8F68DD0D8F69DD0E8F6ADD0F8F6BDD37
:109DA000108F6CDD118F6DDD128F6EDD138F6FDD07
:109DB000148F70DD158F71DD168F72DD178F73DDD7
:109DC000188F74DD198F75DD1A8F76DD1B8F77DDA7
:109DD0001C8F78DD1D8F79DD1E8F7ADD1F8F7BDD77
:109DE000208F7CDD218F7DDD228F7EDD238F80DD46
:109DF000248F81DD258F82DD268F83DD278F84DD13
:109E0000288F85DD298F86DD2A8F87DD2B8F88DDE2
:109E10002C8F89DD2D8F8ADD2E8F8BDD2F8F8CDDB2
:109E2000308F8DDD318F8EDD328F8FDD338F90DD82
:109E3000348F91DD358F92DD368F93DD378F94DD52
:109E4000388F95DD398F96DD3A8F97DD3B8F98DD22
:109E50003C8F99DD3D8F9ADD3E8F9BDD3F8F9CDDF2
:109E6000408F9DDD418F9EDD428F9FDD438FA0DDC2
:109E7000448FA1DD6883A2DD1B83A3DD6983A4DD9C
:109E80006C83A5DD6A83A6DD6D83A7DD6E83A8DD07
:109E9000B083A9DD7883AADDB383ABDDB483ACDD09
:109EA000A083ADDDAA83AEDD9383AFDD9C83B0DDFF
:109EB0008583B1DD7C83B2DDB683B3DDA983B4DDF8
:109EC0007D83B5DDB883B6DD7B83B7DD9883B8DDF0
:109ED0009E83B9DDA883BADDBA83BBDDBC83BCDD5C
:109EE000C183BDDD0184BEDDE583BFDDD883C0DD78
:109EF0000758C1DD1884C2DD0B84C3DDDD83C4DDFA
:109F0000FD83C5DDD683C6DD1C84C7DD3884C8DD8E
:109F10001184C9DD0684CADDD483CBDDDF83CCDDCB
:109F20000F84CDDD0384CEDDF883CFDDF983D0DD72
:109F3000EA83D1DDC583D2DDC083D3DD2684D4DDC1
:109F4000F083D5DDE183D6DD5C84D7DD5184D8DDB7
:109F50005A84D9DD5984DADD7384DBDD8784DCDD66
:109F60008884DDDD7A84DEDD8984DFDD7884E0DDF0
:109F70003C84E1DD4684E2DD6984E3DD7684E4DD72
:109F80008C84E5DD8E84E6DD3184E7DD6D84E8DDFB
:109F9000C184E9DDCD84EADDD084EBDDE684ECDD4F
:109FA000BD84EDDDD384EEDDCA84EFDDBF84F0DD5A
:109FB000BA84F1DDE084F2DDA184F3DDB984F4DD5F
:109FC000B484F5DD9784F6DDE584F7DDE384F8DD20
:109FD0000C85F9DD0D75FADD3885FBDDF084FCDDDF
:109FE0003985FDDD1F85FEDD3A8540DE458F41DE8A
:109FF000468F42DE478F43DE488F44DE498F45DE81
:10A000004A8F46DE4B8F47DE4C8F48DE4D8F49DE50
:10A010004E8F4ADE4F8F4BDE508F4CDE518F4DDE20
:10A02000528F4EDE538F4FDE548F50DE558F51DEF0
:10A03000568F52DE578F53DE588F54DE598F55DEC0
:10A040005A8F56DE5B8F57DE5C8F58DE5D8F59DE90
:10A050005E8F5ADE5F8F5BDE608F5CDE618F5DDE60
:10A06000628F5EDE638F5FDE648F60DE658F61DE30
:10A070006A8F62DE808F63DE8C8F64DE928F65DE96
:10A080009D8F66DEA08F67DEA18F68DEA28F69DEFE
:10A09000A48F6ADEA58F6BDEA68F6CDEA78F6DDEC8
:10A0A000AA8F6EDEAC8F6FDEAD8F70DEAE8F71DE8D
:10A0B000AF8F72DEB28F73DEB38F74DEB48F75DE56
:10A0C000B58F76DEB78F77DEB88F78DEBA8F79DE20
:10A0D000BB8F7ADEBC8F7BDEBF8F7CDEC08F7DDEE8
:10A0E000C38F7EDEC68F80DEC98F81DECA8F82DE9F
:10A0F000CB8F83DECC8F84DECD8F85DECF8F86DE67
:10A10000D28F87DED68F88DED78F89DEDA8F8ADE20
:10A11000E08F8BDEE18F8CDEE38F8DDEE78F8EDECE
:10A12000EC8F8FDEEF8F90DEF18F91DEF28F92DE7B
:10A13000F48F93DEF58F94DEF68F95DEFA8F96DE40
:10A14000FB8F97DEFC8F98DEFE8F99DEFF8F9ADE05
:10A1500007909BDE08909CDE0C909DDE0E909EDEAC
:10A1600013909FDE1590A0DE1890A1DE5685A2DE2A
:10A170003B85A3DEFF84A4DEFC84A5DE5985A6DE34
:10A180004885A7DE6885A8DE6485A9DE5E85AADE2F
:10A190007A85ABDEA277ACDE4385ADDE7285AEDEBE
:10A1A0007B85AFDEA485B0DEA885B1DE8785B2DE13
:10A1B0008F85B3DE7985B4DEAE85B5DE9C85B6DEEF
:10A1C0008585B7DEB985B8DEB785B9DEB085BADE7C
:10A1D000D385BBDEC185BCDEDC85BDDEFF85BEDE92
:10A1E0002786BFDE0586C0DE2986C1DE1686C2DE72
:10A1F0003C86C3DEFE5EC4DE085FC5DE3C59C6DEBB
:10A200004159C7DE3780C8DE5559C9DE5A59CADE02
:10A210005859CBDE0F53CCDE225CCDDE255CCEDE82
:10A220002C5CCFDE345CD0DE4C62D1DE6A62D2DEE2
:10A230009F62D3DEBB62D4DECA62D5DEDA62D6DECE
:10A24000D762D7DEEE62D8DE2263D9DEF662DADECE
:10A250003963DBDE4B63DCDE4363DDDEAD63DEDE14
:10A26000F663DFDE7163E0DE7A63E1DE8E63E2DEF9
:10A27000B463E3DE6D63E4DEAC63E5DE8A63E6DEF1
:10A280006963E7DEAE63E8DEBC63E9DEF263EADE63
:10A29000F863EBDEE063ECDEFF63EDDEC463EEDE6D
:10A2A000DE63EFDECE63F0DE5264F1DEC663F2DE23
:10A2B000BE63F3DE4564F4DE4164F5DE0B64F6DE76
:10A2C0001B64F7DE2064F8DE0C64F9DE2664FADE37
:10A2D0002164FBDE5E64FCDE8464FDDE6D64FEDE14
:10A2E000966440DF199041DF1C9042DF239043DFEA
:10A2F000249044DF259045DF279046DF289047DFF4
:10A30000299048DF2A9049DF2B904ADF2C904BDFC1
:10A3100030904CDF31904DDF32904EDF33904FDF85
:10A32000349050DF379051DF399052DF3A9053DF4D
:10A330003D9054DF3F9055DF409056DF439057DF0C
:10A34000459058DF469059DF48905ADF49905BDFCF
:10A350004A905CDF4B905DDF4C905EDF4E905FDF9C
:10A36000549060DF559061DF569062DF599063DF53
:10A370005A9064DF5C9065DF5D9066DF5E9067DF1A
:10A380005F9068DF609069DF61906ADF64906BDFE7
:10A3900066906CDF67906DDF69906EDF6A906FDFAB
:10A3A0006B9070DF6C9071DF6F9072DF709073DF75
:10A3B000719074DF729075DF739076DF769077DF3F
:10A3C000779078DF789079DF79907ADF7A907BDF09
:10A3D0007B907CDF7C907DDF7E907EDF819080DFD4
:10A3E000849081DF859082DF869083DF879084DF91
:10A3F000899085DF8A9086DF8C9087DF8D9088DF5B
:10A400008E9089DF8F908ADF90908BDF92908CDF27
:10A4100094908DDF96908EDF98908FDF9A9090DFEA
:10A420009C9091DF9E9092DF9F9093DFA09094DFAD
:10A43000A49095DFA59096DFA79097DFA89098DF6E
:10A44000A99099DFAB909ADFAD909BDFB2909CDF33
:10A45000B7909DDFBC909EDFBD909FDFBF90A0DFD7
:10A46000C090A1DF7A64A2DFB764A3DFB864A4DF81
:10A470009964A5DFBA64A6DFC064A7DFD064A8DF53
:10A48000D764A9DFE464AADFE264ABDF0965ACDF6F
:10A490002565ADDF2E65AEDF0B5FAFDFD25FB0DFCE
:10A4A0001975B1DF115FB2DF5F53B3DFF153B4DF72
:10A4B000FD53B5DFE953B6DFE853B7DFFB53B8DF31
:10A4C0001254B9DF1654BADF0654BBDF4B54BCDF5D
:10A4D0005254BDDF5354BEDF5454BFDF5654C0DF67
:10A4E0004354C1DF2154C2DF5754C3DF5954C4DF82
:10A4F0002354C5DF3254C6DF8254C7DF9454C8DF0B
:10A500007754C9DF7154CADF6454CBDF9A54CCDF6F
:10A510009B54CDDF8454CEDF7654CFDF6654D0DF3A
:10A520009D54D1DFD054D2DFAD54D3DFC254D4DF39
:10A53000B454D5DFD254D6DFA754D7DFA654D8DF22
:10A54000D354D9DFD454DADF7254DBDFA354DCDF19
:10A55000D554DDDFBB54DEDFBF54DFDFCC54E0DF9A
:10A56000D954E1DFDA54E2DFDC54E3DFA954E4DF5D
:10A57000AA54E5DFA454E6DFDD54E7DFCF54E8DF7B
:10A58000DE54E9DF1B55EADFE754EBDF2055ECDF53
:10A59000FD54EDDF1455EEDFF354EFDF2255F0DF0D
:10A5A0002355F1DF0F55F2DF1155F3DF2755F4DFA7
:10A5B0002A55F5DF6755F6DF8F55F7DFB555F8DF1C
:10A5C0004955F9DF6D55FADF4155FBDF5555FCDF85
:10A5D0003F55FDDF5055FEDF3C5540E0C29041E065
:10A5E000C39042E0C69043E0C89044E0C99045E083
:10A5F000CB9046E0CC9047E0CD9048E0D29049E047
:10A60000D4904AE0D5904BE0D6904CE0D8904DE005
:10A61000D9904EE0DA904FE0DE9050E0DF9051E0CC
:10A62000E09052E0E39053E0E49054E0E59055E090
:10A63000E99056E0EA9057E0EC9058E0EE9059E04F
:10A64000F0905AE0F1905BE0F2905CE0F3905DE016
:10A65000F5905EE0F6905FE0F79060E0F99061E0E1
:10A66000FA9062E0FB9063E0FC9064E0FF9065E0AC
:10A67000009166E0019167E0039168E0059169E06F
:10A6800006916AE007916BE008916CE009916DE03A
:10A690000A916EE00B916FE00C9170E00D9171E00A
:10A6A0000E9172E00F9173E0109174E0119175E0DA
:10A6B000129176E0139177E0149178E0159179E0AA
:10A6C00016917AE017917BE018917CE01A917DE079
:10A6D0001B917EE01C9180E01D9181E01F9182E042
:10A6E000209183E0219184E0249185E0259186E00A
:10A6F000269187E0279188E0289189E029918AE0D6
:10A700002A918BE02B918CE02C918DE02D918EE0A5
:10A710002E918FE0309190E0329191E0339192E070
:10A72000349193E0359194E0369195E0379196E03D
:10A73000389197E03A9198E03B9199E03C919AE00A
:10A740003D919BE03E919CE03F919DE040919EE0D9
:10A7500041919FE04291A0E04491A1E03755A2E0F1
:10A760005655A3E07555A4E07655A5E07755A6E0CB
:10A770003355A7E03055A8E05C55A9E08B55AAE019
:10A78000D255ABE08355ACE0B155ADE0B955AEE084
:10A790008855AFE08155B0E09F55B1E07E55B2E0FD
:10A7A000D655B3E09155B4E07B55B5E0DF55B6E042
:10A7B000BD55B7E0BE55B8E09455B9E09955BAE03B
:10A7C000EA55BBE0F755BCE0C955BDE01F56BEE0F9
:10A7D000D155BFE0EB55C0E0EC55C1E0D455C2E027
:10A7E000E655C3E0DD55C4E0C455C5E0EF55C6E00D
:10A7F000E555C7E0F255C8E0F355C9E0CC55CAE0CD
:10A80000CD55CBE0E855CCE0F555CDE0E455CEE0B4
:10A81000948FCFE01E56D0E00856D1E00C56D2E01F
:10A820000156D3E02456D4E02356D5E0FE55D6E0B9
:10A830000056D7E02756D8E02D56D9E05856DAE032
:10A840003956DBE05756DCE02C56DDE04D56DEE0B5
:10A850006256DFE05956E0E05C56E1E04C56E2E03B
:10A860005456E3E08656E4E06456E5E07156E6E0CF
:10A870006B56E7E07B56E8E07C56E9E08556EAE077
:10A880009356EBE0AF56ECE0D456EDE0D756EEE051
:10A89000DD56EFE0E156F0E0F556F1E0EB56F2E080
:10A8A000F956F3E0FF56F4E00457F5E00A57F6E0F6
:10A8B0000957F7E01C57F8E00F5EF9E0195EFAE07F
:10A8C000145EFBE0115EFCE0315EFDE03B5EFEE00D
:10A8D0003C5E40E1459141E1479142E1489143E1CD
:10A8E000519144E1539145E1549146E1559147E13D
:10A8F000569148E1589149E159914AE15B914BE108
:10A900005C914CE15F914DE160914EE166914FE1C8
:10A91000679150E1689151E16B9152E16D9153E182
:10A92000739154E17A9155E17B9156E17C9157E125
:10A93000809158E1819159E182915AE183915BE1E3
:10A9400084915CE186915DE188915EE18A915FE1AD
:10A950008E9160E18F9161E1939162E1949163E165
:10A96000959164E1969165E1979166E1989167E12F
:10A97000999168E19C9169E19D916AE19E916BE1F9
:10A980009F916CE1A0916DE1A1916EE1A4916FE1C5
:10A99000A59170E1A69171E1A79172E1A89173E18F
:10A9A000A99174E1AB9175E1AC9176E1B09177E159
:10A9B000B19178E1B29179E1B3917AE1B6917BE11D
:10A9C000B7917CE1B8917DE1B9917EE1BB9180E1E5
:10A9D000BC9181E1BD9182E1BE9183E1BF9184E1AF
:10A9E000C09185E1C19186E1C29187E1C39188E17F
:10A9F000C49189E1C5918AE1C6918BE1C8918CE14E
:10AA0000CB918DE1D0918EE1D2918FE1D39190E104
:10AA1000D49191E1D59192E1D69193E1D79194E1CE
:10AA2000D89195E1D99196E1DA9197E1DB9198E19E
:10AA3000DD9199E1DE919AE1DF919BE1E0919CE16A
:10AA4000E1919DE1E2919EE1E3919FE1E491A0E13A
:10AA5000E591A1E1375EA2E1445EA3E1545EA4E189
:10AA60005B5EA5E15E5EA6E1615EA7E18C5CA8E1AC
:10AA70007A5CA9E18D5CAAE1905CABE1965CACE10B
:10AA8000885CADE1985CAEE1995CAFE1915CB0E1CE
:10AA90009A5CB1E19C5CB2E1B55CB3E1A25CB4E16B
:10AAA000BD5CB5E1AC5CB6E1AB5CB7E1B15CB8E113
:10AAB000A35CB9E1C15CBAE1B75CBBE1C45CBCE1D9
:10AAC000D25CBDE1E45CBEE1CB5CBFE1E55CC0E132
:10AAD000025DC1E1035DC2E1275DC3E1265DC4E122
:10AAE0002E5DC5E1245DC6E11E5DC7E1065DC8E1DE
:10AAF0001B5DC9E1585DCAE13E5DCBE1345DCCE14F
:10AB00003D5DCDE16C5DCEE15B5DCFE16F5DD0E1A0
:10AB10005D5DD1E16B5DD2E14B5DD3E14A5DD4E196
:10AB2000695DD5E1745DD6E1825DD7E1995DD8E1DB
:10AB30009D5DD9E1738CDAE1B75DDBE1C55DDCE1F8
:10AB4000735FDDE1775FDEE1825FDFE1875FE0E198
:10AB5000895FE1E18C5FE2E1955FE3E1995FE4E128
:10AB60009C5FE5E1A85FE6E1AD5FE7E1B55FE8E1A5
:10AB7000BC5FE9E16288EAE1615FEBE1AD72ECE1C3
:10AB8000B072EDE1B472EEE1B772EFE1B872F0E1EC
:10AB9000C372F1E1C172F2E1CE72F3E1CD72F4E180
:10ABA000D272F5E1E872F6E1EF72F7E1E972F8E1ED
:10ABB000F272F9E1F472FAE1F772FBE10173FCE180
:10ABC000F372FDE10373FEE1FA7240E2E69141E2C5
:10ABD000E79142E2E89143E2E99144E2EA9145E2F9
:10ABE000EB9146E2EC9147E2ED9148E2EE9149E2C9
:10ABF000EF914AE2F0914BE2F1914CE2F2914DE299
:10AC0000F3914EE2F4914FE2F59150E2F69151E268
:10AC1000F79152E2F89153E2F99154E2FA9155E238
:10AC2000FB9156E2FC9157E2FD9158E2FE9159E208
:10AC3000FF915AE200925BE201925CE202925DE2D5
:10AC400003925EE204925FE2059260E2069261E2A4
:10AC5000079262E2089263E2099264E20A9265E274
:10AC60000B9266E20C9267E20D9268E20E9269E244
:10AC70000F926AE210926BE211926CE212926DE214
:10AC800013926EE214926FE2159270E2169271E2E4
:10AC9000179272E2189273E2199274E21A9275E2B4
:10ACA0001B9276E21C9277E21D9278E21E9279E284
:10ACB0001F927AE220927BE221927CE222927DE254
:10ACC00023927EE2249280E2259281E2269282E221
:10ACD000279283E2289284E2299285E22A9286E2F0
:10ACE0002B9287E22C9288E22D9289E22E928AE2C0
:10ACF0002F928BE230928CE231928DE232928EE290
:10AD000033928FE2349290E2359291E2369292E25F
:10AD1000379293E2389294E2399295E23A9296E22F
:10AD20003B9297E23C9298E23D9299E23E929AE2FF
:10AD30003F929BE240929CE241929DE242929EE2CF
:10AD400043929FE24492A0E24592A1E2FB72A2E20A
:10AD50001773A3E21373A4E22173A5E20A73A6E2B8
:10AD60001E73A7E21D73A8E21573A9E22273AAE27B
:10AD70003973ABE22573ACE22C73ADE23873AEE20B
:10AD80003173AFE25073B0E24D73B1E25773B2E288
:10AD90006073B3E26C73B4E26F73B5E27E73B6E2D4
:10ADA0001B82B7E22559B8E2E798B9E22459BAE222
:10ADB0000259BBE26399BCE26799BDE26899BEE2C1
:10ADC0006999BFE26A99C0E26B99C1E26C99C2E2EB
:10ADD0007499C3E27799C4E27D99C5E28099C6E28D
:10ADE0008499C7E28799C8E28A99C9E28D99CAE233
:10ADF0009099CBE29199CCE29399CDE29499CEE2ED
:10AE00009599CFE2805ED0E2915ED1E28B5ED2E294
:10AE1000965ED3E2A55ED4E2A05ED5E2B95ED6E24C
:10AE2000B55ED7E2BE5ED8E2B35ED9E2538DDAE218
:10AE3000D25EDBE2D15EDCE2DB5EDDE2E85EDEE23A
:10AE4000EA5EDFE2BA81E0E2C45FE1E2C95FE2E22A
:10AE5000D65FE3E2CF5FE4E20360E5E2EE5FE6E2C5
:10AE60000460E7E2E15FE8E2E45FE9E2FE5FEAE274
:10AE70000560EBE20660ECE2EA5FEDE2ED5FEEE238
:10AE8000F85FEFE21960F0E23560F1E22660F2E28D
:10AE90001B60F3E20F60F4E20D60F5E22960F6E278
:10AEA0002B60F7E20A60F8E23F60F9E22160FAE223
:10AEB0007860FBE27960FCE27B60FDE27A60FEE2B2
:10AEC000426040E3469241E3479242E3489243E3C3
:10AED000499244E34A9245E34B9246E34C9247E35E
:10AEE0004D9248E34E9249E34F924AE350924BE32E
:10AEF00051924CE352924DE353924EE354924FE3FE
:10AF0000559250E3569251E3579252E3589253E3CD
:10AF1000599254E35A9255E35B9256E35C9257E39D
:10AF20005D9258E35E9259E35F925AE360925BE36D
:10AF300061925CE362925DE363925EE364925FE33D
:10AF4000659260E3669261E3679262E3689263E30D
:10AF5000699264E36A9265E36B9266E36C9267E3DD
:10AF60006D9268E36E9269E36F926AE370926BE3AD
:10AF700071926CE372926DE373926EE375926FE37C
:10AF8000769270E3779271E3789272E3799273E349
:10AF90007A9274E37B9275E37C9276E37D9277E319
:10AFA0007E9278E37F9279E380927AE381927BE3E9
:10AFB00082927CE383927DE384927EE3859280E3B8
:10AFC000869281E3879282E3889283E3899284E385
:10AFD0008A9285E38B9286E38C9287E38D9288E355
:10AFE0008F9289E390928AE391928BE392928CE321
:10AFF00093928DE394928EE395928FE3969290E3F1
:10B00000979291E3989292E3999293E39A9294E3C0
:10B010009B9295E39C9296E39D9297E39E9298E390
:10B020009F9299E3A0929AE3A1929BE3A2929CE360
:10B03000A3929DE3A4929EE3A5929FE3A692A0E330
:10B04000A792A1E36A60A2E37D60A3E39660A4E314
:10B050009A60A5E3AD60A6E39D60A7E38360A8E3E3
:10B060009260A9E38C60AAE39B60ABE3EC60ACE385
:10B07000BB60ADE3B160AEE3DD60AFE3D860B0E3E9
:10B08000C660B1E3DA60B2E3B460B3E32061B4E375
:10B090002661B5E31561B6E32361B7E3F460B8E375
:10B0A0000061B9E30E61BAE32B61BBE34A61BCE323
:10B0B0007561BDE3AC61BEE39461BFE3A761C0E32A
:10B0C000B761C1E3D461C2E3F561C3E3DD5FC4E30B
:10B0D000B396C5E3E995C6E3EB95C7E3F195C8E3FD
:10B0E000F395C9E3F595CAE3F695CBE3FC95CCE37C
:10B0F000FE95CDE30396CEE30496CFE30696D0E328
:10B100000896D1E30A96D2E30B96D3E30C96D4E3E8
:10B110000D96D5E30F96D6E31296D7E31596D8E3AE
:10B120001696D9E31796DAE31996DBE31A96DCE371
:10B130002C4EDDE33F72DEE31562DFE3356CE0E3C6
:10B14000546CE1E35C6CE2E34A6CE3E3A36CE4E39C
:10B15000856CE5E3906CE6E3946CE7E38C6CE8E3E4
:10B16000686CE9E3696CEAE3746CEBE3766CECE33E
:10B17000866CEDE3A96CEEE3D06CEFE3D46CF0E306
:10B18000AD6CF1E3F76CF2E3F86CF3E3F16CF4E32C
:10B19000D76CF5E3B26CF6E3E06CF7E3D66CF8E35A
:10B1A000FA6CF9E3EB6CFAE3EE6CFBE3B16CFCE3F5
:10B1B000D36CFDE3EF6CFEE3FE6C40E4A89241E447
:10B1C000A99242E4AA9243E4AB9244E4AC9245E4EF
:10B1D000AD9246E4AF9247E4B09248E4B19249E4BC
:10B1E000B2924AE4B3924BE4B4924CE4B5924DE48B
:10B1F000B6924EE4B7924FE4B89250E4B99251E45B
:10B20000BA9252E4BB9253E4BC9254E4BD9255E42A
:10B21000BE9256E4BF9257E4C09258E4C19259E4FA
:10B22000C2925AE4C3925BE4C4925CE4C5925DE4CA
:10B23000C6925EE4C7925FE4C99260E4CA9261E498
:10B24000CB9262E4CC9263E4CD9264E4CE9265E466
:10B25000CF9266E4D09267E4D19268E4D29269E436
:10B26000D3926AE4D4926BE4D5926CE4D6926DE406
:10B27000D7926EE4D8926FE4D99270E4DA9271E4D6
:10B28000DB9272E4DC9273E4DD9274E4DE9275E4A6
:10B29000DF9276E4E09277E4E19278E4E29279E476
:10B2A000E3927AE4E4927BE4E5927CE4E6927DE446
:10B2B000E7927EE4E89280E4E99281E4EA9282E413
:10B2C000EB9283E4EC9284E4ED9285E4EE9286E4E2
:10B2D000EF9287E4F09288E4F19289E4F2928AE4B2
:10B2E000F3928BE4F4928CE4F5928DE4F6928EE482
:10B2F000F7928FE4F89290E4F99291E4FA9292E452
:10B30000FB9293E4FC9294E4FD9295E4FE9296E421
:10B31000FF9297E4009398E4019399E402939AE4EE
:10B3200003939BE404939CE405939DE406939EE4BD
:10B3300007939FE40893A0E40993A1E4396DA2E484
:10B34000276DA3E40C6DA4E4436DA5E4486DA6E469
:10B35000076DA7E4046DA8E4196DA9E40E6DAAE4D5
:10B360002B6DABE44D6DACE42E6DADE4356DAEE40C
:10B370001A6DAFE44F6DB0E4526DB1E4546DB2E4B8
:10B38000336DB3E4916DB4E46F6DB5E49E6DB6E4D6
:10B39000A06DB7E45E6DB8E4936DB9E4946DBAE462
:10B3A0005C6DBBE4606DBCE47C6DBDE4636DBEE4CC
:10B3B0001A6EBFE4C76DC0E4C56DC1E4DE6DC2E4C2
:10B3C0000E6EC3E4BF6DC4E4E06DC5E4116EC6E467
:10B3D000E66DC7E4DD6DC8E4D96DC9E4166ECAE454
:10B3E000AB6DCBE40C6ECCE4AE6DCDE42B6ECEE455
:10B3F0006E6ECFE44E6ED0E46B6ED1E4B26ED2E4EA
:10B400005F6ED3E4866ED4E4536ED5E4546ED6E416
:10B41000326ED7E4256ED8E4446ED9E4DF6EDAE408
:10B42000B16EDBE4986EDCE4E06EDDE42D6FDEE40B
:10B43000E26EDFE4A56EE0E4A76EE1E4BD6EE2E457
:10B44000BB6EE3E4B76EE4E4D76EE5E4B46EE6E425
:10B45000CF6EE7E48F6EE8E4C26EE9E49F6EEAE443
:10B46000626FEBE4466FECE4476FEDE4246FEEE4CB
:10B47000156FEFE4F96EF0E42F6FF1E4366FF2E44C
:10B480004B6FF3E4746FF4E42A6FF5E4096FF6E4AC
:10B49000296FF7E4896FF8E48D6FF9E48C6FFAE4B3
:10B4A000786FFBE4726FFCE47C6FFDE47A6FFEE47E
:10B4B000D16F40E50A9341E50B9342E50C9343E5D8
:10B4C0000D9344E50E9345E50F9346E5109347E54C
:10B4D000119348E5129349E513934AE514934BE51C
:10B4E00015934CE516934DE517934EE518934FE5EC
:10B4F000199350E51A9351E51B9352E51C9353E5BC
:10B500001D9354E51E9355E51F9356E5209357E58B
:10B51000219358E5229359E523935AE524935BE55B
:10B5200025935CE526935DE527935EE528935FE52B
:10B53000299360E52A9361E52B9362E52C9363E5FB
:10B540002D9364E52E9365E52F9366E5309367E5CB
:10B55000319368E5329369E533936AE534936BE59B
:10B5600035936CE536936DE537936EE538936FE56B
:10B57000399370E53A9371E53B9372E53C9373E53B
:10B580003D9374E53F9375E5409376E5419377E508
:10B59000429378E5439379E544937AE545937BE5D7
:10B5A00046937CE547937DE548937EE5499380E5A6
:10B5B0004A9381E54B9382E54C9383E54D9384E573
:10B5C0004E9385E54F9386E5509387E5519388E543
:10B5D000529389E553938AE554938BE555938CE513
:10B5E00056938DE557938EE558938FE5599390E5E3
:10B5F0005A9391E55B9392E55C9393E55D9394E5B3
:10B600005E9395E55F9396E5609397E5619398E582
:10B61000629399E563939AE564939BE565939CE552
:10B6200066939DE567939EE568939FE56993A0E522
:10B630006B93A1E5C96FA2E5A76FA3E5B96FA4E578
:10B64000B66FA5E5C26FA6E5E16FA7E5EE6FA8E5C9
:10B65000DE6FA9E5E06FAAE5EF6FABE51A70ACE528
:10B660002370ADE51B70AEE53970AFE53570B0E520
:10B670004F70B1E55E70B2E5805BB3E5845BB4E525
:10B68000955BB5E5935BB6E5A55BB7E5B85BB8E55B
:10B690002F75B9E59E9ABAE53464BBE5E45BBCE579
:10B6A000EE5BBDE53089BEE5F05BBFE5478EC0E5EA
:10B6B000078BC1E5B68FC2E5D38FC3E5D58FC4E54F
:10B6C000E58FC5E5EE8FC6E5E48FC7E5E98FC8E5F0
:10B6D000E68FC9E5F38FCAE5E88FCBE50590CCE5A9
:10B6E0000490CDE50B90CEE52690CFE51190D0E506
:10B6F0000D90D1E51690D2E52190D3E53590D4E5B3
:10B700003690D5E52D90D6E52F90D7E54490D8E535
:10B710005190D9E55290DAE55090DBE56890DCE590
:10B720005890DDE56290DEE55B90DFE5B966E0E527
:10B730007490E1E57D90E2E58290E3E58890E4E5B0
:10B740008390E5E58B90E6E5505FE7E5575FE8E538
:10B75000565FE9E5585FEAE53B5CEBE5AB54ECE5A9
:10B76000505CEDE5595CEEE5715BEFE5635CF0E59F
:10B77000665CF1E5BC7FF2E52A5FF3E5295FF4E55D
:10B780002D5FF5E57482F6E53C5FF7E53B9BF8E558
:10B790006E5CF9E58159FAE58359FBE58D59FCE5C5
:10B7A000A959FDE5AA59FEE5A35940E66C9341E687
:10B7B0006D9342E66E9343E66F9344E6709345E6DD
:10B7C000719346E6729347E6739348E6749349E6AD
:10B7D00075934AE676934BE677934CE678934DE67D
:10B7E00079934EE67A934FE67B9350E67C9351E64D
:10B7F0007D9352E67E9353E67F9354E6809355E61D
:10B80000819356E6829357E6839358E6849359E6EC
:10B8100085935AE686935BE687935CE688935DE6BC
:10B8200089935EE68A935FE68B9360E68C9361E68C
:10B830008D9362E68E9363E6909364E6919365E65A
:10B84000929366E6939367E6949368E6959369E628
:10B8500096936AE697936BE698936CE699936DE6F8
:10B860009A936EE69B936FE69C9370E69D9371E6C8
:10B870009E9372E69F9373E6A09374E6A19375E698
:10B88000A29376E6A39377E6A49378E6A59379E668
:10B89000A6937AE6A7937BE6A8937CE6A9937DE638
:10B8A000AA937EE6AB9380E6AC9381E6AD9382E605
:10B8B000AE9383E6AF9384E6B09385E6B19386E6D4
:10B8C000B29387E6B39388E6B49389E6B5938AE6A4
:10B8D000B6938BE6B7938CE6B8938DE6B9938EE674
:10B8E000BA938FE6BB9390E6BC9391E6BD9392E644
:10B8F000BE9393E6BF9394E6C09395E6C19396E614
:10B90000C29397E6C39398E6C49399E6C5939AE6E3
:10B91000C6939BE6C7939CE6C8939DE6C9939EE6B3
:10B92000CB939FE6CC93A0E6CD93A1E69759A2E6F0
:10B93000CA59A3E6AB59A4E69E59A5E6A459A6E6C2
:10B94000D259A7E6B259A8E6AF59A9E6D759AAE64F
:10B95000BE59ABE6055AACE6065AADE6DD59AEE691
:10B96000085AAFE6E359B0E6D859B1E6F959B2E65C
:10B970000C5AB3E6095AB4E6325AB5E6345AB6E67A
:10B98000115AB7E6235AB8E6135AB9E6405ABAE64E
:10B99000675ABBE64A5ABCE6555ABDE63C5ABEE673
:10B9A000625ABFE6755AC0E6EC80C1E6AA5AC2E602
:10B9B0009B5AC3E6775AC4E67A5AC5E6BE5AC6E62B
:10B9C000EB5AC7E6B25AC8E6D25AC9E6D45ACAE612
:10B9D000B85ACBE6E05ACCE6E35ACDE6F15ACEE6C9
:10B9E000D65ACFE6E65AD0E6D85AD1E6DC5AD2E6A5
:10B9F000095BD3E6175BD4E6165BD5E6325BD6E689
:10BA0000375BD7E6405BD8E6155CD9E61C5CDAE626
:10BA10005A5BDBE6655BDCE6735BDDE6515BDEE62D
:10BA2000535BDFE6625BE0E6759AE1E6779AE2E671
:10BA3000789AE3E67A9AE4E67F9AE5E67D9AE6E686
:10BA4000809AE7E6819AE8E6859AE9E6889AEAE646
:10BA50008A9AEBE6909AECE6929AEDE6939AEEE6F5
:10BA6000969AEFE6989AF0E69B9AF1E69C9AF2E6AF
:10BA70009D9AF3E69F9AF4E6A09AF5E6A29AF6E676
:10BA8000A39AF7E6A59AF8E6A79AF9E69F7EFAE662
:10BA9000A17EFBE6A37EFCE6A57EFDE6A87EFEE693
:10BAA000A97E40E7CE9341E7CF9342E7D09343E7A7
:10BAB000D19344E7D29345E7D39346E7D49347E73E
:10BAC000D59348E7D79349E7D8934AE7D9934BE70B
:10BAD000DA934CE7DB934DE7DC934EE7DD934FE7DA
:10BAE000DE9350E7DF9351E7E09352E7E19353E7AA
:10BAF000E29354E7E39355E7E49356E7E59357E77A
:10BB0000E69358E7E79359E7E8935AE7E9935BE749
:10BB1000EA935CE7EB935DE7EC935EE7ED935FE719
:10BB2000EE9360E7EF9361E7F09362E7F19363E7E9
:10BB3000F29364E7F39365E7F49366E7F59367E7B9
:10BB4000F69368E7F79369E7F8936AE7F9936BE789
:10BB5000FA936CE7FB936DE7FC936EE7FD936FE759
:10BB6000FE9370E7FF9371E7009472E7019473E727
:10BB7000029474E7039475E7049476E7059477E7F5
:10BB8000069478E7079479E708947AE709947BE7C5
:10BB90000A947CE70B947DE70C947EE70D9480E794
:10BBA0000E9481E70F9482E7109483E7119484E761
:10BBB000129485E7139486E7149487E7159488E731
:10BBC000169489E717948AE718948BE719948CE701
:10BBD0001A948DE71B948EE71C948FE71D9490E7D1
:10BBE0001E9491E71F9492E7209493E7219494E7A1
:10BBF000229495E7239496E7249497E7259498E771
:10BC0000269499E727949AE728949BE729949CE740
:10BC10002A949DE72B949EE72C949FE72D94A0E710
:10BC20002E94A1E7AD7EA2E7B07EA3E7BE7EA4E797
:10BC3000C07EA5E7C17EA6E7C27EA7E7C97EA8E7CA
:10BC4000CB7EA9E7CC7EAAE7D07EABE7D47EACE77B
:10BC5000D77EADE7DB7EAEE7E07EAFE7E17EB0E723
:10BC6000E87EB1E7EB7EB2E7EE7EB3E7EF7EB4E7C6
:10BC7000F17EB5E7F27EB6E70D7FB7E7F67EB8E76F
:10BC8000FA7EB9E7FB7EBAE7FE7EBBE7017FBCE741
:10BC9000027FBDE7037FBEE7077FBFE7087FC0E7FE
:10BCA0000B7FC1E70C7FC2E70F7FC3E7117FC4E7BB
:10BCB000127FC5E7177FC6E7197FC7E71C7FC8E774
:10BCC0001B7FC9E71F7FCAE7217FCBE7227FCCE735
:10BCD000237FCDE7247FCEE7257FCFE7267FD0E700
:10BCE000277FD1E72A7FD2E72B7FD3E72C7FD4E7CA
:10BCF0002D7FD5E72F7FD6E7307FD7E7317FD8E795
:10BD0000327FD9E7337FDAE7357FDBE77A5EDCE73E
:10BD10007F75DDE7DB5DDEE73E75DFE79590E0E709
:10BD20008E73E1E79173E2E7AE73E3E7A273E4E7B2
:10BD30009F73E5E7CF73E6E7C273E7E7D173E8E700
:10BD4000B773E9E7B373EAE7C073EBE7C973ECE7EE
:10BD5000C873EDE7E573EEE7D973EFE77C98F0E79A
:10BD60000A74F1E7E973F2E7E773F3E7DE73F4E7E8
:10BD7000BA73F5E7F273F6E70F74F7E72A74F8E79A
:10BD80005B74F9E72674FAE72574FBE72874FCE78F
:10BD90003074FDE72E74FEE72C7440E82F9441E8E0
:10BDA000309442E8319443E8329444E8339445E8CF
:10BDB000349446E8359447E8369448E8379449E89F
:10BDC00038944AE839944BE83A944CE83B944DE86F
:10BDD0003C944EE83D944FE83F9450E8409451E83D
:10BDE000419452E8429453E8439454E8449455E80B
:10BDF000459456E8469457E8479458E8489459E8DB
:10BE000049945AE84A945BE84B945CE84C945DE8AA
:10BE10004D945EE84E945FE84F9460E8509461E87A
:10BE2000519462E8529463E8539464E8549465E84A
:10BE3000559466E8569467E8579468E8589469E81A
:10BE400059946AE85A946BE85B946CE85C946DE8EA
:10BE50005D946EE85E946FE85F9470E8609471E8BA
:10BE6000619472E8629473E8639474E8649475E88A
:10BE7000659476E8669477E8679478E8689479E85A
:10BE800069947AE86A947BE86C947CE86D947DE828
:10BE90006E947EE86F9480E8709481E8719482E8F3
:10BEA000729483E8739484E8749485E8759486E8C2
:10BEB000769487E8779488E8789489E879948AE892
:10BEC0007A948BE87B948CE87C948DE87D948EE862
:10BED0007E948FE87F9490E8809491E8819492E832
:10BEE000829493E8839494E8849495E8919496E8F6
:10BEF000969497E8989498E8C79499E8CF949AE82C
:10BF0000D3949BE8D4949CE8DA949DE8E6949EE868
:10BF1000FB949FE81C95A0E82095A1E81B74A2E87B
:10BF20001A74A3E84174A4E85C74A5E85774A6E801
:10BF30005574A7E85974A8E87774A9E86D74AAE85D
:10BF40007E74ABE89C74ACE88E74ADE88074AEE8A7
:10BF50008174AFE88774B0E88B74B1E89E74B2E87E
:10BF6000A874B3E8A974B4E89074B5E8A774B6E807
:10BF7000D274B7E8BA74B8E8EA97B9E8EB97BAE8C8
:10BF8000EC97BBE84C67BCE85367BDE85E67BEE86A
:10BF90004867BFE86967C0E8A567C1E88767C2E886
:10BFA0006A67C3E87367C4E89867C5E8A767C6E827
:10BFB0007567C7E8A867C8E89E67C9E8AD67CAE8BB
:10BFC0008B67CBE87767CCE87C67CDE8F067CEE895
:10BFD0000968CFE8D867D0E80A68D1E8E967D2E80D
:10BFE000B067D3E80C68D4E8D967D5E8B567D6E878
:10BFF000DA67D7E8B367D8E8DD67D9E80068DAE838
:10C00000C367DBE8B867DCE8E267DDE80E68DEE816
:10C01000C167DFE8FD67E0E83268E1E83368E2E83D
:10C020006068E3E86168E4E84E68E5E86268E6E8CD
:10C030004468E7E86468E8E88368E9E81D68EAE8D6
:10C040005568EBE86668ECE84168EDE86768EEE89B
:10C050004068EFE83E68F0E84A68F1E84968F2E8CD
:10C060002968F3E8B568F4E88F68F5E87468F6E8DD
:10C070007768F7E89368F8E86B68F9E8C268FAE867
:10C080006E69FBE8FC68FCE81F69FDE82069FEE8D2
:10C09000F96840E9279541E9339542E93D9543E93F
:10C0A000439544E9489545E94B9546E9559547E957
:10C0B0005A9548E9609549E96E954AE974954BE9C6
:10C0C00075954CE977954DE978954EE979954FE965
:10C0D0007A9550E97B9551E97C9552E97D9553E934
:10C0E0007E9554E9809555E9819556E9829557E901
:10C0F000839558E9849559E985955AE986955BE9D0
:10C1000087955CE988955DE989955EE98A955FE99F
:10C110008B9560E98C9561E98D9562E98E9563E96F
:10C120008F9564E9909565E9919566E9929567E93F
:10C13000939568E9949569E995956AE996956BE90F
:10C1400097956CE998956DE999956EE99A956FE9DF
:10C150009B9570E99C9571E99D9572E99E9573E9AF
:10C160009F9574E9A09575E9A19576E9A29577E97F
:10C17000A39578E9A49579E9A5957AE9A6957BE94F
:10C18000A7957CE9A8957DE9A9957EE9AA9580E91E
:10C19000AB9581E9AC9582E9AD9583E9AE9584E9EB
:10C1A000AF9585E9B09586E9B19587E9B29588E9BB
:10C1B000B39589E9B4958AE9B5958BE9B6958CE98B
:10C1C000B7958DE9B8958EE9B9958FE9BA9590E95B
:10C1D000BB9591E9BC9592E9BD9593E9BE9594E92B
:10C1E000BF9595E9C09596E9C19597E9C29598E9FB
:10C1F000C39599E9C4959AE9C5959BE9C6959CE9CB
:10C20000C7959DE9C8959EE9C9959FE9CA95A0E99A
:10C21000CB95A1E92469A2E9F068A3E90B69A4E937
:10C220000169A5E95769A6E9E368A7E91069A8E9E2
:10C230007169A9E93969AAE96069ABE94269ACE9C0
:10C240005D69ADE98469AEE96B69AFE98069B0E920
:10C250009869B1E97869B2E93469B3E9CC69B4E9BC
:10C260008769B5E98869B6E9CE69B7E98969B8E946
:10C270006669B9E96369BAE97969BBE99B69BCE9AF
:10C28000A769BDE9BB69BEE9AB69BFE9AD69C0E9B2
:10C29000D469C1E9B169C2E9C169C3E9CA69C4E93C
:10C2A000DF69C5E99569C6E9E069C7E98D69C8E94B
:10C2B000FF69C9E92F6ACAE9ED69CBE9176ACCE9D8
:10C2C000186ACDE9656ACEE9F269CFE9446AD0E936
:10C2D0003E6AD1E9A06AD2E9506AD3E95B6AD4E93F
:10C2E000356AD5E98E6AD6E9796AD7E93D6AD8E92F
:10C2F000286AD9E9586ADAE97C6ADBE9916ADCE9FB
:10C30000906ADDE9A96ADEE9976ADFE9AB6AE0E9EC
:10C310003773E1E95273E2E9816BE3E9826BE4E9A7
:10C32000876BE5E9846BE6E9926BE7E9936BE8E9F3
:10C330008D6BE9E99A6BEAE99B6BEBE9A16BECE9A0
:10C34000AA6BEDE96B8FEEE96D8FEFE9718FF0E984
:10C35000728FF1E9738FF2E9758FF3E9768FF4E963
:10C36000788FF5E9778FF6E9798FF7E97A8FF8E931
:10C370007C8FF9E97E8FFAE9818FFBE9828FFCE9F6
:10C38000848FFDE9878FFEE98B8F40EACC9541EAE7
:10C39000CD9542EACE9543EACF9544EAD09545EA59
:10C3A000D19546EAD29547EAD39548EAD49549EA29
:10C3B000D5954AEAD6954BEAD7954CEAD8954DEAF9
:10C3C000D9954EEADA954FEADB9550EADC9551EAC9
:10C3D000DD9552EADE9553EADF9554EAE09555EA99
:10C3E000E19556EAE29557EAE39558EAE49559EA69
:10C3F000E5955AEAE6955BEAE7955CEAEC955DEA35
:10C40000FF955EEA07965FEA139660EA189661EA7E
:10C410001B9662EA1E9663EA209664EA239665EA12
:10C42000249666EA259667EA269668EA279669EAD8
:10C4300028966AEA29966BEA2B966CEA2C966DEAA6
:10C440002D966EEA2F966FEA309670EA379671EA6B
:10C45000389672EA399673EA3A9674EA3E9675EA25
:10C46000419676EA439677EA4A9678EA4E9679EAD2
:10C470004F967AEA51967BEA52967CEA53967DEA89
:10C4800056967EEA579680EA589681EA599682EA4D
:10C490005A9683EA5C9684EA5D9685EA5E9686EA19
:10C4A000609687EA639688EA659689EA66968AEADC
:10C4B0006B968BEA6D968CEA6E968DEA6F968EEA95
:10C4C00070968FEA719690EA739691EA789692EA5E
:10C4D000799693EA7A9694EA7B9695EA7C9696EA20
:10C4E0007D9697EA7E9698EA7F9699EA80969AEAF0
:10C4F00081969BEA82969CEA83969DEA84969EEAC0
:10C5000087969FEA8996A0EA8A96A1EA8D8FA2EA89
:10C510008E8FA3EA8F8FA4EA988FA5EA9A8FA6EA56
:10C52000CE8EA7EA0B62A8EA1762A9EA1B62AAEA02
:10C530001F62ABEA2262ACEA2162ADEA2562AEEA92
:10C540002462AFEA2C62B0EAE781B1EAEF74B2EAA2
:10C55000F474B3EAFF74B4EA0F75B5EA1175B6EA7C
:10C560001375B7EA3465B8EAEE65B9EAEF65BAEA79
:10C57000F065BBEA0A66BCEA1966BDEA7267BEEA04
:10C580000366BFEA1566C0EA0066C1EA8570C2EAC2
:10C59000F766C3EA1D66C4EA3466C5EA3166C6EAD0
:10C5A0003666C7EA3566C8EA0680C9EA5F66CAEA3F
:10C5B0005466CBEA4166CCEA4F66CDEA5666CEEACF
:10C5C0006166CFEA5766D0EA7766D1EA8466D2EA36
:10C5D0008C66D3EAA766D4EA9D66D5EABE66D6EA3B
:10C5E000DB66D7EADC66D8EAE666D9EAE966DAEA23
:10C5F000328DDBEA338DDCEA368DDDEA3B8DDEEA17
:10C600003D8DDFEA408DE0EA458DE1EA468DE2EAC4
:10C61000488DE3EA498DE4EA478DE5EA4D8DE6EA87
:10C62000558DE7EA598DE8EAC789E9EACA89EAEA55
:10C63000CB89EBEACC89ECEACE89EDEACF89EEEA48
:10C64000D089EFEAD189F0EA6E72F1EA9F72F2EADC
:10C650005D72F3EA6672F4EA6F72F5EA7E72F6EAE8
:10C660007F72F7EA8472F8EA8B72F9EA8D72FAEA5D
:10C670008F72FBEA9272FCEA0863FDEA3263FEEA1B
:10C68000B06340EB8C9641EB8E9642EB919643EB78
:10C69000929644EB939645EB959646EB969647EB30
:10C6A0009A9648EB9B9649EB9D964AEB9E964BEBF0
:10C6B0009F964CEBA0964DEBA1964EEBA2964FEBBE
:10C6C000A39650EBA49651EBA59652EBA69653EB8E
:10C6D000A89654EBA99655EBAA9656EBAB9657EB5A
:10C6E000AC9658EBAD9659EBAE965AEBAF965BEB2A
:10C6F000B1965CEBB2965DEBB4965EEBB5965FEBF4
:10C70000B79660EBB89661EBBA9662EBBB9663EBBB
:10C71000BF9664EBC29665EBC39666EBC89667EB73
:10C72000CA9668EBCB9669EBD0966AEBD1966BEB29
:10C73000D3966CEBD4966DEBD6966EEBD7966FEBEB
:10C74000D89670EBD99671EBDA9672EBDB9673EBB9
:10C75000DC9674EBDD9675EBDE9676EBDF9677EB89
:10C76000E19678EBE29679EBE3967AEBE4967BEB55
:10C77000E5967CEBE6967DEBE7967EEBEB9680EB21
:10C78000EC9681EBED9682EBEE9683EBF09684EBE4
:10C79000F19685EBF29686EBF49687EBF59688EBAF
:10C7A000F89689EBFA968AEBFB968BEBFC968CEB72
:10C7B000FD968DEBFF968EEB02978FEB039790EB38
:10C7C000059791EB0A9792EB0B9793EB0C9794EBF1
:10C7D000109795EB119796EB129797EB149798EBB0
:10C7E000159799EB17979AEB18979BEB19979CEB7A
:10C7F0001A979DEB1B979EEB1D979FEB1F97A0EB46
:10C800002097A1EB3F64A2EBD864A3EB0480A4EBD8
:10C81000EA6BA5EBF36BA6EBFD6BA7EBF56BA8EB57
:10C82000F96BA9EB056CAAEB076CABEB066CACEBF8
:10C830000D6CADEB156CAEEB186CAFEB196CB0EB8F
:10C840001A6CB1EB216CB2EB296CB3EB246CB4EB3A
:10C850002A6CB5EB326CB6EB3565B7EB5565B8EBCA
:10C860006B65B9EB4D72BAEB5272BBEB5672BCEB17
:10C870003072BDEB6286BEEB1652BFEB9F80C0EB01
:10C880009C80C1EB9380C2EBBC80C3EB0A67C4EB16
:10C89000BD80C5EBB180C6EBAB80C7EBAD80C8EB0C
:10C8A000B480C9EBB780CAEBE780CBEBE880CCEB78
:10C8B000E980CDEBEA80CEEBDB80CFEBC280D0EB22
:10C8C000C480D1EBD980D2EBCD80D3EBD780D4EB31
:10C8D0001067D5EBDD80D6EBEB80D7EBF180D8EBA2
:10C8E000F480D9EBED80DAEB0D81DBEB0E81DCEB34
:10C8F000F280DDEBFC80DEEB1567DFEB1281E0EB15
:10C900005A8CE1EB3681E2EB1E81E3EB2C81E4EB08
:10C910001881E5EB3281E6EB4881E7EB4C81E8EBEF
:10C920005381E9EB7481EAEB5981EBEB5A81ECEB33
:10C930007181EDEB6081EEEB6981EFEB7C81F0EBD7
:10C940007D81F1EB6D81F2EB6781F3EB4D58F4EBF8
:10C95000B55AF5EB8881F6EB8281F7EB9181F8EB24
:10C96000D56EF9EBA381FAEBAA81FBEBCC81FCEB52
:10C970002667FDEBCA81FEEBBB8140EC219741ECC1
:10C98000229742EC239743EC249744EC259745ECFF
:10C99000269746EC279747EC289748EC299749ECCF
:10C9A0002B974AEC2C974BEC2E974CEC2F974DEC99
:10C9B00031974EEC33974FEC349750EC359751EC60
:10C9C000369752EC379753EC3A9754EC3B9755EC2B
:10C9D0003C9756EC3D9757EC3F9758EC409759ECF5
:10C9E00041975AEC42975BEC43975CEC44975DECC3
:10C9F00045975EEC46975FEC479760EC489761EC93
:10CA0000499762EC4A9763EC4B9764EC4C9765EC62
:10CA10004D9766EC4E9767EC4F9768EC509769EC32
:10CA200051976AEC54976BEC55976CEC57976DECFB
:10CA300058976EEC5A976FEC5C9770EC5D9771ECC1
:10CA40005F9772EC639773EC649774EC669775EC80
:10CA5000679776EC689777EC6A9778EC6B9779EC48
:10CA60006C977AEC6D977BEC6E977CEC6F977DEC16
:10CA700070977EEC719780EC729781EC759782ECE1
:10CA8000779783EC789784EC799785EC7A9786ECA6
:10CA90007B9787EC7D9788EC7E9789EC7F978AEC73
:10CAA00080978BEC81978CEC82978DEC83978EEC42
:10CAB00084978FEC869790EC879791EC889792EC0F
:10CAC000899793EC8A9794EC8C9795EC8E9796ECDB
:10CAD0008F9797EC909798EC939799EC95979AECA1
:10CAE00096979BEC97979CEC99979DEC9A979EEC68
:10CAF0009B979FEC9C97A0EC9D97A1ECC181A2EC29
:10CB0000A681A3EC246BA4EC376BA5EC396BA6ECE7
:10CB1000436BA7EC466BA8EC596BA9ECD198AAEC37
:10CB2000D298ABECD398ACECD598ADECD998AEECF0
:10CB3000DA98AFECB36BB0EC405FB1ECC26BB2EC27
:10CB4000F389B3EC9065B4EC519FB5EC9365B6EC0A
:10CB5000BC65B7ECC665B8ECC465B9ECC365BAECA6
:10CB6000CC65BBECCE65BCECD265BDECD665BEEC4D
:10CB70008070BFEC9C70C0EC9670C1EC9D70C2ECF4
:10CB8000BB70C3ECC070C4ECB770C5ECAB70C6EC46
:10CB9000B170C7ECE870C8ECCA70C9EC1071CAEC8F
:10CBA0001371CBEC1671CCEC2F71CDEC3171CEEC56
:10CBB0007371CFEC5C71D0EC6871D1EC4571D2EC43
:10CBC0007271D3EC4A71D4EC7871D5EC7A71D6ECF1
:10CBD0009871D7ECB371D8ECB571D9ECA871DAECD7
:10CBE000A071DBECE071DCECD471DDECE771DEEC24
:10CBF000F971DFEC1D72E0EC2872E1EC6C70E2EC94
:10CC00001871E3EC6671E4ECB971E5EC3E62E6ECB8
:10CC10003D62E7EC4362E8EC4862E9EC4962EAEC29
:10CC20003B79EBEC4079ECEC4679EDEC4979EEECB4
:10CC30005B79EFEC5C79F0EC5379F1EC5A79F2EC3A
:10CC40006279F3EC5779F4EC6079F5EC6F79F6ECF6
:10CC50006779F7EC7A79F8EC8579F9EC8A79FAEC6E
:10CC60009A79FBECA779FCECB379FDECD15FFEEC93
:10CC7000D05F40ED9E9741ED9F9742EDA19743ED28
:10CC8000A29744EDA49745EDA59746EDA69747EDED
:10CC9000A79748EDA89749EDA9974AEDAA974BEDBC
:10CCA000AC974CEDAE974DEDB0974EEDB1974FED83
:10CCB000B39750EDB59751EDB69752EDB79753ED49
:10CCC000B89754EDB99755EDBA9756EDBB9757ED18
:10CCD000BC9758EDBD9759EDBE975AEDBF975BEDE8
:10CCE000C0975CEDC1975DEDC2975EEDC3975FEDB8
:10CCF000C49760EDC59761EDC69762EDC79763ED88
:10CD0000C89764EDC99765EDCA9766EDCB9767ED57
:10CD1000CC9768EDCD9769EDCE976AEDCF976BED27
:10CD2000D0976CEDD1976DEDD2976EEDD3976FEDF7
:10CD3000D49770EDD59771EDD69772EDD79773EDC7
:10CD4000D89774EDD99775EDDA9776EDDB9777ED97
:10CD5000DC9778EDDD9779EDDE977AEDDF977BED67
:10CD6000E0977CEDE1977DEDE2977EEDE39780ED36
:10CD7000E49781EDE59782EDE89783EDEE9784EDFA
:10CD8000EF9785EDF09786EDF19787EDF29788EDB7
:10CD9000F49789EDF7978AEDF8978BEDF9978CED7D
:10CDA000FA978DEDFB978EEDFC978FEDFD9790ED4B
:10CDB000FE9791EDFF9792ED009893ED019894ED19
:10CDC000029895ED039896ED049897ED059898EDE7
:10CDD000069899ED07989AED08989BED09989CEDB7
:10CDE0000A989DED0B989EED0C989FED0D98A0ED87
:10CDF0000E98A1ED3C60A2ED5D60A3ED5A60A4ED3C
:10CE00006760A5ED4160A6ED5960A7ED6360A8EDF0
:10CE1000AB60A9ED0661AAED0D61ABED5D61ACED16
:10CE2000A961ADED9D61AEEDCB61AFEDD161B0ED2E
:10CE30000662B1ED8080B2ED7F80B3ED936CB4ED0E
:10CE4000F66CB5EDFC6DB6EDF677B7EDF877B8EDAD
:10CE50000078B9ED0978BAED1778BBED1878BCED1C
:10CE60001178BDEDAB65BEED2D78BFED1C78C0ED42
:10CE70001D78C1ED3978C2ED3A78C3ED3B78C4ED49
:10CE80001F78C5ED3C78C6ED2578C7ED2C78C8ED48
:10CE90002378C9ED2978CAED4E78CBED6D78CCEDCD
:10CEA0005678CDED5778CEED2678CFED5078D0ED91
:10CEB0004778D1ED4C78D2ED6A78D3ED9B78D4EDFC
:10CEC0009378D5ED9A78D6ED8778D7ED9C78D8ED24
:10CED000A178D9EDA378DAEDB278DBEDB978DCEDA5
:10CEE000A578DDEDD478DEEDD978DFEDC978E0ED19
:10CEF000EC78E1EDF278E2ED0579E3EDF478E4ED3C
:10CF00001379E5ED2479E6ED1E79E7ED3479E8ED66
:10CF10009B9FE9EDF99EEAEDFB9EEBEDFC9EECEDAF
:10CF2000F176EDED0477EEED0D77EFEDF976F0EDBE
:10CF30000777F1ED0877F2ED1A77F3ED2277F4ED4C
:10CF40001977F5ED2D77F6ED2677F7ED3577F8EDD6
:10CF50003877F9ED5077FAED5177FBED4777FCED37
:10CF60004377FDED5A77FEED687740EE0F9841EE7E
:10CF7000109842EE119843EE129844EE139845EE45
:10CF8000149846EE159847EE169848EE179849EE15
:10CF900018984AEE19984BEE1A984CEE1B984DEEE5
:10CFA0001C984EEE1D984FEE1E9850EE1F9851EEB5
:10CFB000209852EE219853EE229854EE239855EE85
:10CFC000249856EE259857EE269858EE279859EE55
:10CFD00028985AEE29985BEE2A985CEE2B985DEE25
:10CFE0002C985EEE2D985FEE2E9860EE2F9861EEF5
:10CFF000309862EE319863EE329864EE339865EEC5
:10D00000349866EE359867EE369868EE379869EE94
:10D0100038986AEE39986BEE3A986CEE3B986DEE64
:10D020003C986EEE3D986FEE3E9870EE3F9871EE34
:10D03000409872EE419873EE429874EE439875EE04
:10D04000449876EE459877EE469878EE479879EED4
:10D0500048987AEE49987BEE4A987CEE4B987DEEA4
:10D060004C987EEE4D9880EE4E9881EE4F9882EE71
:10D07000509883EE519884EE529885EE539886EE40
:10D08000549887EE559888EE569889EE57988AEE10
:10D0900058988BEE59988CEE5A988DEE5B988EEEE0
:10D0A0005C988FEE5D9890EE5E9891EE5F9892EEB0
:10D0B000609893EE619894EE629895EE639896EE80
:10D0C000649897EE659898EE669899EE67989AEE50
:10D0D00068989BEE69989CEE6A989DEE6B989EEE20
:10D0E0006C989FEE6D98A0EE6E98A1EE6277A2EE1E
:10D0F0006577A3EE7F77A4EE8D77A5EE7D77A6EE1C
:10D100008077A7EE8C77A8EE9177A9EE9F77AAEEAD
:10D11000A077ABEEB077ACEEB577ADEEBD77AEEE07
:10D120003A75AFEE4075B0EE4E75B1EE4B75B2EE9E
:10D130004875B3EE5B75B4EE7275B5EE7975B6EE03
:10D140008375B7EE587FB8EE617FB9EE5F7FBAEEB8
:10D15000488ABBEE687FBCEE747FBDEE717FBEEE89
:10D16000797FBFEE817FC0EE7E7FC1EECD76C2EECD
:10D17000E576C3EE3288C4EE8594C5EE8694C6EE9D
:10D180008794C7EE8B94C8EE8A94C9EE8C94CAEE4D
:10D190008D94CBEE8F94CCEE9094CDEE9494CEEE15
:10D1A0009794CFEE9594D0EE9A94D1EE9B94D2EED4
:10D1B0009C94D3EEA394D4EEA494D5EEAB94D6EE87
:10D1C000AA94D7EEAD94D8EEAC94D9EEAF94DAEE43
:10D1D000B094DBEEB294DCEEB494DDEEB694DEEE09
:10D1E000B794DFEEB894E0EEB994E1EEBA94E2EED3
:10D1F000BC94E3EEBD94E4EEBF94E5EEC494E6EE99
:10D20000C894E7EEC994E8EECA94E9EECB94EAEE4E
:10D21000CC94EBEECD94ECEECE94EDEED094EEEE1D
:10D22000D194EFEED294F0EED594F1EED694F2EEE6
:10D23000D794F3EED994F4EED894F5EEDB94F6EEB1
:10D24000DE94F7EEDF94F8EEE094F9EEE294FAEE75
:10D25000E494FBEEE594FCEEE794FDEEE894FEEE3C
:10D26000EA9440EF6F9841EF709842EF719843EF66
:10D27000729844EF739845EF749846EF8B9847EF98
:10D280008E9848EF929849EF95984AEF99984BEF0E
:10D29000A3984CEFA8984DEFA9984EEFAA984FEF9E
:10D2A000AB9850EFAC9851EFAD9852EFAE9853EF6A
:10D2B000AF9854EFB09855EFB19856EFB29857EF3A
:10D2C000B39858EFB49859EFB5985AEFB6985BEF0A
:10D2D000B7985CEFB8985DEFB9985EEFBA985FEFDA
:10D2E000BB9860EFBC9861EFBD9862EFBE9863EFAA
:10D2F000BF9864EFC09865EFC19866EFC29867EF7A
:10D30000C39868EFC49869EFC5986AEFC6986BEF49
:10D31000C7986CEFC8986DEFC9986EEFCA986FEF19
:10D32000CB9870EFCC9871EFCD9872EFCF9873EFE8
:10D33000D09874EFD49875EFD69876EFD79877EFAA
:10D34000DB9878EFDC9879EFDD987AEFE0987BEF67
:10D35000E1987CEFE2987DEFE3987EEFE49880EF30
:10D36000E59881EFE69882EFE99883EFEA9884EFF9
:10D37000EB9885EFEC9886EFED9887EFEE9888EFC5
:10D38000EF9889EFF0988AEFF1988BEFF2988CEF95
:10D39000F3988DEFF4988EEFF5988FEFF69890EF65
:10D3A000F79891EFF89892EFF99893EFFA9894EF35
:10D3B000FB9895EFFC9896EFFD9897EFFE9898EF05
:10D3C000FF9899EF00999AEF01999BEF02999CEFD2
:10D3D00003999DEF04999EEF05999FEF0699A0EFA1
:10D3E0000799A1EFE994A2EFEB94A3EFEE94A4EFD9
:10D3F000EF94A5EFF394A6EFF494A7EFF594A8EFBC
:10D40000F794A9EFF994AAEFFC94ABEFFD94ACEF7D
:10D41000FF94ADEF0395AEEF0295AFEF0695B0EF39
:10D420000795B1EF0995B2EF0A95B3EF0D95B4EFFB
:10D430000E95B5EF0F95B6EF1295B7EF1395B8EFC0
:10D440001495B9EF1595BAEF1695BBEF1895BCEF8B
:10D450001B95BDEF1D95BEEF1E95BFEF1F95C0EF4D
:10D460002295C1EF2A95C2EF2B95C3EF2995C4EF02
:10D470002C95C5EF3195C6EF3295C7EF3495C8EFBF
:10D480003695C9EF3795CAEF3895CBEF3C95CCEF81
:10D490003E95CDEF3F95CEEF4295CFEF3595D0EF4E
:10D4A0004495D1EF4595D2EF4695D3EF4995D4EF0A
:10D4B0004C95D5EF4E95D6EF4F95D7EF5295D8EFC7
:10D4C0005395D9EF5495DAEF5695DBEF5795DCEF8E
:10D4D0005895DDEF5995DEEF5B95DFEF5E95E0EF58
:10D4E0005F95E1EF5D95E2EF6195E3EF6295E4EF23
:10D4F0006495E5EF6595E6EF6695E7EF6795E8EFEC
:10D500006895E9EF6995EAEF6A95EBEF6B95ECEFBB
:10D510006C95EDEF6F95EEEF7195EFEF7295F0EF83
:10D520007395F1EF3A95F2EFE777F3EFEC77F4EFDD
:10D53000C996F5EFD579F6EFED79F7EFE379F8EFE6
:10D54000EB79F9EF067AFAEF475DFBEF037AFCEF30
:10D55000027AFDEF1E7AFEEF147A40F0089941F04E
:10D56000099942F00A9943F00B9944F00C9945F05F
:10D570000E9946F00F9947F0119948F0129949F029
:10D5800013994AF014994BF015994CF016994DF0F7
:10D5900017994EF018994FF0199950F01A9951F0C7
:10D5A0001B9952F01C9953F01D9954F01E9955F097
:10D5B0001F9956F0209957F0219958F0229959F067
:10D5C00023995AF024995BF025995CF026995DF037
:10D5D00027995EF028995FF0299960F02A9961F007
:10D5E0002B9962F02C9963F02D9964F02F9965F0D6
:10D5F000309966F0319967F0329968F0339969F0A3
:10D6000034996AF035996BF036996CF037996DF072
:10D6100038996EF039996FF03A9970F03B9971F042
:10D620003C9972F03D9973F03E9974F03F9975F012
:10D63000409976F0419977F0429978F0439979F0E2
:10D6400044997AF045997BF046997CF047997DF0B2
:10D6500048997EF0499980F04A9981F04B9982F07F
:10D660004C9983F04D9984F04E9985F04F9986F04E
:10D67000509987F0519988F0529989F053998AF01E
:10D6800056998BF057998CF058998DF059998EF0E6
:10D690005A998FF05B9990F05C9991F05D9992F0B6
:10D6A0005E9993F05F9994F0609995F0619996F086
:10D6B000629997F0649998F0669999F073999AF045
:10D6C00078999BF079999CF07B999DF07E999EF0DA
:10D6D00082999FF08399A0F08999A1F0397AA2F0FC
:10D6E000377AA3F0517AA4F0CF9EA5F0A599A6F0C1
:10D6F000707AA7F08876A8F08E76A9F09376AAF0D3
:10D700009976ABF0A476ACF0DE74ADF0E074AEF0D8
:10D710002C75AFF0209EB0F0229EB1F0289EB2F0A2
:10D72000299EB3F02A9EB4F02B9EB5F02C9EB6F045
:10D73000329EB7F0319EB8F0369EB9F0389EBAF0FE
:10D74000379EBBF0399EBCF03A9EBDF03E9EBEF0C7
:10D75000419EBFF0429EC0F0449EC1F0469EC2F082
:10D76000479EC3F0489EC4F0499EC5F04B9EC6F04C
:10D770004C9EC7F04E9EC8F0519EC9F0559ECAF00F
:10D78000579ECBF05A9ECCF05B9ECDF05C9ECEF0C7
:10D790005E9ECFF0639ED0F0669ED1F0679ED2F081
:10D7A000689ED3F0699ED4F06A9ED5F06B9ED6F049
:10D7B0006C9ED7F0719ED8F06D9ED9F0739EDAF012
:10D7C0009275DBF09475DCF09675DDF0A075DEF0F7
:10D7D0009D75DFF0AC75E0F0A375E1F0B375E2F094
:10D7E000B475E3F0B875E4F0C475E5F0B175E6F032
:10D7F000B075E7F0C375E8F0C275E9F0D675EAF0E8
:10D80000CD75EBF0E375ECF0E875EDF0E675EEF054
:10D81000E475EFF0EB75F0F0E775F1F00376F2F0F8
:10D82000F175F3F0FC75F4F0FF75F5F01076F6F095
:10D830000076F7F00576F8F00C76F9F01776FAF046
:10D840000A76FBF02576FCF01876FDF01576FEF0F2
:10D85000197640F18C9941F18E9942F19A9943F1F0
:10D860009B9944F19C9945F19D9946F19E9947F108
:10D870009F9948F1A09949F1A1994AF1A2994BF1D8
:10D88000A3994CF1A4994DF1A6994EF1A7994FF1A6
:10D89000A99950F1AA9951F1AB9952F1AC9953F170
:10D8A000AD9954F1AE9955F1AF9956F1B09957F140
:10D8B000B19958F1B29959F1B3995AF1B4995BF110
:10D8C000B5995CF1B6995DF1B7995EF1B8995FF1E0
:10D8D000B99960F1BA9961F1BB9962F1BC9963F1B0
:10D8E000BD9964F1BE9965F1BF9966F1C09967F180
:10D8F000C19968F1C29969F1C3996AF1C4996BF150
:10D90000C5996CF1C6996DF1C7996EF1C8996FF11F
:10D91000C99970F1CA9971F1CB9972F1CC9973F1EF
:10D92000CD9974F1CE9975F1CF9976F1D09977F1BF
:10D93000D19978F1D29979F1D3997AF1D4997BF18F
:10D94000D5997CF1D6997DF1D7997EF1D89980F15E
:10D95000D99981F1DA9982F1DB9983F1DC9984F12B
:10D96000DD9985F1DE9986F1DF9987F1E09988F1FB
:10D97000E19989F1E2998AF1E3998BF1E4998CF1CB
:10D98000E5998DF1E6998EF1E7998FF1E89990F19B
:10D99000E99991F1EA9992F1EB9993F1EC9994F16B
:10D9A000ED9995F1EE9996F1EF9997F1F09998F13B
:10D9B000F19999F1F2999AF1F3999BF1F4999CF10B
:10D9C000F5999DF1F6999EF1F7999FF1F899A0F1DB
:10D9D000F999A1F11B76A2F13C76A3F12276A4F18C
:10D9E0002076A5F14076A6F12D76A7F13076A8F144
:10D9F0003F76A9F13576AAF14376ABF13E76ACF1EC
:10DA00003376ADF14D76AEF15E76AFF15476B0F18E
:10DA10005C76B1F15676B2F16B76B3F16F76B4F114
:10DA2000CA7FB5F1E67AB6F1787AB7F1797AB8F1CA
:10DA3000807AB9F1867ABAF1887ABBF1957ABCF12D
:10DA4000A67ABDF1A07ABEF1AC7ABFF1A87AC0F196
:10DA5000AD7AC1F1B37AC2F16488C3F16988C4F1C7
:10DA60007288C5F17D88C6F17F88C7F18288C8F1C8
:10DA7000A288C9F1C688CAF1B788CBF1BC88CCF1BD
:10DA8000C988CDF1E288CEF1CE88CFF1E388D0F11C
:10DA9000E588D1F1F188D2F11A89D3F1FC88D4F16B
:10DAA000E888D5F1FE88D6F1F088D7F12189D8F140
:10DAB0001989D9F11389DAF11B89DBF10A89DCF1C3
:10DAC0003489DDF12B89DEF13689DFF14189E0F11E
:10DAD0006689E1F17B89E2F18B75E3F1E580E4F1A0
:10DAE000B276E5F1B476E6F1DC77E7F11280E8F1A1
:10DAF0001480E9F11680EAF11C80EBF12080ECF152
:10DB00002280EDF12580EEF12680EFF12780F0F103
:10DB10002980F1F12880F2F13180F3F10B80F4F1EA
:10DB20003580F5F14380F6F14680F7F14D80F8F14C
:10DB30005280F9F16980FAF17180FBF18389FCF17F
:10DB40007898FDF18098FEF1839840F2FA9941F2BD
:10DB5000FB9942F2FC9943F2FD9944F2FE9945F299
:10DB6000FF9946F2009A47F2019A48F2029A49F266
:10DB7000039A4AF2049A4BF2059A4CF2069A4DF235
:10DB8000079A4EF2089A4FF2099A50F20A9A51F205
:10DB90000B9A52F20C9A53F20D9A54F20E9A55F2D5
:10DBA0000F9A56F2109A57F2119A58F2129A59F2A5
:10DBB000139A5AF2149A5BF2159A5CF2169A5DF275
:10DBC000179A5EF2189A5FF2199A60F21A9A61F245
:10DBD0001B9A62F21C9A63F21D9A64F21E9A65F215
:10DBE0001F9A66F2209A67F2219A68F2229A69F2E5
:10DBF000239A6AF2249A6BF2259A6CF2269A6DF2B5
:10DC0000279A6EF2289A6FF2299A70F22A9A71F284
:10DC10002B9A72F22C9A73F22D9A74F22E9A75F254
:10DC20002F9A76F2309A77F2319A78F2329A79F224
:10DC3000339A7AF2349A7BF2359A7CF2369A7DF2F4
:10DC4000379A7EF2389A80F2399A81F23A9A82F2C1
:10DC50003B9A83F23C9A84F23D9A85F23E9A86F290
:10DC60003F9A87F2409A88F2419A89F2429A8AF260
:10DC7000439A8BF2449A8CF2459A8DF2469A8EF230
:10DC8000479A8FF2489A90F2499A91F24A9A92F200
:10DC90004B9A93F24C9A94F24D9A95F24E9A96F2D0
:10DCA0004F9A97F2509A98F2519A99F2529A9AF2A0
:10DCB000539A9BF2549A9CF2559A9DF2569A9EF270
:10DCC000579A9FF2589AA0F2599AA1F28998A2F213
:10DCD0008C98A3F28D98A4F28F98A5F29498A6F24E
:10DCE0009A98A7F29B98A8F29E98A9F29F98AAF2F8
:10DCF000A198ABF2A298ACF2A598ADF2A698AEF2BC
:10DD00004D86AFF25486B0F26C86B1F26E86B2F2F6
:10DD10007F86B3F27A86B4F27C86B5F27B86B6F261
:10DD2000A886B7F28D86B8F28B86B9F2AC86BAF2C5
:10DD30009D86BBF2A786BCF2A386BDF2AA86BEF280
:10DD40009386BFF2A986C0F2B686C1F2C486C2F23B
:10DD5000B586C3F2CE86C4F2B086C5F2BA86C6F2E4
:10DD6000B186C7F2AF86C8F2C986C9F2CF86CAF2B9
:10DD7000B486CBF2E986CCF2F186CDF2F286CEF211
:10DD8000ED86CFF2F386D0F2D086D1F21387D2F2AD
:10DD9000DE86D3F2F486D4F2DF86D5F2D886D6F2C8
:10DDA000D186D7F20387D8F20787D9F2F886DAF25C
:10DDB0000887DBF20A87DCF20D87DDF20987DEF2E5
:10DDC0002387DFF23B87E0F21E87E1F22587E2F24C
:10DDD0002E87E3F21A87E4F23E87E5F24887E6F2FF
:10DDE0003487E7F23187E8F22987E9F23787EAF2E8
:10DDF0003F87EBF28287ECF22287EDF27D87EEF22D
:10DE00007E87EFF27B87F0F26087F1F27087F2F2A3
:10DE10004C87F3F26E87F4F28B87F5F25387F6F2B4
:10DE20006387F7F27C87F8F26487F9F25987FAF290
:10DE30006587FBF29387FCF2AF87FDF2A887FEF2BD
:10DE4000D28740F35A9A41F35B9A42F35C9A43F3C8
:10DE50005D9A44F35E9A45F35F9A46F3609A47F3FE
:10DE6000619A48F3629A49F3639A4AF3649A4BF3CE
:10DE7000659A4CF3669A4DF3679A4EF3689A4FF39E
:10DE8000699A50F36A9A51F36B9A52F3729A53F368
:10DE9000839A54F3899A55F38D9A56F38E9A57F3D1
:10DEA000949A58F3959A59F3999A5AF3A69A5BF370
:10DEB000A99A5CF3AA9A5DF3AB9A5EF3AC9A5FF30E
:10DEC000AD9A60F3AE9A61F3AF9A62F3B29A63F3DC
:10DED000B39A64F3B49A65F3B59A66F3B99A67F3A3
:10DEE000BB9A68F3BD9A69F3BE9A6AF3BF9A6BF363
:10DEF000C39A6CF3C49A6DF3C69A6EF3C79A6FF324
:10DF0000C89A70F3C99A71F3CA9A72F3CD9A73F3EF
:10DF1000CE9A74F3CF9A75F3D09A76F3D29A77F3B8
:10DF2000D49A78F3D59A79F3D69A7AF3D79A7BF381
:10DF3000D99A7CF3DA9A7DF3DB9A7EF3DC9A80F34C
:10DF4000DD9A81F3DE9A82F3E09A83F3E29A84F316
:10DF5000E39A85F3E49A86F3E59A87F3E79A88F3E0
:10DF6000E89A89F3E99A8AF3EA9A8BF3EC9A8CF3AC
:10DF7000EE9A8DF3F09A8EF3F19A8FF3F29A90F372
:10DF8000F39A91F3F49A92F3F59A93F3F69A94F341
:10DF9000F79A95F3F89A96F3FA9A97F3FC9A98F30E
:10DFA000FD9A99F3FE9A9AF3FF9A9BF3009B9CF3D8
:10DFB000019B9DF3029B9EF3049B9FF3059BA0F3A3
:10DFC000069BA1F3C687A2F38887A3F38587A4F3F2
:10DFD000AD87A5F39787A6F38387A7F3AB87A8F34D
:10DFE000E587A9F3AC87AAF3B587ABF3B387ACF3A6
:10DFF000CB87ADF3D387AEF3BD87AFF3D187B0F353
:10E00000C087B1F3CA87B2F3DB87B3F3EA87B4F30F
:10E01000E087B5F3EE87B6F31688B7F31388B8F345
:10E02000FE87B9F30A88BAF31B88BBF32188BCF3D7
:10E030003988BDF33C88BEF3367FBFF3427FC0F31F
:10E04000447FC1F3457FC2F31082C3F3FA7AC4F36D
:10E05000FD7AC5F3087BC6F3037BC7F3047BC8F3E3
:10E06000157BC9F30A7BCAF32B7BCBF30F7BCCF375
:10E07000477BCDF3387BCEF32A7BCFF3197BD0F3EC
:10E080002E7BD1F3317BD2F3207BD3F3257BD4F3EA
:10E09000247BD5F3337BD6F33E7BD7F31E7BD8F3BB
:10E0A000587BD9F35A7BDAF3457BDBF3757BDCF3E2
:10E0B0004C7BDDF35D7BDEF3607BDFF36E7BE0F3B7
:10E0C0007B7BE1F3627BE2F3727BE3F3717BE4F34E
:10E0D000907BE5F3A67BE6F3A77BE7F3B87BE8F359
:10E0E000AC7BE9F39D7BEAF3A87BEBF3857BECF358
:10E0F000AA7BEDF39C7BEEF3A27BEFF3AB7BF0F31B
:10E10000B47BF1F3D17BF2F3C17BF3F3CC7BF4F37B
:10E11000DD7BF5F3DA7BF6F3E57BF7F3E67BF8F3EB
:10E12000EA7BF9F30C7CFAF3FE7BFBF3FC7BFCF35C
:10E130000F7CFDF3167CFEF30B7C40F4079B41F44F
:10E14000099B42F40A9B43F40B9B44F40C9B45F45B
:10E150000D9B46F40E9B47F4109B48F4119B49F429
:10E16000129B4AF4149B4BF4159B4CF4169B4DF4F4
:10E17000179B4EF4189B4FF4199B50F41A9B51F4C3
:10E180001B9B52F41C9B53F41D9B54F41E9B55F493
:10E19000209B56F4219B57F4229B58F4249B59F45E
:10E1A000259B5AF4269B5BF4279B5CF4289B5DF42B
:10E1B000299B5EF42A9B5FF42B9B60F42C9B61F4FB
:10E1C0002D9B62F42E9B63F4309B64F4319B65F4C9
:10E1D000339B66F4349B67F4359B68F4369B69F493
:10E1E000379B6AF4389B6BF4399B6CF43A9B6DF463
:10E1F0003D9B6EF43E9B6FF43F9B70F4409B71F42B
:10E20000469B72F44A9B73F44B9B74F44C9B75F4DD
:10E210004E9B76F4509B77F4529B78F4539B79F4A1
:10E22000559B7AF4569B7BF4579B7CF4589B7DF46A
:10E23000599B7EF45A9B80F45B9B81F45C9B82F437
:10E240005D9B83F45E9B84F45F9B85F4609B86F406
:10E25000619B87F4629B88F4639B89F4649B8AF4D6
:10E26000659B8BF4669B8CF4679B8DF4689B8EF4A6
:10E27000699B8FF46A9B90F46B9B91F46C9B92F476
:10E280006D9B93F46E9B94F46F9B95F4709B96F446
:10E29000719B97F4729B98F4739B99F4749B9AF416
:10E2A000759B9BF4769B9CF4779B9DF4789B9EF4E6
:10E2B000799B9FF47A9BA0F47B9BA1F41F7CA2F432
:10E2C0002A7CA3F4267CA4F4387CA5F4417CA6F433
:10E2D000407CA7F4FE81A8F40182A9F40282AAF48A
:10E2E0000482ABF4EC81ACF44488ADF42182AEF44A
:10E2F0002282AFF42382B0F42D82B1F42F82B2F4E3
:10E300002882B3F42B82B4F43882B5F43B82B6F49D
:10E310003382B7F43482B8F43E82B9F44482BAF45A
:10E320004982BBF44B82BCF44F82BDF45A82BEF4E6
:10E330005F82BFF46882C0F47E88C1F48588C2F42D
:10E340008888C3F4D888C4F4DF88C5F45E89C6F42D
:10E350009D7FC7F49F7FC8F4A77FC9F4AF7FCAF43D
:10E36000B07FCBF4B27FCCF47C7CCDF44965CEF4A5
:10E37000917CCFF49D7CD0F49C7CD1F49E7CD2F433
:10E38000A27CD3F4B27CD4F4BC7CD5F4BD7CD6F4AE
:10E39000C17CD7F4C77CD8F4CC7CD9F4CD7CDAF43A
:10E3A000C87CDBF4C57CDCF4D77CDDF4E87CDEF4EF
:10E3B0006E82DFF4A866E0F4BF7FE1F4CE7FE2F482
:10E3C000D57FE3F4E57FE4F4E17FE5F4E67FE6F46E
:10E3D000E97FE7F4EE7FE8F4F37FE9F4F87CEAF410
:10E3E000777DEBF4A67DECF4AE7DEDF4477EEEF4A4
:10E3F0009B7EEFF4B89EF0F4B49EF1F4738DF2F4CA
:10E40000848DF3F4948DF4F4918DF5F4B18DF6F4DC
:10E41000678DF7F46D8DF8F4478CF9F4498CFAF4B4
:10E420004A91FBF45091FCF44E91FDF44F91FEF4AF
:10E43000649140F57C9B41F57D9B42F57E9B43F5C5
:10E440007F9B44F5809B45F5819B46F5829B47F574
:10E45000839B48F5849B49F5859B4AF5869B4BF544
:10E46000879B4CF5889B4DF5899B4EF58A9B4FF514
:10E470008B9B50F58C9B51F58D9B52F58E9B53F5E4
:10E480008F9B54F5909B55F5919B56F5929B57F5B4
:10E49000939B58F5949B59F5959B5AF5969B5BF584
:10E4A000979B5CF5989B5DF5999B5EF59A9B5FF554
:10E4B0009B9B60F59C9B61F59D9B62F59E9B63F524
:10E4C0009F9B64F5A09B65F5A19B66F5A29B67F5F4
:10E4D000A39B68F5A49B69F5A59B6AF5A69B6BF5C4
:10E4E000A79B6CF5A89B6DF5A99B6EF5AA9B6FF594
:10E4F000AB9B70F5AC9B71F5AD9B72F5AE9B73F564
:10E50000AF9B74F5B09B75F5B19B76F5B29B77F533
:10E51000B39B78F5B49B79F5B59B7AF5B69B7BF503
:10E52000B79B7CF5B89B7DF5B99B7EF5BA9B80F5D2
:10E53000BB9B81F5BC9B82F5BD9B83F5BE9B84F59F
:10E54000BF9B85F5C09B86F5C19B87F5C29B88F56F
:10E55000C39B89F5C49B8AF5C59B8BF5C69B8CF53F
:10E56000C79B8DF5C89B8EF5C99B8FF5CA9B90F50F
:10E57000CB9B91F5CC9B92F5CD9B93F5CE9B94F5DF
:10E58000CF9B95F5D09B96F5D19B97F5D29B98F5AF
:10E59000D39B99F5D49B9AF5D59B9BF5D69B9CF57F
:10E5A000D79B9DF5D89B9EF5D99B9FF5DA9BA0F54F
:10E5B000DB9BA1F56291A2F56191A3F57091A4F5A1
:10E5C0006991A5F56F91A6F57D91A7F57E91A8F5C6
:10E5D0007291A9F57491AAF57991ABF58C91ACF58E
:10E5E0008591ADF59091AEF58D91AFF59191B0F526
:10E5F000A291B1F5A391B2F5AA91B3F5AD91B4F59D
:10E60000AE91B5F5AF91B6F5B591B7F5B491B8F552
:10E61000BA91B9F5558CBAF57E9EBBF5B88DBCF5AF
:10E62000EB8DBDF5058EBEF5598EBFF5698EC0F533
:10E63000B58DC1F5BF8DC2F5BC8DC3F5BA8DC4F5DE
:10E64000C48DC5F5D68DC6F5D78DC7F5DA8DC8F55D
:10E65000DE8DC9F5CE8DCAF5CF8DCBF5DB8DCCF532
:10E66000C68DCDF5EC8DCEF5F78DCFF5F88DD0F5C7
:10E67000E38DD1F5F98DD2F5FB8DD3F5E48DD4F58D
:10E68000098ED5F5FD8DD6F5148ED7F51D8ED8F5EE
:10E690001F8ED9F52C8EDAF52E8EDBF5238EDCF568
:10E6A0002F8EDDF53A8EDEF5408EDFF5398EE0F502
:10E6B000358EE1F53D8EE2F5318EE3F5498EE4F5D8
:10E6C000418EE5F5428EE6F5518EE7F5528EE8F57E
:10E6D0004A8EE9F5708EEAF5768EEBF57C8EECF5D8
:10E6E0006F8EEDF5748EEEF5858EEFF58F8EF0F56D
:10E6F000948EF1F5908EF2F59C8EF3F59E8EF4F5E6
:10E70000788CF5F5828CF6F58A8CF7F5858CF8F522
:10E71000988CF9F5948CFAF59B65FBF5D689FCF598
:10E72000DE89FDF5DA89FEF5DC8940F6DC9B41F6F1
:10E73000DD9B42F6DE9B43F6DF9B44F6E09B45F60D
:10E74000E19B46F6E29B47F6E39B48F6E49B49F6DD
:10E75000E59B4AF6E69B4BF6E79B4CF6E89B4DF6AD
:10E76000E99B4EF6EA9B4FF6EB9B50F6EC9B51F67D
:10E77000ED9B52F6EE9B53F6EF9B54F6F09B55F64D
:10E78000F19B56F6F29B57F6F39B58F6F49B59F61D
:10E79000F59B5AF6F69B5BF6F79B5CF6F89B5DF6ED
:10E7A000F99B5EF6FA9B5FF6FB9B60F6FC9B61F6BD
:10E7B000FD9B62F6FE9B63F6FF9B64F6009C65F68C
:10E7C000019C66F6029C67F6039C68F6049C69F659
:10E7D000059C6AF6069C6BF6079C6CF6089C6DF629
:10E7E000099C6EF60A9C6FF60B9C70F60C9C71F6F9
:10E7F0000D9C72F60E9C73F60F9C74F6109C75F6C9
:10E80000119C76F6129C77F6139C78F6149C79F698
:10E81000159C7AF6169C7BF6179C7CF6189C7DF668
:10E82000199C7EF61A9C80F61B9C81F61C9C82F635
:10E830001D9C83F61E9C84F61F9C85F6209C86F604
:10E84000219C87F6229C88F6239C89F6249C8AF6D4
:10E85000259C8BF6269C8CF6279C8DF6289C8EF6A4
:10E86000299C8FF62A9C90F62B9C91F62C9C92F674
:10E870002D9C93F62E9C94F62F9C95F6309C96F644
:10E88000319C97F6329C98F6339C99F6349C9AF614
:10E89000359C9BF6369C9CF6379C9DF6389C9EF6E4
:10E8A000399C9FF63A9CA0F63B9CA1F6E589A2F61E
:10E8B000EB89A3F6EF89A4F63E8AA5F6268BA6F689
:10E8C0005397A7F6E996A8F6F396A9F6EF96AAF657
:10E8D0000697ABF60197ACF60897ADF60F97AEF634
:10E8E0000E97AFF62A97B0F62D97B1F63097B2F69D
:10E8F0003E97B3F6809FB4F6839FB5F6859FB6F634
:10E90000869FB7F6879FB8F6889FB9F6899FBAF6B3
:10E910008A9FBBF68C9FBCF6FE9EBDF60B9FBEF693
:10E920000D9FBFF6B996C0F6BC96C1F6BD96C2F66D
:10E93000CE96C3F6D296C4F6BF77C5F6E096C6F675
:10E940008E92C7F6AE92C8F6C892C9F63E93CAF642
:10E950006A93CBF6CA93CCF68F93CDF63E94CEF65F
:10E960006B94CFF67F9CD0F6829CD1F6859CD2F634
:10E97000869CD3F6879CD4F6889CD5F6237AD6F667
:10E980008B9CD7F68E9CD8F6909CD9F6919CDAF6A3
:10E99000929CDBF6949CDCF6959CDDF69A9CDEF668
:10E9A0009B9CDFF69E9CE0F69F9CE1F6A09CE2F625
:10E9B000A19CE3F6A29CE4F6A39CE5F6A59CE6F6F2
:10E9C000A69CE7F6A79CE8F6A89CE9F6A99CEAF6BF
:10E9D000AB9CEBF6AD9CECF6AE9CEDF6B09CEEF687
:10E9E000B19CEFF6B29CF0F6B39CF1F6B49CF2F653
:10E9F000B59CF3F6B69CF4F6B79CF5F6BA9CF6F621
:10EA0000BB9CF7F6BC9CF8F6BD9CF9F6C49CFAF6E4
:10EA1000C59CFBF6C69CFCF6C79CFDF6CA9CFEF6A0
:10EA2000CB9C40F73C9C41F73D9C42F73E9C43F712
:10EA30003F9C44F7409C45F7419C46F7429C47F772
:10EA4000439C48F7449C49F7459C4AF7469C4BF742
:10EA5000479C4CF7489C4DF7499C4EF74A9C4FF712
:10EA60004B9C50F74C9C51F74D9C52F74E9C53F7E2
:10EA70004F9C54F7509C55F7519C56F7529C57F7B2
:10EA8000539C58F7549C59F7559C5AF7569C5BF782
:10EA9000579C5CF7589C5DF7599C5EF75A9C5FF752
:10EAA0005B9C60F75C9C61F75D9C62F75E9C63F722
:10EAB0005F9C64F7609C65F7619C66F7629C67F7F2
:10EAC000639C68F7649C69F7659C6AF7669C6BF7C2
:10EAD000679C6CF7689C6DF7699C6EF76A9C6FF792
:10EAE0006B9C70F76C9C71F76D9C72F76E9C73F762
:10EAF0006F9C74F7709C75F7719C76F7729C77F732
:10EB0000739C78F7749C79F7759C7AF7769C7BF701
:10EB1000779C7CF7789C7DF7799C7EF77A9C80F7D0
:10EB20007B9C81F77D9C82F77E9C83F7809C84F799
:10EB3000839C85F7849C86F7899C87F78A9C88F755
:10EB40008C9C89F78F9C8AF7939C8BF7969C8CF70B
:10EB5000979C8DF7989C8EF7999C8FF79D9C90F7CA
:10EB6000AA9C91F7AC9C92F7AF9C93F7B99C94F751
:10EB7000BE9C95F7BF9C96F7C09C97F7C19C98F7F1
:10EB8000C29C99F7C89C9AF7C99C9BF7D19C9CF7AB
:10EB9000D29C9DF7DA9C9EF7DB9C9FF7E09CA0F748
:10EBA000E19CA1F7CC9CA2F7CD9CA3F7CE9CA4F747
:10EBB000CF9CA5F7D09CA6F7D39CA7F7D49CA8F729
:10EBC000D59CA9F7D79CAAF7D89CABF7D99CACF7F2
:10EBD000DC9CADF7DD9CAEF7DF9CAFF7E29CB0F7B5
:10EBE0007C97B1F78597B2F79197B3F79297B4F7FF
:10EBF0009497B5F7AF97B6F7AB97B7F7A397B8F772
:10EC0000B297B9F7B497BAF7B19ABBF7B09ABCF715
:10EC1000B79ABDF7589EBEF7B69ABFF7BA9AC0F733
:10EC2000BC9AC1F7C19AC2F7C09AC3F7C59AC4F794
:10EC3000C29AC5F7CB9AC6F7CC9AC7F7D19AC8F74C
:10EC4000459BC9F7439BCAF7479BCBF7499BCCF73A
:10EC5000489BCDF74D9BCEF7519BCFF7E898D0F767
:10EC60000D99D1F72E99D2F75599D3F75499D4F736
:10EC7000DF9AD5F7E19AD6F7E69AD7F7EF9AD8F761
:10EC8000EB9AD9F7FB9ADAF7ED9ADBF7F99ADCF70A
:10EC9000089BDDF70F9BDEF7139BDFF71F9BE0F769
:10ECA000239BE1F7BD9EE2F7BE9EE3F73B7EE4F7D0
:10ECB000829EE5F7879EE6F7889EE7F78B9EE8F74A
:10ECC000929EE9F7D693EAF79D9EEBF79F9EECF7AD
:10ECD000DB9EEDF7DC9EEEF7DD9EEFF7E09EF0F7B2
:10ECE000DF9EF1F7E29EF2F7E99EF3F7E79EF4F775
:10ECF000E59EF5F7EA9EF6F7EF9EF7F7229FF8F705
:10ED00002C9FF9F72F9FFAF7399FFBF7379FFCF7F6
:10ED10003D9FFDF73E9FFEF7449F40F8E39C41F87E
:10ED2000E49C42F8E59C43F8E69C44F8E79C45F8EF
:10ED3000E89C46F8E99C47F8EA9C48F8EB9C49F8BF
:10ED4000EC9C4AF8ED9C4BF8EE9C4CF8EF9C4DF88F
:10ED5000F09C4EF8F19C4FF8F29C50F8F39C51F85F
:10ED6000F49C52F8F59C53F8F69C54F8F79C55F82F
:10ED7000F89C56F8F99C57F8FA9C58F8FB9C59F8FF
:10ED8000FC9C5AF8FD9C5BF8FE9C5CF8FF9C5DF8CF
:10ED9000009D5EF8019D5FF8029D60F8039D61F89B
:10EDA000049D62F8059D63F8069D64F8079D65F86B
:10EDB000089D66F8099D67F80A9D68F80B9D69F83B
:10EDC0000C9D6AF80D9D6BF80E9D6CF80F9D6DF80B
:10EDD000109D6EF8119D6FF8129D70F8139D71F8DB
:10EDE000149D72F8159D73F8169D74F8179D75F8AB
:10EDF000189D76F8199D77F81A9D78F81B9D79F87B
:10EE00001C9D7AF81D9D7BF81E9D7CF81F9D7DF84A
:10EE1000209D7EF8219D80F8229D81F8239D82F817
:10EE2000249D83F8259D84F8269D85F8279D86F8E6
:10EE3000289D87F8299D88F82A9D89F82B9D8AF8B6
:10EE40002C9D8BF82D9D8CF82E9D8DF82F9D8EF886
:10EE5000309D8FF8319D90F8329D91F8339D92F856
:10EE6000349D93F8359D94F8369D95F8379D96F826
:10EE7000389D97F8399D98F83A9D99F83B9D9AF8F6
:10EE80003C9D9BF83D9D9CF83E9D9DF83F9D9EF8C6
:10EE9000409D9FF8419DA0F8429D40F9439D41F956
:10EEA000449D42F9459D43F9469D44F9479D45F9E6
:10EEB000489D46F9499D47F94A9D48F94B9D49F9B6
:10EEC0004C9D4AF94D9D4BF94E9D4CF94F9D4DF986
:10EED000509D4EF9519D4FF9529D50F9539D51F956
:10EEE000549D52F9559D53F9569D54F9579D55F926
:10EEF000589D56F9599D57F95A9D58F95B9D59F9F6
:10EF00005C9D5AF95D9D5BF95E9D5CF95F9D5DF9C5
:10EF1000609D5EF9619D5FF9629D60F9639D61F995
:10EF2000649D62F9659D63F9669D64F9679D65F965
:10EF3000689D66F9699D67F96A9D68F96B9D69F935
:10EF40006C9D6AF96D9D6BF96E9D6CF96F9D6DF905
:10EF5000709D6EF9719D6FF9729D70F9739D71F9D5
:10EF6000749D72F9759D73F9769D74F9779D75F9A5
:10EF7000789D76F9799D77F97A9D78F97B9D79F975
:10EF80007C9D7AF97D9D7BF97E9D7CF97F9D7DF945
:10EF9000809D7EF9819D80F9829D81F9839D82F912
:10EFA000849D83F9859D84F9869D85F9879D86F9E1
:10EFB000889D87F9899D88F98A9D89F98B9D8AF9B1
:10EFC0008C9D8BF98D9D8CF98E9D8DF98F9D8EF981
:10EFD000909D8FF9919D90F9929D91F9939D92F951
:10EFE000949D93F9959D94F9969D95F9979D96F921
:10EFF000989D97F9999D98F99A9D99F99B9D9AF9F1
:10F000009C9D9BF99D9D9CF99E9D9DF99F9D9EF9C0
:10F01000A09D9FF9A19DA0F9A29D40FAA39D41FA50
:10F02000A49D42FAA59D43FAA69D44FAA79D45FAE0
:10F03000A89D46FAA99D47FAAA9D48FAAB9D49FAB0
:10F04000AC9D4AFAAD9D4BFAAE9D4CFAAF9D4DFA80
:10F05000B09D4EFAB19D4FFAB29D50FAB39D51FA50
:10F06000B49D52FAB59D53FAB69D54FAB79D55FA20
:10F07000B89D56FAB99D57FABA9D58FABB9D59FAF0
:10F08000BC9D5AFABD9D5BFABE9D5CFABF9D5DFAC0
:10F09000C09D5EFAC19D5FFAC29D60FAC39D61FA90
:10F0A000C49D62FAC59D63FAC69D64FAC79D65FA60
:10F0B000C89D66FAC99D67FACA9D68FACB9D69FA30
:10F0C000CC9D6AFACD9D6BFACE9D6CFACF9D6DFA00
:10F0D000D09D6EFAD19D6FFAD29D70FAD39D71FAD0
:10F0E000D49D72FAD59D73FAD69D74FAD79D75FAA0
:10F0F000D89D76FAD99D77FADA9D78FADB9D79FA70
:10F10000DC9D7AFADD9D7BFADE9D7CFADF9D7DFA3F
:10F11000E09D7EFAE19D80FAE29D81FAE39D82FA0C
:10F12000E49D83FAE59D84FAE69D85FAE79D86FADB
:10F13000E89D87FAE99D88FAEA9D89FAEB9D8AFAAB
:10F14000EC9D8BFAED9D8CFAEE9D8DFAEF9D8EFA7B
:10F15000F09D8FFAF19D90FAF29D91FAF39D92FA4B
:10F16000F49D93FAF59D94FAF69D95FAF79D96FA1B
:10F17000F89D97FAF99D98FAFA9D99FAFB9D9AFAEB
:10F18000FC9D9BFAFD9D9CFAFE9D9DFAFF9D9EFABB
:10F19000009E9FFA019EA0FA029E40FB039E41FB47
:10F1A000049E42FB059E43FB069E44FB079E45FBD7
:10F1B000089E46FB099E47FB0A9E48FB0B9E49FBA7
:10F1C0000C9E4AFB0D9E4BFB0E9E4CFB0F9E4DFB77
:10F1D000109E4EFB119E4FFB129E50FB139E51FB47
:10F1E000149E52FB159E53FB169E54FB179E55FB17
:10F1F000189E56FB199E57FB1A9E58FB1B9E59FBE7
:10F200001C9E5AFB1D9E5BFB1E9E5CFB249E5DFBB1
:10F21000279E5EFB2E9E5FFB309E60FB349E61FB53
:10F220003B9E62FB3C9E63FB409E64FB4D9E65FBE8
:10F23000509E66FB529E67FB539E68FB549E69FB83
:10F24000569E6AFB599E6BFB5D9E6CFB5F9E6DFB41
:10F25000609E6EFB619E6FFB629E70FB659E71FB04
:10F260006E9E72FB6F9E73FB729E74FB749E75FBA9
:10F27000759E76FB769E77FB779E78FB789E79FB72
:10F28000799E7AFB7A9E7BFB7B9E7CFB7C9E7DFB42
:10F290007D9E7EFB809E80FB819E81FB839E82FB08
:10F2A000849E83FB859E84FB869E85FB899E86FBD0
:10F2B0008A9E87FB8C9E88FB8D9E89FB8E9E8AFB97
:10F2C0008F9E8BFB909E8CFB919E8DFB949E8EFB64
:10F2D000959E8FFB969E90FB979E91FB989E92FB2E
:10F2E000999E93FB9A9E94FB9B9E95FB9C9E96FBFE
:10F2F0009E9E97FBA09E98FBA19E99FBA29E9AFBC7
:10F30000A39E9BFBA49E9CFBA59E9DFBA79E9EFB94
:10F31000A89E9FFBA99EA0FBAA9E40FCAB9E41FC21
:10F32000AC9E42FCAD9E43FCAE9E44FCAF9E45FCB1
:10F33000B09E46FCB19E47FCB29E48FCB39E49FC81
:10F34000B59E4AFCB69E4BFCB79E4CFCB99E4DFC4C
:10F35000BA9E4EFCBC9E4FFCBF9E50FCC09E51FC12
:10F36000C19E52FCC29E53FCC39E54FCC59E55FCDC
:10F37000C69E56FCC79E57FCC89E58FCCA9E59FCA8
:10F38000CB9E5AFCCC9E5BFCD09E5CFCD29E5DFC6E
:10F39000D39E5EFCD59E5FFCD69E60FCD79E61FC32
:10F3A000D99E62FCDA9E63FCDE9E64FCE19E65FCF5
:10F3B000E39E66FCE49E67FCE69E68FCE89E69FCB2
:10F3C000EB9E6AFCEC9E6BFCED9E6CFCEE9E6DFC75
:10F3D000F09E6EFCF19E6FFCF29E70FCF39E71FC41
:10F3E000F49E72FCF59E73FCF69E74FCF79E75FC11
:10F3F000F89E76FCFA9E77FCFD9E78FCFF9E79FCD9
:10F40000009F7AFC019F7BFC029F7CFC039F7DFC9C
:10F41000049F7EFC059F80FC069F81FC079F82FC69
:10F42000089F83FC099F84FC0A9F85FC0C9F86FC37
:10F430000F9F87FC119F88FC129F89FC149F8AFCF8
:10F44000159F8BFC169F8CFC189F8DFC1A9F8EFCC1
:10F450001B9F8FFC1C9F90FC1D9F91FC1E9F92FC8C
:10F460001F9F93FC219F94FC239F95FC249F96FC57
:10F47000259F97FC269F98FC279F99FC289F9AFC24
:10F48000299F9BFC2A9F9CFC2B9F9DFC2D9F9EFCF3
:10F490002E9F9FFC309FA0FC319F40FD329F41FD7D
:10F4A000339F42FD349F43FD359F44FD369F45FD0C
:10F4B000389F46FD3A9F47FD3C9F48FD3F9F49FDD1
:10F4C000409F4AFD419F4BFD429F4CFD439F4DFD98
:10F4D000459F4EFD469F4FFD479F50FD489F51FD64
:10F4E000499F52FD4A9F53FD4B9F54FD4C9F55FD34
:10F4F0004D9F56FD4E9F57FD4F9F58FD529F59FD02
:10F50000539F5AFD549F5BFD559F5CFD569F5DFDCB
:10F51000579F5EFD589F5FFD599F60FD5A9F61FD9B
:10F520005B9F62FD5C9F63FD5D9F64FD5E9F65FD6B
:10F530005F9F66FD609F67FD619F68FD629F69FD3B
:10F54000639F6AFD649F6BFD659F6CFD669F6DFD0B
:10F55000679F6EFD689F6FFD699F70FD6A9F71FDDB
:10F560006B9F72FD6C9F73FD6D9F74FD6E9F75FDAB
:10F570006F9F76FD709F77FD719F78FD729F79FD7B
:10F58000739F7AFD749F7BFD759F7CFD769F7DFD4B
:10F59000779F7EFD789F80FD799F81FD7A9F82FD18
:10F5A0007B9F83FD7C9F84FD7D9F85FD7E9F86FDE7
:10F5B000819F87FD829F88FD8D9F89FD8E9F8AFD9B
:10F5C0008F9F8BFD909F8CFD919F8DFD929F8EFD57
:10F5D000939F8FFD949F90FD959F91FD969F92FD27
:10F5E000979F93FD989F94FD9C9F95FD9D9F96FDF1
:10F5F0009E9F97FDA19F98FDA29F99FDA39F9AFDB5
:10F60000A49F9BFDA59F9CFD2CF99DFD79F99EFD76
:10F6100095F99FFDE7F9A0FDF1F940FE0CFA41FED6
:10F620000DFA42FE0EFA43FE0FFA44FE11FA45FEB1
:10F6300013FA46FE14FA47FE18FA48FE1FFA49FE6E
:10F6400020FA4AFE21FA4BFE23FA4CFE24FA4DFE24
:10F6500027FA4EFE28FA4FFE29FA00000000E000CB
:10F66000E100E200E300E400E500E600E700E80076
:10F67000E900EA00EB00EC00ED00EE00EF00F00026
:10F68000F100F200F300F400F500F600F800F900D4
:10F69000FA00FB00FC00FD00FE00FF000101030179
:10F6A0000501070109010B010D010F0111011301F2
:10F6B0001501170119011B011D011F012101230162
:10F6C0002501270129012B012D012F0131013301D2
:10F6D000350137013A013C013E014001420144013C
:10F6E000460148014B014D014F01510153015501A4
:10F6F000570159015B015D015F0161016301650112
:10F70000670169016B016D016F0171017301750181
:10F7100077017A017C017E018301850188018C01DA
:10F7200092019901A101A301A801AD01B001B401A9
:10F73000B601B901BD01C601C901CC01CE01D0019C
:10F74000D201D401D601D801DA01DC01DD01DF01EB
:10F75000E101E301E501E701E901EB01ED01EF0161
:10F76000F301F501FB01FD01FF01010203020502A6
:10F77000070209020B020D020F0211021302150209
:10F780001702B103B203B303B403B503B603B7035F
:10F79000B803B903BA03BB03BC03BD03BE03BF0375
:10F7A000C003C103C303C403C503C603C703C8031F
:10F7B000C903CA03CB03CC03CD03CE03E303E503A4
:10F7C000E703E903EB033004310432043304340467
:10F7D000350436043704380439043A043B043C0445
:10F7E0003D043E043F0440044104420443044404F5
:10F7F000450446044704480449044A044B044C04A5
:10F800004D044E044F04520453045404550456044A
:10F810005704580459045A045B045C045E045F04F2
:10F82000610463046504670469046B046D046F0478
:10F83000710473047504770479047B047D047F04E8
:10F840008104910493049504970499049B049D04F6
:10F850009F04A104A304A504A704A904AB04AD0458
:10F86000AF04B104B304B504B704B904BB04BD04C8
:10F87000BF04C204C404C804D104D304D504D7040B
:10F88000D904DB04DD04DF04E104E304E504E70458
:10F89000E904EB04ED04EF04F104F304F504F904C6
:10F8A000610562056305640565056605670568050C
:10F8B00069056A056B056C056D056E056F057005BC
:10F8C000710572057305740575057605770578056C
:10F8D00079057A057B057C057D057E057F0580051C
:10F8E000810582058305840585058605011E031EA5
:10F8F000051E071E091E0B1E0D1E0F1E111E131EB8
:10F90000151E171E191E1B1E1D1E1F1E211E231E27
:10F91000251E271E291E2B1E2D1E2F1E311E331E97
:10F92000351E371E391E3B1E3D1E3F1E411E431E07
:10F93000451E471E491E4B1E4D1E4F1E511E531E77
:10F94000551E571E591E5B1E5D1E5F1E611E631EE7
:10F95000651E671E691E6B1E6D1E6F1E711E731E57
:10F96000751E771E791E7B1E7D1E7F1E811E831EC7
:10F97000851E871E891E8B1E8D1E8F1E911E931E37
:10F98000951E971E991E9B1E9D1E9F1EA11EA31EA7
:10F99000A51EA71EA91EAB1EAD1EAF1EB11EB31E17
:10F9A000B51EB71EB91EBB1EBD1EBF1EC11EC31E87
:10F9B000C51EC71EC91ECB1ECD1ECF1ED11ED31EF7
:10F9C000D51ED71ED91EDB1EDD1EDF1EE11EE31E67
:10F9D000E51EE71EE91EEB1EED1EEF1EF11EF31ED7
:10F9E000F51EF71EF91E70217121722173217421F9
:10F9F000752176217721782179217A217B217C213B
:10FA00007D217E217F2141FF42FF43FF44FF45FFCF
:10FA100046FF47FF48FF49FF4AFF4BFF4CFF4DFFA2
:10FA20004EFF4FFF50FF51FF52FF53FF54FF55FF52
:10FA300056FF57FF58FF59FF5AFFC000C100C200D0
:10FA4000C300C400C500C600C700C800C900CA0082
:10FA5000CB00CC00CD00CE00CF00D000D100D20032
:10FA6000D300D400D500D600D800D900DA00DB00DE
:10FA7000DC00DD00DE007801000102010401060166
:10FA800008010A010C010E011001120114011601F6
:10FA900018011A011C011E01200122012401260166
:10FAA00028012A012C012E013001320134013601D6
:10FAB00039013B013D013F0141014301450147013E
:10FAC0004A014C014E0150015201540156015801A6
:10FAD0005A015C015E016001620164016601680116
:10FAE0006A016C016E017001720174017601790185
:10FAF0007B017D018201840187018B0191019801C5
:10FB0000A001A201A701AC01AF01B301B501B80189
:10FB1000BC01C401C701CA01CD01CF01D101D3018C
:10FB2000D501D701D901DB018E01DE01E001E2013F
:10FB3000E401E601E801EA01EC01EE01F101F40162
:10FB4000FA01FC01FE0100020202040206020802A0
:10FB50000A020C020E021002120214021602910393
:10FB600092039303940395039603970398039903D1
:10FB70009A039B039C039D039E039F03A003A10381
:10FB8000A303A403A503A603A703A803A903AA0329
:10FB9000AB038C038E038F03E203E403E603E80365
:10FBA000EA031004110412041304140415041604C7
:10FBB0001704180419041A041B041C041D041E0451
:10FBC0001F04200421042204230424042504260401
:10FBD0002704280429042A042B042C042D042E04B1
:10FBE0002F040204030404040504060407040804A3
:10FBF00009040A040B040C040E040F0460046204DC
:10FC00006404660468046A046C046E04700472047C
:10FC10007404760478047A047C047E0480049004DE
:10FC200092049404960498049A049C049E04A004EC
:10FC3000A204A404A604A804AA04AC04AE04B0045C
:10FC4000B204B404B604B804BA04BC04BE04C104CB
:10FC5000C304C705D004D204D404D604D804DA04FB
:10FC6000DC04DE04E004E204E404E604E804EA045C
:10FC7000EC04EE04F004F204F404F8043105320557
:10FC800033053405350536053705380539053A0598
:10FC90003B053C053D053E053F0540054105420548
:10FCA00043054405450546054705480549054A05F8
:10FCB0004B054C054D054E054F05500551055205A8
:10FCC0005305540555055605001E021E041E061E4A
:10FCD000081E0A1E0C1E0E1E101E121E141E161EBC
:10FCE000181E1A1E1C1E1E1E201E221E241E261E2C
:10FCF000281E2A1E2C1E2E1E301E321E341E361E9C
:10FD0000381E3A1E3C1E3E1E401E421E441E461E0B
:10FD1000481E4A1E4C1E4E1E501E521E541E561E7B
:10FD2000581E5A1E5C1E5E1E601E621E641E661EEB
:10FD3000681E6A1E6C1E6E1E701E721E741E761E5B
:10FD4000781E7A1E7C1E7E1E801E821E841E861ECB
:10FD5000881E8A1E8C1E8E1E901E921E941E961E3B
:10FD6000981E9A1E9C1E9E1EA01EA21EA41EA61EAB
:10FD7000A81EAA1EAC1EAE1EB01EB21EB41EB61E1B
:10FD8000B81EBA1EBC1EBE1EC01EC21EC41EC61E8B
:10FD9000C81ECA1ECC1ECE1ED01ED21ED41ED61EFB
:10FDA000D81EDA1EDC1EDE1EE01EE21EE41EE61E6B
:10FDB000E81EEA1EEC1EEE1EF01EF21EF41EF61EDB
:10FDC000F81E602161216221632164216521662181
:10FDD0006721682169216A216B216C216D216E21C7
:10FDE0006F2121FF22FF23FF24FF25FF26FF27FF8E
:10FDF00028FF29FF2AFF2BFF2CFF2DFF2EFF2FFFAF
:10FE000030FF31FF32FF33FF34FF35FF36FF37FF5E
:10FE100038FF39FF3AFF01030507090E10121416C7
:10FE2000181C1E0000040002000180004000200099
:10FE300010000800040002000000008000400020C4
:10FE4000001000080040002000100008000400021C
:10FE500000000000000000000000000000000000A2
:10FE60000000000000000000000000000000000092
:10FE70000000000000000000000000000000000082
:10FE80000000000000000000000000000000000072
:10FE9000000000000000000000000000038003805C
:10FEA000018001800180018001800180018001804A
:10FEB000018001800180018000000000038003C0F8
:10FEC00003800000000000000000000000000000AF
:10FED0000000000000000000000000000E700E7026
:10FEE0000E700E700E700C300C3000000000000020
:10FEF0000000000000000000000000000000000002
:10FF000000000000000000000000000000000000F1
:10FF100000000000000000000000000000000000E1
:10FF200006180638063006307FFE7FFE0C300C3097
:10FF30000C300C307FFE7FFE0C601C601860186077
:10FF40001860000000000000000000000000000039
:10FF50000000000000000000000000C000C000C061
:10FF600007F81FF838C031C0318039803D801F80CC
:10FF700007F001F803BC031C030C031C233C3FF8EF
:10FF80003FE007000600060000000000000000003F
:10FF90000000000000000000000000001C077E06BA
:10FFA000630C6318633863307E603CE000C00180FE
:10FFB00003800338067E0CC61CC618C630C670EE19
:10FFC000607C000000000000000000000000000055
:10FFD00000000000000000000000000000000FC052
:10FFE0001FE018703870387018701CE00FC00F00D8
:10FFF0003F8C3B8C71CC60EC607C7038707C3FFE39
:020000040804EE
:100000001FCF000000000000000000000000000002
:1000100000000000000000000000000003C003C05A
:100020000380018001800180018000000000000049
:1000300000000000000000000000000000000000C0
:1000400000000000000000000000000000000000B0
:100050000000000000000000000000000030006010
:1000600000E001C0038003000700070006000E0047
:100070000E000E000E000E000E0006000700070026
:100080000380038001C000E0007000300000000029
:100090000000000000000000000000000C000E0046
:1000A0000700038001C001C000E000E000600070B4
:1000B00000700070007000700060006000E000E000
:1000C00001C001C0038007000E000C00000000000A
:1000D000000000000000000000000000018001801E
:1000E000018819980FF803C003C01FF81998018000
:1000F00001800180000000000000000000000000FE
:1001000000000000000000000000000000000000EF
:1001100000000000000000000000000000000000DF
:10012000000000000000018001800180018001804A
:1001300001807FFE7FFE01800180018001800180BF
:1001400000000000000000000000000000000000AF
:10015000000000000000000000000000000000009F
:10016000000000000000000000000000000000008F
:1001700000000000000000000000038003C003C076
:1001800001C001C001C007801F0010000000000076
:10019000000000000000000000000000000000005F
:1001A000000000000000000000000000000000004F
:1001B00000000FF00FF00000000000000000000041
:1001C000000000000000000000000000000000002F
:1001D000000000000000000000000000000000001F
:1001E000000000000000000000000000000000000F
:1001F0000000000000000000000003C003C003C0B6
:1002000003C000000000000000000000000000002B
:10021000000000000000000000000000001C0018AA
:100220000038003000700060006000C000C001C0F5
:10023000018003800300070006000E000C000C0084
:100240001800180038003000000000000000000016
:10025000000000000000000000000000000000009E
:1002600007F01FF81838381C300C303C707E71EEE7
:1002700073CE7F0E7E0E380C300C381C1C381FF0ED
:1002800007E0000000000000000000000000000087
:10029000000000000000000000000000000000005E
:1002A00003C00FC03FC039C001C001C001C001C0C0
:1002B00001C001C001C001C001C001C001C03FFCBC
:1002C0003FFC0000000000000000000000000000F3
:1002D000000000000000000000000000000000001E
:1002E0000FE03FF0183800380018001800380030D0
:1002F000007000E001C0038007000E001C003FFCFE
:100300003FFC0000000000000000000000000000B2
:1003100000000000000000000000000000000000DD
:100320001FE01FF00038003800380038007007E088
:1003300007F00078001C001C001C001C00383FF077
:100340003FC00000000000000000000000000000AE
:10035000000000000000000000000000000000009D
:1003600000F001F001B00330073006300C301C30D3
:100370003830303070307FFE7FFE0030003000308B
:10038000003000000000000000000000000000003D
:10039000000000000000000000000000000000005D
:1003A0001FF81FF8180018001800180018001FE0A8
:1003B0001FF80038001C001C001C001800381FF03B
:1003C0001FC000000000000000000000000000004E
:1003D000000000000000000000000000000000001D
:1003E00001F807F80E001C001800380031C03FF873
:1003F0003E3C301C300C300C380C380C1C1C1FF8E8
:1004000007E0000000000000000000000000000005
:1004100000000000000000000000000000000000DC
:100420003FFC3FFC001C00180038003000700060EA
:1004300000E000C001C001800380070007000E003B
:100440000E0000000000000000000000000000009E
:10045000000000000000000000000000000000009C
:100460000FF01E78381C381C381C3C181E780FE022
:1004700007E01E783C3C381C300C300C381C1FF850
:100480000FF000000000000000000000000000006D
:10049000000000000000000000000000000000005C
:1004A0000FE01E783838301C701C700C300C381C73
:1004B0003EFC0FEC001C001C0018003800F01FE090
:1004C0001F0000000000000000000000000000000D
:1004D000000000000000000000000000000000001C
:1004E000000000000000000003C003C003C0018042
:1004F00000000000000000000000018003C003C0F5
:1005000003C0000000000000000000000000000028
:1005100000000000000000000000000000000000DB
:10052000000000000000000003C003C003C0018001
:100530000000000000000000000003C003C003C072
:1005400001C001C001C007800F00000000000000D2
:10055000000000000000000000000000000000009B
:100560000000000000100038007001E003C0070028
:100570000E003C001C000E00078001C000E0007867
:10058000001000000000000000000000000000005B
:10059000000000000000000000000000000000005B
:1005A00000000000000000000000000000003FFC10
:1005B0000000000000003FFC3FFC000000000000C5
:1005C000000000000000000000000000000000002B
:1005D000000000000000000000000000000000001B
:1005E0000000000008001C000E00070003C000E02F
:1005F0000070003C0038007001E0038007001E001E
:1006000008000000000000000000000000000000E2
:100610000000000000000000000000000E000FC0FD
:1006200003E000700038003800380038007803F02C
:1006300003C0030003000300000000000700078060
:1006400007000000000000000000000000000000A3
:1006500000000000000000000000000001E007F8BA
:100660000E1C1C0E18063006300361F363F366336C
:10067000E673CE63CC63CC66CC66CCE6CFFCC73CDD
:1006800060006000600030003C301FF0000000009F
:10069000000000000000000000000000000000005A
:1006A00003C003C007E006E006600E700C700C305B
:1006B0001C381838381C3FFC3FFC700E700E60066A
:1006C000E007000000000000000000000000000043
:1006D000000000000000000000000000000000001A
:1006E0003FF03FF83838381C381C381838383FF09D
:1006F0003FF0383C381C380C380C381C383C3FF87C
:100700003FE00000000000000000000000000000CA
:1007100000000000000000000000000000000000D9
:1007200007FC0FFC1E00380038003000700070001D
:10073000700070007000300038003C001E040FFC98
:1007400003FC0000000000000000000000000000AA
:100750000000000000000000000000000000000099
:100760003FE03FF03038301C300C300E300E300E91
:10077000300E300E300E300C301C301C30783FF014
:100780003F800000000000000000000000000000AA
:100790000000000000000000000000000000000059
:1007A0001FF81FF8180018001800180018001FF88C
:1007B0001FF81800180018001800180018001FF87B
:1007C0001FF8000000000000000000000000000012
:1007D0000000000000000000000000000000000019
:1007E0001FF81FF8180018001800180018001FF84C
:1007F0001FF818001800180018001800180018003A
:1008000018000000000000000000000000000000D0
:1008100000000000000000000000000000000000D8
:1008200007FC0FFC1C00380030007000700070FCEA
:1008300070FC700C700C700C300C380C1C0C0FFC25
:1008400007FC0000000000000000000000000000A5
:100850000000000000000000000000000000000098
:10086000300C300C300C300C300C300C300C3FFCA9
:100870003FFC300C300C300C300C300C300C300C99
:10088000300C00000000000000000000000000002C
:100890000000000000000000000000000000000058
:1008A0003FFC3FFC018001800180018001800180CC
:1008B00001800180018001800180018001803FFC76
:1008C0003FFC0000000000000000000000000000ED
:1008D0000000000000000000000000000000000018
:1008E0001FF01FF0003000300030003000300030CA
:1008F00000300030003000300030003010701FE059
:100900001FC0000000000000000000000000000008
:1009100000000000000000000000000000000000D7
:10092000381C3838387038E038C039803B003F0018
:100930003F003B003B8039C038E038703838383CE5
:10094000381C000000000000000000000000000053
:100950000000000000000000000000000000000097
:100960001C001C001C001C001C001C001C001C00A7
:100970001C001C001C001C001C001C001C001FFC98
:100980001FFC00000000000000000000000000004C
:100990000000000000000000000000000000000057
:1009A000381C381C6C3E6C3E6C6E666E666E67CE94
:1009B00063CE638661866006600660066006600638
:1009C00060060000000000000000000000000000C1
:1009D0000000000000000000000000000000000017
:1009E000380C3C0C3C0C3E0C360C370C330C338C66
:1009F000318C31CC30CC30EC306C307C303C303C05
:100A0000301C00000000000000000000000000009A
:100A100000000000000000000000000000000000D6
:100A20000FF01FF8381C381C700E700E700E600628
:100A300060066006700E700E700C381C3C381FF893
:100A40000FE00000000000000000000000000000B7
:100A50000000000000000000000000000000000096
:100A60003FE03FF8383C381C380C380C380C381C48
:100A700038783FF03FC03800380038003800380080
:100A8000380000000000000000000000000000002E
:100A90000000000000000000000000000000000056
:100AA0000FF01FF8381C381C700E700E700E6006A8
:100AB00060066006700E700E700C381C3C381FF813
:100AC0000FE00180018001E200FF003C0000000017
:100AD0000000000000000000000000000000000016
:100AE0003FE03FF8383838183818381838383FF0B1
:100AF0003FC039E03860387038383838381C381C16
:100B0000380E00000000000000000000000000009F
:100B100000000000000000000000000000000000D5
:100B20000FF81FF838003800300038001E000F8022
:100B300007F000F8003C001C001C001C003C3FF8C3
:100B40003FE0000000000000000000000000000086
:100B50000000000000000000000000000000000095
:100B60007FFE7FFE01800180018001800180018085
:100B7000018001800180018001800180018001806D
:100B800001800000000000000000000000000000E4
:100B90000000000000000000000000000000000055
:100BA000300C300C300C300C300C300C300C300C65
:100BB000300C300C300C300C300C301C381C1FF852
:100BC0000FE0000000000000000000000000000036
:100BD0000000000000000000000000000000000015
:100BE000E0077006700E700E380C381C38181C1890
:100BF0001C380C300E700E70066007E007E003C072
:100C000003C0000000000000000000000000000021
:100C100000000000000000000000000000000000D4
:100C2000600660066006600660066006618663C650
:100C300073C673CE76EE366C366C3C7C3C3C3C3CEA
:100C4000381C000000000000000000000000000050
:100C50000000000000000000000000000000000094
:100C6000700E381C1C381C380E7006E007E003C0FC
:100C700003C003C007E00E701C301C38381C701E07
:100C8000700E0000000000000000000000000000E6
:100C90000000000000000000000000000000000054
:100CA000E006700E380C381C1C381C300E700660C4
:100CB00007E003C001800180018001800180018084
:100CC00001800000000000000000000000000000A3
:100CD0000000000000000000000000000000000014
:100CE0003FFC3FFC001C00380070006000E001C0C9
:100CF0000380038007000E000C001C0038003FFC3E
:100D00003FFC0000000000000000000000000000A8
:100D100000000000000000000000000007F007F0E5
:100D20000600060006000600060006000600060093
:100D30000600060006000600060006000600060083
:100D40000600060006000600060007F0000000008E
:100D50000000000000000000000000003800180043
:100D60001C000C000C0006000600070003000380B6
:100D7000018001C000C000E0006000600030003071
:100D800000380018001C000C0000000000000000EB
:100D90000000000000000000000000000FE00FE075
:100DA0000060006000600060006000600060006043
:100DB0000060006000600060006000600060006033
:100DC000006000600060006000600FE00000000054
:100DD0000000000000000000000000000000000013
:100DE000038003C006E006600C301C381818301C65
:100DF00000000000000000000000000000000000F3
:100E000000000000000000000000000000000000E2
:100E100000000000000000000000000000000000D2
:100E200000000000000000000000000000000000C2
:100E300000000000000000000000000000000000B2
:100E40000000000000000000FFFFFFFF00000000A6
:100E50000000000000000000000000001C000E0068
:100E600007000180000000000000000000000000FA
:100E70000000000000000000000000000000000072
:100E80000000000000000000000000000000000062
:100E90000000000000000000000000000000000052
:100EA00000000000000000001FF01EF80018001CE9
:100EB000001C07FC1FFC3C1C381C301C387C3FFC11
:100EC0001FDC000000000000000000000000000027
:100ED00000000000000000000000000038003800A2
:100EE00038003800380038003BF03FF83E1C380C22
:100EF000380C380C380C380C380C381C38383FF0AB
:100F00001FE00000000000000000000000000000E2
:100F100000000000000000000000000000000000D1
:100F2000000000000000000003F80FF81E001C0085
:100F3000380038003800380038001C001E000FF858
:100F400003F80000000000000000000000000000A6
:100F5000000000000000000000000000001C001C59
:100F6000001C001C001C001C07FC1FFC181C381C6B
:100F7000301C301C301C301C301C383C387C1FDCD2
:100F80000F9C0000000000000000000000000000B6
:100F90000000000000000000000000000000000051
:100FA000000000000000000007F01E78181C381C2C
:100FB000300C3FFC3FFC3000300038001C001FFCB0
:100FC00007FC00000000000000000000000000001E
:100FD000000000000000000000000000007E01FE94
:100FE00003C0038003000300030003007FFC7FFCB9
:100FF00003000300030003000300030003000300D9
:1010000003000000000000000000000000000000DD
:1010100000000000000000000000000000000000D0
:1010200000000000000000000FFE1C7E1838381879
:10103000381838381C781FF03B80300038001FF813
:101040001FFC300E700E700C3C3C1FF8018000003D
:101050000000000000000000000000003800380020
:1010600038003800380038003BF03FF83C18381C96
:10107000381C381C381C381C381C381C381C381CD0
:10108000381C00000000000000000000000000000C
:10109000000000000000000000000000018003C00C
:1010A00003C00180000000001FC01FC001C001C0BC
:1010B00001C001C001C001C001C001C001C03FFCAE
:1010C0003FFC0000000000000000000000000000E5
:1010D0000000000000000000000000000060007040
:1010E00000700070000000003FF03FF000700070E2
:1010F0000070007000700070007000700070007070
:10110000007000700070006039E03FC00600000011
:10111000000000000000000000000000180018009F
:101120001800180018001800181C1838187019E05A
:101130001BC01F001B8019C019E018F01878183C5C
:10114000181E000000000000000000000000000069
:101150000000000000000000000000001FC01FC0D1
:1011600001C001C001C001C001C001C001C001C077
:1011700001C001C001C001C001C001C001C03FFCED
:101180003FFC000000000000000000000000000024
:10119000000000000000000000000000000000004F
:1011A00000000000000000006F3C6FEC79CE71CEB3
:1011B000718E718E718E718E718E718E718E718E37
:1011C000718E000000000000000000000000000020
:1011D000000000000000000000000000000000000F
:1011E000000000000000000033F03FF83C18381CFD
:1011F000381C381C381C381C381C381C381C381C4F
:10120000381C00000000000000000000000000008A
:1012100000000000000000000000000000000000CE
:1012200000000000000000000FF01FF8381C300C18
:10123000300C700E700E700E300C381C38381FF8E1
:101240000FE00000000000000000000000000000AF
:10125000000000000000000000000000000000008E
:1012600000000000000000003BF03FF83E1C380C7E
:10127000380C380C380C380C380C381C38383FF027
:101280003FE0380038003800380038000000000027
:10129000000000000000000000000000000000004E
:1012A000000000000000000007FC1F7C181C381C18
:1012B000301C301C301C301C301C383C387C1FDC8F
:1012C0000F9C001C001C001C001C001C00000000E7
:1012D000000000000000000000000000000000000E
:1012E000000000000000000019F81BFC1E0C1C0C84
:1012F000180E180018001800180018001800180020
:1013000018000000000000000000000000000000C5
:1013100000000000000000000000000000000000CD
:1013200000000000000000000FF81E381800180030
:101330001C000F8007F000F80038001C00181FF890
:101340001FE000000000000000000000000000009E
:10135000000000000000000000000000000000008D
:1013600006000600060006007FFC7FFC0600060063
:10137000060006000600060006000600070003FC43
:1013800001FC000000000000000000000000000060
:10139000000000000000000000000000000000004D
:1013A0000000000000000000381C381C381C381CED
:1013B000381C381C381C381C381C383C187C1FFC66
:1013C0000F9C000000000000000000000000000072
:1013D000000000000000000000000000000000000D
:1013E0000000000000000000700E300C381C1818BF
:1013F0001C381C300C300E70066007E007C003C0BC
:1014000003C0000000000000000000000000000019
:1014100000000000000000000000000000000000CC
:1014200000000000000000006006600660066186A3
:10143000718E73CE33CC32EC366C366C3C7C3C3CDB
:101440001C38000000000000000000000000000048
:10145000000000000000000000000000000000008C
:101460000000000000000000381C1C181C380E7022
:1014700007E003C003C003C007E00E701C38381C2F
:10148000781E0000000000000000000000000000C6
:10149000000000000000000000000000000000004C
:1014A0000000000000000000700E300C381C1818FE
:1014B0001C381C380E300E70066007E003E003C0D5
:1014C00003C00380038007007E007C000000000052
:1014D000000000000000000000000000000000000C
:1014E00000000000000000001FF81FF80038007026
:1014F00000E001C00380030007000E001C003FFC59
:101500003FFC0000000000000000000000000000A0
:1015100000000000000000000000000000F801F8DA
:101520000180038003800380038003800380030025
:101530003F003C000F000300038003800380038012
:10154000038003800380018001E000F800000000B8
:101550000000000000000180018001800180018006
:101560000180018001800180018001800180018073
:101570000180018001800180018001800180018063
:101580000180018001800180018001800000000055
:101590000000000000000000000000001E001F808E
:1015A000018001C001C001C001C001C001C000C074
:1015B00000FC003C00E000C001C001C001C001C04F
:1015C00001C001C001C0018007801F0000000000B1
:1015D000000000000000000000000000000000000B
:1015E00000000000000000000000000000001E00DD
:1015F0003F06738661FC60FC0000000000000000F4
:1016000000000000000000000000000000000000DA
:1016100000000000000000000000000000000000CA
:1016200000000000000000000000000000000000BA
:1016300000000000000000000000000000000000AA
:10164000000000000000000000000000000000009A
:10165000000000000000000000000000000000008A
:10166000000000000000000000000000000000007A
:10167000000000000000000000000000000000006A
:10168000000000000000000000000000000000005A
:10169000000000000000000000000000000000004A
:1016A000000000000000000000000000000000003A
:1016B0000000000000000000000000000000003CEE
:1016C00000003C00003C00003C00003C00003C00EE
:1016D000003C00003C00003C00003C00003C0000DE
:1016E0003C00003C00003C00003C00003C00003C92
:1016F00000003C00003C00003C0000000000000036
:10170000000000001C00003E00007E00007E000083
:101710003C0000000000000000000000000000008D
:1017200000000000000000000000000000000000B9
:1017300000000000000000000000000000000000A9
:10174000000000000000000000000000000003C3D3
:10175000E003C3E003C3C003C3C003C3C003C3C0EB
:1017600003C3C003C3C003C3C000000000000000E7
:101770000000000000000000000000000000000069
:101780000000000000000000000000000000000059
:101790000000000000000000000000000000000049
:1017A0000000000000000000000000000000000039
:1017B0000000000000000000000000000000000029
:1017C0000000000000000000000000000000000019
:1017D0000000000000000000000000000000000009
:1017E0000000000001E0E001E0E001C0E001C0E035
:1017F00001C0E001C0E03FFFFE3FFFFE3FFFFE03F0
:10180000C1C003C1C00381C00381C00381C0038183
:10181000C00381C07FFFFC7FFFFC7FFFFC0783804C
:1018200007038007038007038007038007038007FF
:101830000780000000000000000000000000000021
:101840000000000000000000000000000000000098
:101850000000000000000000000000000000000088
:101860000000000000000000000700000700000E5C
:1018700000000E0000FFE003FFF007FFF00F8E10E6
:101880001E0E001E1E001E1C001E1C001E1C001F23
:101890009C000FFC0007FC0001FF00007FC0003F20
:1018A000F0003BF80038F800387800383C00703C15
:1018B0000070780070F83873F03FFFE03FFFC00F12
:1018C000FE0000E00000E00000E00000E00000E0BA
:1018D0000000000000000000000000000000000008
:1018E00000000000000000000000000000000000F8
:1018F00000000000000000000000000300001FC006
:101900000E3FE01E78F03C7070387070707070F0B0
:101910007071E07071C078F3C03FE7801FC70000AE
:101920000F00001E00001C0000380000780000F0CE
:10193000E000E3FC01E7FC03CF1E038E0E078E0ED2
:101940000F0E0E0E0E0E1C0E0E3C079E7807FC703E
:1019500003F800000000000000000000000000008C
:101960000000000000000000000000000000000077
:101970000000000000000000000000000000000067
:1019800000000000000000000000000000000078DF
:101990000003FF0007FF800787C00F03C00F03C0CD
:1019A0000F03C00F03C00F03C00F0780078F00078E
:1019B000FE0003FC0003F0000FF83C1F783C1E7C87
:1019C0003C3C3E3C3C1F3C780FB87807F87803F865
:1019D0007801F03C01F03E03F81FFFFC0FFF3E03CF
:1019E000FC1F0000000000000000000000000000DC
:1019F00000000000000000000000000000000000E7
:101A000000000000000000000000000000000000D6
:101A10000000000000000000000000000000003E88
:101A200000003C00003C00003C00003C00003C008A
:101A3000003C00003C00003C0000000000000000F2
:101A40000000000000000000000000000000000096
:101A50000000000000000000000000000000000086
:101A60000000000000000000000000000000000076
:101A70000000000000000000000000000000000066
:101A80000000000000000000000000000000000056
:101A90000000000000000000000000000000000046
:101AA00000000000000000000000800001C00003F2
:101AB000C0000780000F00001F00001E00003C0057
:101AC00000780000780000F00000F00000E0000165
:101AD000E00001E00001E00001C00001C00003C01F
:101AE0000003C00003C00001C00001E00001E000ED
:101AF00001E00001E00000F00000F00000F800004C
:101B00007800003C00003C00001E00000F00000FA9
:101B1000800007C00003C00001800000000000003A
:101B200000000000000000000000000000000000B5
:101B3000000000000000000000000003800003C05F
:101B40000001E00000F000007800007C00003C0094
:101B5000001E00001E00000F00000F0000078000A4
:101B600007800007800003800003C00003C000035B
:101B7000C00003C00003C00003C000038000078052
:101B8000000780000780000700000F00000F000022
:101B90001E00001E00003C0000780000F80001F06C
:101BA0000003E00003C0000180000000000000000E
:101BB0000000000000000000000000000000000025
:101BC0000000000000000000000000000000001CF9
:101BD00000001C000018000418300F18F00F99F0D6
:101BE00003FFC0007F00007E0001FF8007DBE00FE5
:101BF00018F00E1870001800001800001C00001CDF
:101C000000000000000000000000000000000000D4
:101C100000000000000000000000000000000000C4
:101C200000000000000000000000000000000000B4
:101C300000000000000000000000000000000000A4
:101C40000000000000000000000000000000000094
:101C50000000000000000000000000000000000084
:101C60000000000000000000000000000000000074
:101C7000000000003C00003C00003C00003C000074
:101C80003C00003C00003C00003C00003C003FFFEA
:101C9000FC3FFFFC3FFFFC003C00003C00003C0020
:101CA000003C00003C00003C00003C00003C000008
:101CB0000000000000000000000000000000000024
:101CC0000000000000000000000000000000000014
:101CD0000000000000000000000000000000000004
:101CE00000000000000000000000000000000000F4
:101CF00000000000000000000000000000000000E4
:101D000000000000000000000000000000000000D3
:101D100000000000000000000000000000000000C3
:101D200000000000000000000000000000000000B3
:101D3000007C00007E00007E00007E00003E00006F
:101D40001E00001E00001E00003C00007C0007F882
:101D50000007E00007000000000000000000000095
:101D60000000000000000000000000000000000073
:101D70000000000000000000000000000000000063
:101D80000000000000000000000000000000000053
:101D90000000000000000000000000000000000043
:101DA000000000000000000000000003FFE003FF4F
:101DB000E003FFE003FFE00000000000000000007F
:101DC0000000000000000000000000000000000013
:101DD0000000000000000000000000000000000003
:101DE00000000000000000000000000000000000F3
:101DF00000000000000000000000000000000000E3
:101E000000000000000000000000000000000000D2
:101E100000000000000000000000000000000000C2
:101E200000000000000000000000000000000000B2
:101E300000000000000000000000000000000000A2
:101E40000000000000000000000000000000000092
:101E5000003C00007E0000FE0000FE00007E00004E
:101E60003C00000000000000000000000000000036
:101E70000000000000000000000000000000000062
:101E80000000000000000000000000000000000052
:101E90000000000000000000000000000000000042
:101EA000700000F00000F00001E00001E00001C05F
:101EB0000003C0000380000780000700000F00003F
:101EC0000E00001E00001E00001C00003C00003838
:101ED0000000780000700000F00000E00001E00069
:101EE00001C00003C00003C000038000078000079A
:101EF00000000F00000E00001E00001C000000008B
:101F000000000000000000000000000000000000D1
:101F100000000000000000000000000000000000C1
:101F200000000000000000000000000000000000B1
:101F30000000180000FF8003FFC007E7E00F81F0FA
:101F40000F00F81E00781E00781C007C3C00FC3C52
:101F500003FC3C07FC3C1FBC3C3E1C3CFC1C3DF015
:101F60003C3FE03C3FC03C3F003C3E003C1E007814
:101F70001E00780F00F00F81F007FFE003FFC000A4
:101F8000FF00000000000000000000000000000052
:101F90000000000000000000000000000000000041
:101FA0000000000000000000000000000000000031
:101FB0000000000000000000000000000000000021
:101FC00000000000003E0000FE0003FE000FFE00C7
:101FD0001F9E000E1E00081E00001E00001E0000B6
:101FE0001E00001E00001E00001E00001E00001E3D
:101FF00000001E00001E00001E00001E00001E004B
:10200000001E00001E00001E000FFFF80FFFF80F5B
:10201000FFF80000000000000000000000000000C9
:1020200000000000000000000000000000000000B0
:1020300000000000000000000000000000000000A0
:102040000000000000000000000000000000000090
:102050000000180001FF0007FFC00FFFE00F03E0C2
:102060000401F00000F00000F00000F00000F000BB
:1020700000F00001F00001E00003C00007C0000F05
:1020800080001F00003E00007C0000F80001F0000E
:1020900003C0000780000F00001FFFFC1FFFFC1F94
:1020A000FFFC000000000000000000000000000035
:1020B0000000000000000000000000000000000020
:1020C0000000000000000000000000000000000010
:1020D0000000000000000000000000000000000000
:1020E000000030000FFF000FFFC00FFFE00001E015
:1020F0000001F00000F00000F00000F00001E0003E
:1021000001E00007C001FF0001FF8001FFE00003C4
:10211000F00000F0000078000078000078000078FF
:102120000000780000F00003F00FFFE00FFF800FC9
:10213000FE000000000000000000000000000000A1
:10214000000000000000000000000000000000008F
:10215000000000000000000000000000000000007F
:10216000000000000000000000000000000000006F
:1021700000000000000FC0000FC0001FC0003FC0E3
:10218000003FC0007BC000F3C000E3C001E3C00318
:10219000C3C00383C00783C00F03C01E03C01E0358
:1021A000C03C03C07803C07FFFFE7FFFFE7FFFFEC1
:1021B0000003C00003C00003C00003C00003C00050
:1021C00003C000000000000000000000000000004C
:1021D00000000000000000000000000000000000FF
:1021E00000000000000000000000000000000000EF
:1021F00000000000000000000000000000000000DF
:10220000000000000FFFE00FFFE00FFFE00F0000F5
:102210000F00000F00000F00000F00000F00000F64
:1022200000000FFC000FFF800FFFE00007F000012F
:10223000F00000F8000078000078000078000078D6
:102240000000F00001F00003E00FFFC00FFF800F5F
:10225000FE00000000000000000000000000000080
:10226000000000000000000000000000000000006E
:10227000000000000000000000000000000000005E
:10228000000000000000000000000000000000004E
:1022900000000000000FF0007FF001FFF003F000ED
:1022A00007C0000780000F00000E00001E00001E87
:1022B00000001E7F801FFFE01FFFF01F80F81E0040
:1022C000781E003C1E003C1E003C1E003C1E003CD4
:1022D0001E003C0F00780F80F807FFF003FFE000BE
:1022E000FF8000000000000000000000000000006F
:1022F00000000000000000000000000000000000DE
:1023000000000000000000000000000000000000CD
:1023100000000000000000000000000000000000BD
:10232000000000001FFFFC1FFFFC1FFFFC000078E7
:102330000000780000F00000F00001E00001E00083
:1023400003C00003C0000780000780000F00000FDB
:1023500000001E00001E00003C00007C0000780011
:1023600000F80000F00001F00001E00003E00003CD
:10237000C00000000000000000000000000000009D
:10238000000000000000000000000000000000004D
:10239000000000000000000000000000000000003D
:1023A000000000000000000000000000000000002D
:1023B0000000180001FFC007FFE00FC3F00F00F896
:1023C0001E00781E00781E00781E00780F00F00FA7
:1023D000C1F007F7E003FF8000FF0001FFC007E73F
:1023E000E00F81F01F00F81E00781E007C1E003CEC
:1023F0001E003C1E00781F00F80FFFF007FFE001F1
:10240000FF8000000000000000000000000000004D
:1024100000000000000000000000000000000000BC
:1024200000000000000000000000000000000000AC
:10243000000000000000000000000000000000009C
:102440000000180001FF8007FFC00FC7E00F01F078
:102450001E00F01E00783C00783C00783C00783C80
:1024600000383E00381E00781F01F80FFFF807FF04
:10247000B801FE380000780000780000700000F01D
:102480000001E00003E0001FC00FFF000FFE000F7F
:10249000E00000000000000000000000000000005C
:1024A000000000000000000000000000000000002C
:1024B000000000000000000000000000000000001C
:1024C000000000000000000000000000000000000C
:1024D00000000000000000000000000000000000FC
:1024E000000000000000003C00007E00007E0000B4
:1024F0007E00003E00001800000000000000000008
:1025000000000000000000000000000000000000CB
:10251000001800007E00007E00007E00007E0000AB
:102520003C0000000000000000000000000000006F
:10253000000000000000000000000000000000009B
:10254000000000000000000000000000000000008B
:10255000000000000000000000000000000000007B
:10256000000000000000000000000000000000006B
:10257000000000000000003C00007E00007E000023
:102580007E00003E00001800000000000000000077
:10259000000000000000000000000000000000003B
:1025A000003C00007E00007F00007F00003F000034
:1025B0001F00001E00001E00003E00007C0007F807
:1025C0000007E0000780000000000000000000009D
:1025D00000000000000000000000000000000000FB
:1025E00000000000000000000000000000000000EB
:1025F00000000000000000000000000000000000DB
:102600000000400001E00003E00007C0001F800060
:102610003E00007C0000F80003E00007C0000F80CF
:10262000001F800007C00003E00001F000007C00F4
:10263000003E00001F00000FC00003E00001E000AA
:1026400000C00000000000000000000000000000CA
:10265000000000000000000000000000000000007A
:10266000000000000000000000000000000000006A
:10267000000000000000000000000000000000005A
:10268000000000000000000000000000000000004A
:10269000000000000000000000000000000000003A
:1026A00000001FFFF81FFFF81FFFF80000000000E8
:1026B000000000000000001FFFF81FFFF81FFFF8D8
:1026C000000000000000000000000000000000000A
:1026D00000000000000000000000000000000000FA
:1026E00000000000000000000000000000000000EA
:1026F00000000000000000000000000000000000DA
:1027000000000000000000000000000000000000C9
:1027100000000000000000000000000000000000B9
:1027200003000007800007C00003E00000F800007D
:102730007C00003E00000F800007C00003E00001A5
:10274000F00000F80003E00007C0000F80001F0049
:10275000007C0000F80001F00007C00007800003C3
:102760000000000000000000000000000000000069
:102770000000000000000000000000000000000059
:102780000000000000000000000000000000000049
:10279000000000000000000000000000000001F840
:1027A0000001FE0001FF80001FC00007C00001E023
:1027B0000001E00000F00000F00000F00000F00078
:1027C00001E00007E0007FC0007F000070000070A3
:1027D00000007000007000007000000000000000A9
:1027E00000000000700000F80000F80000F8000091
:1027F000F8000000000000000000000000000000E1
:1028000000000000000000000000000000000000C8
:1028100000000000000000000000000000000000B8
:102820000000000000000000000000000600003F63
:10283000E000FFF001E07803C03C07001C0F001E21
:102840000E000E1C000E1C000E380007383FC73863
:102850007FC770F3C770E3C771C3C771C387F1C384
:1028600087E3C387E3C387E3878EE3878EE3878E9F
:10287000E3C78EE3CF9CE1FFFC71F9F87060E07074
:1028800000007000007800003800003C00001E00CE
:10289000000F81C007FFC001FF0000000000000022
:1028A0000000000000000000000000000000000028
:1028B0000000000000000000000000000000000018
:1028C00000000000007E00007E00007F0000FF008E
:1028D00000FF0000E78001E78001E38003C3C0033D
:1028E000C3C003C1E00781E00781E00700F00F00EB
:1028F000F00F00F00E00781FFFF81FFFF81FFFFC1D
:102900003C003C3C003C78001E78001E78001EF025
:10291000000F0000000000000000000000000000A8
:1029200000000000000000000000000000000000A7
:102930000000000000000000000000000000000097
:102940000000000000000000000000000000000087
:10295000000000001FFF801FFFE01FFFF01E01F0BE
:102960001E00F81E00781E00781E00781E00F01E63
:1029700000F01E03E01FFFC01FFFC01FFFF01E017D
:10298000F81E00F81E007C1E003C1E003C1E003C91
:102990001E00781E00781E01F01FFFE01FFFC01F01
:1029A000FE00000000000000000000000000000029
:1029B0000000000000000000000000000000000017
:1029C0000000000000000000000000000000000007
:1029D00000000000000000000000000000000000F7
:1029E00000000000007FF801FFF803FFF807E0088F
:1029F0000F80000F00001F00001E00001E00003CA2
:102A000000003C00003C00003C00003C00003C009A
:102A1000003C00003C00003E00001E00001F0000C3
:102A20001F00000F800007E01803FFF801FFF80007
:102A30007FF0000000000000000000000000000027
:102A40000000000000000000000000000000000086
:102A50000000000000000000000000000000000076
:102A60000000000000000000000000000000000066
:102A7000000000003FFE003FFF803FFFE03C03F00E
:102A80003C00F83C00783C007C3C003C3C003C3C7A
:102A9000003C3C003E3C001E3C001E3C001E3C0036
:102AA0001E3C003C3C003C3C003C3C003C3C007874
:102AB0003C00F83C01F03C07E03FFFC03FFF003F17
:102AC000F80000000000000000000000000000000E
:102AD00000000000000000000000000000000000F6
:102AE00000000000000000000000000000000000E6
:102AF00000000000000000000000000000000000D6
:102B0000000000000FFFF00FFFF00FFFF00F0000BC
:102B10000F00000F00000F00000F00000F00000F5B
:102B200000000F00000FFFF00FFFF00FFFF00F008D
:102B3000000F00000F00000F00000F00000F00004A
:102B40000F00000F00000F00000FFFF00FFFF00F4D
:102B5000FFF0000000000000000000000000000086
:102B60000000000000000000000000000000000065
:102B70000000000000000000000000000000000055
:102B80000000000000000000000000000000000045
:102B9000000000000FFFF00FFFF00FFFF00F00002C
:102BA0000F00000F00000F00000F00000F00000FCB
:102BB00000000F00000FFFF00FFFF00FFFF00F00FD
:102BC000000F00000F00000F00000F00000F0000BA
:102BD0000F00000F00000F00000F00000F00000F9B
:102BE00000000000000000000000000000000000E5
:102BF00000000000000000000000000000000000D5
:102C000000000000000000000000000000000000C4
:102C100000000000000000000000000000000000B4
:102C200000000300007FF801FFFC03FFFC07E00C3D
:102C30000F80001F00001E00003E00003C00003C12
:102C400000003C0000780FFC780FFC780FFC780047
:102C50003C3C003C3C003C3C003C3C003C1E003CFE
:102C60001F003C0F803C0FC03C07FFFC01FFFC0035
:102C70007FF00000000000000000000000000000E5
:102C80000000000000000000000000000000000044
:102C90000000000000000000000000000000000034
:102CA0000000000000000000000000000000000024
:102CB000000000003C003C3C003C3C003C3C003C34
:102CC0003C003C3C003C3C003C3C003C3C003C3C70
:102CD000003C3C003C3FFFFC3FFFFC3FFFFC3C0056
:102CE0003C3C003C3C003C3C003C3C003C3C003C50
:102CF0003C003C3C003C3C003C3C003C3C003C3C40
:102D0000003C000000000000000000000000000087
:102D100000000000000000000000000000000000B3
:102D200000000000000000000000000000000000A3
:102D30000000000000000000000000000000000093
:102D4000000000000FFFF80FFFF80FFFF8003C0035
:102D5000003C00003C00003C00003C00003C000047
:102D60003C00003C00003C00003C00003C00003CFB
:102D700000003C00003C00003C00003C00003C0027
:102D8000003C00003C00003C000FFFF80FFFF80F74
:102D9000FFF800000000000000000000000000003C
:102DA0000000000000000000000000000000000023
:102DB0000000000000000000000000000000000013
:102DC0000000000000000000000000000000000003
:102DD000000000000FFFE00FFFE00FFFE00001E048
:102DE0000001E00001E00001E00001E00001E0007E
:102DF00001E00001E00001E00001E00001E000016D
:102E0000E00001E00001E00001E00001E00001E07D
:102E10000001E00003C00C07C00FFF800FFF000798
:102E2000FC000000000000000000000000000000A6
:102E30000000000000000000000000000000000092
:102E40000000000000000000000000000000000082
:102E50000000000000000000000000000000000072
:102E6000000000001E00781E00F81E01F01E03E0A6
:102E70001E03C01E07801E0F001E1E001E3C001EEB
:102E800078001EF0001EF0001FE0001FF0001EF88A
:102E9000001E7C001E3C001E1E001E0F001E0F8028
:102EA0001E07C01E03E01E01F01E00F01E00F81EEB
:102EB000007C000000000000000000000000000096
:102EC0000000000000000000000000000000000002
:102ED00000000000000000000000000000000000F2
:102EE00000000000000000000000000000000000E2
:102EF00000000000078000078000078000078000B6
:102F00000780000780000780000780000780000717
:102F1000800007800007800007800007800007808E
:102F200000078000078000078000078000078000FE
:102F300007800007800007800007FFF807FFF807F9
:102F4000FFF800000000000000000000000000008A
:102F50000000000000000000000000000000000071
:102F60000000000000000000000000000000000061
:102F70000000000000000000000000000000000051
:102F8000000000003E007C3F00FC3F00FC3F00FCD6
:102F90003B81DC3B81DC3BC39C39C39C39C39C39FE
:102FA000E71C38E71C38E71C387E1C387E1C387C50
:102FB0001E383C1E383C1E78001E78001E78001E0D
:102FC00078001E78001E78001E78001E78001E789B
:102FD000001E0000000000000000000000000000D3
:102FE00000000000000000000000000000000000E1
:102FF00000000000000000000000000000000000D1
:1030000000000000000000000000000000000000C0
:10301000000000001F003C1F003C1F803C1F803C44
:103020001FC03C1DC03C1DE03C1CE03C1CF03C1C97
:10303000F03C1C783C1C783C1C3C3C1C3C3C1C1E62
:103040003C1C1E3C1C0F3C1C0F3C1C07BC1C07BC42
:103050001C03FC1C03FC1C01FC1C01FC1C00FC1CD4
:1030600000FC000000000000000000000000000064
:103070000000000000000000000000000000000050
:103080000000000000000000000000000000000040
:103090000000000000000000000000000000000030
:1030A0000000180000FF8003FFE007FFF00F80F82A
:1030B0001F00781E007C3C003C3C003C3C001E781D
:1030C000001E78001E78001E78001E78001E780012
:1030D0001E78001E78001E3C001E3C003C3C003C5C
:1030E0001E00781F00F80F81F00FFFE003FFC00102
:1030F000FF000000000000000000000000000000D1
:1031000000000000000000000000000000000000BF
:1031100000000000000000000000000000000000AF
:10312000000000000000000000000000000000009F
:10313000000000001FFF001FFFC01FFFF01E01F86E
:103140001E00781E007C1E003C1E003C1E003C1E23
:10315000003C1E00781E00781E00F01E0FF01FFFBE
:10316000C01FFF801FF8001E00001E00001E000090
:103170001E00001E00001E00001E00001E00001E9B
:10318000000000000000000000000000000000003F
:10319000000000000000000000000000000000002F
:1031A000000000000000000000000000000000001F
:1031B000000000000000000000000000000000000F
:1031C0000000180000FF8003FFE007FFF00F81F808
:1031D0001F00781E007C3C003C3C003C3C001E383C
:1031E000001E78001E78001E78001E78001E7800F1
:1031F0001E78001E78001E3C001C3C003C3C003C3D
:103200003E00781F00F80F81F00FFFE003FFC001C0
:10321000FF00003C00003C00003E00001F06000FC5
:10322000FF0007FF0003FC0000000000000000009A
:10323000000000000000000000000000000000008E
:10324000000000000000000000000000000000007E
:10325000000000000FFF000FFFC00FFFE00E03F0A3
:103260000E00F00E00F00E00F00E00F00E00F00E5A
:1032700000F00E01E00FFFC00FFF800FFE000E1FD9
:10328000000E07800E07C00E03C00E01E00E01E025
:103290000E00F00E00F00E00780E00780E003C0ECE
:1032A000003C0000000000000000000000000000E2
:1032B000000000000000000000000000000000000E
:1032C00000000000000000000000000000000000FE
:1032D00000000000000000000000000000000000EE
:1032E00000000C0001FFF007FFF00FFFF00F0000DF
:1032F0001E00001E00001E00001E00001F00001F18
:1033000080000FE00007FC0001FF00007FC0000FFD
:10331000E00003F00000F80000780000780000787A
:103320000000780000783001F03FFFF03FFFC01F41
:10333000FF0000000000000000000000000000008E
:10334000000000000000000000000000000000007D
:10335000000000000000000000000000000000006D
:10336000000000000000000000000000000000005D
:10337000000000003FFFFC3FFFFC3FFFFC003C0063
:10338000003C00003C00003C00003C00003C000011
:103390003C00003C00003C00003C00003C00003CC5
:1033A00000003C00003C00003C00003C00003C00F1
:1033B000003C00003C00003C00003C00003C0000E1
:1033C0003C000000000000000000000000000000C1
:1033D00000000000000000000000000000000000ED
:1033E00000000000000000000000000000000000DD
:1033F00000000000000000000000000000000000CD
:10340000000000003C003C3C003C3C003C3C003CDC
:103410003C003C3C003C3C003C3C003C3C003C3C18
:10342000003C3C003C3C003C3C003C3C003C3C0044
:103430003C3C003C3C003C3C003C3C003C3C003CF8
:103440001E00781E00781F00F00FFFF007FFC0017C
:10345000FF800000000000000000000000000000ED
:10346000000000000000000000000000000000005C
:10347000000000000000000000000000000000004C
:10348000000000000000000000000000000000003C
:1034900000000000F8000F78001E78001E7C001E5F
:1034A0003C003C3C003C3E003C1E00781E00780F77
:1034B00000780F00F00F00F00780E00781E007813F
:1034C000E003C1C003C3C003C3C001E38001E780C0
:1034D00001E78000F70000FF00007E00007E000092
:1034E0007E0000000000000000000000000000005E
:1034F00000000000000000000000000000000000CC
:1035000000000000000000000000000000000000BB
:1035100000000000000000000000000000000000AB
:103520000000000078000E78000E78000E78000E83
:1035300078000E78001E78001E38001E38001E38F5
:103540003C1E383C1C383C1C387E1C387E1C387FA6
:103550001C3CE71C3CE71C3CE79C3DC39C3DC39CDA
:103560003DC3DC1F81DC1F81FC1F81FC1F00F81F95
:1035700000F8000000000000000000000000000053
:10358000000000000000000000000000000000003B
:10359000000000000000000000000000000000002B
:1035A000000000000000000000000000000000001B
:1035B000000000003C003E3E007C1E00780F00F042
:1035C0000F81F00781E003C3C003E3C001E780007F
:1035D000FF0000FF00007E00003C00007E0000FFB6
:1035E0000000FF0001E78003E7C003C3E00781E0BC
:1035F0000F81F00F00F81E00783E007C7C003E78C2
:10360000001E00000000000000000000000000009C
:1036100000000000000000000000000000000000AA
:10362000000000000000000000000000000000009A
:10363000000000000000000000000000000000008A
:1036400000000000F8001F7C001E3C003E3E003CD5
:103650001E00781F00780F80F00781F007C1E0039B
:10366000C3C003E3C001E78000F78000FF00007ED5
:1036700000003E00003C00003C00003C00003C001C
:10368000003C00003C00003C00003C00003C00000E
:103690003C000000000000000000000000000000EE
:1036A000000000000000000000000000000000001A
:1036B000000000000000000000000000000000000A
:1036C00000000000000000000000000000000000FA
:1036D000000000001FFFFC1FFFFC1FFFFC0000F8A4
:1036E0000000F00001E00003E00003C000078000DC
:1036F0000F80000F00001E00003C00007C000078DE
:103700000000F00001F00001E00003C000078000AD
:103710000F80000F00001E00003FFFFC3FFFFC3F3A
:10372000FFFC00000000000000000000000000009E
:103730000000000000000000000000000000000089
:103740000000000000000000000000000000000079
:10375000000000000000000000000001FFC001FFA9
:10376000C001FFC001E00001E00001E00001E00055
:1037700001E00001E00001E00001E00001E00001E3
:10378000E00001E00001E00001E00001E00001E0F4
:103790000001E00001E00001E00001E00001E000C4
:1037A00001E00001E00001E00001E00001E00001B3
:1037B000E00001E00001E00001E00001E00001E0C4
:1037C0000001FFC001FFC001FFC0000000000000B9
:1037D00000000000000000000000000000000000E9
:1037E00000000000000000000000000000000E00CB
:1037F000000F000007000007800003800003C000E6
:1038000001C00001E00001E00000E00000F0000065
:103810007000007800003800003C00001C00001E12
:1038200000001E00000F00000F00000700000780CE
:103830000003800003C00001C00001E00000E000C0
:1038400000F00000F0000070000078000038000078
:103850000000000000000000000000000000000068
:103860000000000000000000000000000000000058
:10387000000000000000000000000003FF8003FFC4
:103880008003FF800007800007800007800007801A
:103890000007800007800007800007800007800085
:1038A000078000078000078000078000078000076E
:1038B00080000780000780000780000780000780E5
:1038C0000007800007800007800007800007800055
:1038D000078000078000078000078000078000073E
:1038E0008003FF8003FF8003FF80000000000000D2
:1038F00000000000000000000000000000000000C8
:1039000000000000000000000000000000000000B7
:1039100000000000003C00007E00007E0000EF0080
:1039200000E78001C38003C3C00381C00701E00733
:1039300000F00E00701E00781C003C00000000002B
:103940000000000000000000000000000000000077
:103950000000000000000000000000000000000067
:103960000000000000000000000000000000000057
:103970000000000000000000000000000000000047
:103980000000000000000000000000000000000037
:103990000000000000000000000000000000000027
:1039A0000000000000000000000000000000000017
:1039B0000000000000000000000000000000000007
:1039C00000000000000000000000000000000000F7
:1039D00000000000000000000000000000000000E7
:1039E00000000000000000000000000000000000D7
:1039F00000000000000000000000000000000000C7
:103A000000FFFFFFFFFFFFFFFFFF000000000000BF
:103A100000000000000000000000000000000000A6
:103A2000000000000000000000000000000007C0CF
:103A30000003E00000F000007800001C000000001F
:103A40000000000000000000000000000000000076
:103A50000000000000000000000000000000000066
:103A60000000000000000000000000000000000056
:103A70000000000000000000000000000000000046
:103A80000000000000000000000000000000000036
:103A90000000000000000000000000000000000026
:103AA0000000000000000000000000000000000016
:103AB0000000000000000000000000000000000006
:103AC00000000000000000000000000000000000F6
:103AD00000000000000003FF8007FFE007FFF00484
:103AE00000F00000F0000078000078000078007F0F
:103AF000F803FFF807FFF80F80781E00781E0078A3
:103B00001E00781E00F81F03F80FFFF80FFF780360
:103B1000FC78000000000000000000000000000031
:103B20000000000000000000000000000000000095
:103B30000000000000000000000000000000000085
:103B400000000000000000000000000000001E0057
:103B5000001E00001E00001E00001E00001E0000CF
:103B60001E00001E00001E3FC01E7FE01EFFF01F53
:103B7000E0F81F80781F00781E003C1E003C1E00ED
:103B80003C1E003C1E003C1E003C1E003C1E0078FB
:103B90001E00781E00F01E01F01FFFE01FFFC00393
:103BA000FF00000000000000000000000000000016
:103BB0000000000000000000000000000000000005
:103BC00000000000000000000000000000000000F5
:103BD00000000000000000000000000000000000E5
:103BE00000000000000000000000000000000000D5
:103BF000000000000000003FF000FFF003FFF003B2
:103C0000E0100780000F80000F00000F00001E0072
:103C1000001E00001E00001E00000F00000F00002C
:103C20000F000007800007E01003FFF001FFF00025
:103C30007FE0000000000000000000000000000025
:103C40000000000000000000000000000000000074
:103C50000000000000000000000000000000000064
:103C60000000000000000000000000000000000054
:103C70007800007800007800007800007800007874
:103C800000007800007800FFF803FFF807FFF80F46
:103C900080780F00781E00781E00781C00783C00A9
:103CA000783C00783C00783C00783C00781C00F8B8
:103CB0001E01F81E03F80F07F80FFF7807FE7803C0
:103CC000F878000000000000000000000000000084
:103CD00000000000000000000000000000000000E4
:103CE00000000000000000000000000000000000D4
:103CF00000000000000000000000000000000000C4
:103D000000000000000000000000000000000000B3
:103D100000000000000000FF8003FFE007E3F00F59
:103D200080F00F00781E00781E00381E003C1FFF38
:103D3000FC1FFFFC1FFFFC1C00001E00001E0000FB
:103D40001E00000F00000F800007FFF803FFF800BF
:103D5000FFF0000000000000000000000000000074
:103D60000000000000000000000000000000000053
:103D70000000000000000000000000000000000043
:103D80000000000000000000000000000060000FC4
:103D9000FE001FFE003F0E007C000078000078004F
:103DA0000078000070000070000070000070003F9C
:103DB000FFFC3FFFFC3FFFFC007000007000007044
:103DC00000007000007000007000007000007000C3
:103DD00000700000700000700000700000700000B3
:103DE0007000000000000000000000000000000063
:103DF00000000000000000000000000000000000C3
:103E000000000000000000000000000000000000B2
:103E100000000000000000000000000000000000A2
:103E20000000000000000000000000000000000092
:103E300000000000000001FFFC03FFFC07C3FC0FB3
:103E400001F00F00F01E00F01E00F01E00F00F0049
:103E5000F00F01E007C3E007FFC00FFF001E0000E6
:103E60001C00001E00001FE0000FFFE007FFF80F1E
:103E70003FFC1E003C3C003C3C003C3C003C3E0007
:103E80007C1FC3F80FFFF007FFC000000000000018
:103E90000000000000000000000000000000000022
:103EA00000000000000000000000000000001E00F4
:103EB000001E00001E00001E00001E00001E00006C
:103EC0001E00001E00001E3FC01E7FE01EFFF01FF0
:103ED000C0F01F80781F00781E00781E00781E003A
:103EE000781E00781E00781E00781E00781E00786C
:103EF0001E00781E00781E00781E00781E00781EB6
:103F00000078000000000000000000000000000039
:103F100000000000000000000000000000000000A1
:103F20000000000000000000000000000000000091
:103F30000000000000000000000000000800003C3D
:103F400000007E00007E00007E00003C00000000BB
:103F50000000000000000FFE000FFE000FFE00003A
:103F60001E00001E00001E00001E00001E00001E9D
:103F700000001E00001E00001E00001E00001E00AB
:103F8000001E00001E00001E000FFFF80FFFF80FBC
:103F9000FFF800000000000000000000000000002A
:103FA0000000000000000000000000000000000011
:103FB0000000000000000000000000000000000001
:103FC00000000000000000000000000001000007E9
:103FD000C00007E00007E00007C000038000000009
:103FE0000000000000000FFFC00FFFC00FFFC00067
:103FF00003C00003C00003C00003C00003C00003EF
:10400000C00003C00003C00003C00003C00003C021
:104010000003C00003C00003C00003C00003C000D1
:1040200003C00003C00003C00003C0000780100FDE
:10403000801FFF001FFE001FF800000000000000AE
:104040000000000000000000000000000000000070
:1040500000000000000000000000000000000F0051
:10406000000F00000F00000F00000F00000F000005
:104070000F00000F00000F007C0F00F80F01E00F91
:1040800003C00F0F800F1F000F3E000F7C000FF8C2
:10409000000FF0000F78000F3C000F1E000F0F0004
:1040A0000F07800F03C00F03E00F01F00F00F80FA0
:1040B000007C000000000000000000000000000084
:1040C00000000000000000000000000000000000F0
:1040D00000000000000000000000000000000000E0
:1040E00000000000000000000000000000000FFEC3
:1040F000000FFE000FFE00001E00001E00001E004C
:10410000001E00001E00001E00001E00001E000019
:104110001E00001E00001E00001E00001E00001EEB
:1041200000001E00001E00001E00001E00001E00F9
:10413000001E00001E00001E000FFFF80FFFF80F0A
:10414000FFF8000000000000000000000000000078
:10415000000000000000000000000000000000005F
:10416000000000000000000000000000000000004F
:10417000000000000000000000000000000000003F
:10418000000000000000000000000000000000002F
:1041900000000000000039F0F83BF9FC3BFBBC3E9E
:1041A0003F1C3E3E1C3C3E1C3C3C1C383C1C383CEE
:1041B0001C383C1C383C1C383C1C383C1C383C1C13
:1041C000383C1C383C1C383C1C383C1C383C1C38E7
:1041D0003C1C000000000000000000000000000087
:1041E00000000000000000000000000000000000CF
:1041F00000000000000000000000000000000000BF
:1042000000000000000000000000000000000000AE
:10421000000000000000000000000000000000009E
:104220000000000000001E3FC01E7FE01EFFF01FC8
:10423000C0F01F80781F00781E00781E00781E00D6
:10424000781E00781E00781E00781E00781E007808
:104250001E00781E00781E00781E00781E00781E52
:1042600000780000000000000000000000000000D6
:10427000000000000000000000000000000000003E
:10428000000000000000000000000000000000002E
:10429000000000000000000000000000000000001E
:1042A000000000000000000000000000000000000E
:1042B00000000000000000FF8003FFE007FFF00F98
:1042C00080F81E00781E007C3C003C3C003C3C001A
:1042D0003C3C003C3C003C3C003C3C003C3C003C4A
:1042E0001E00781E00780F80F00FFFE003FFC00172
:1042F000FF000000000000000000000000000000BF
:1043000000000000000000000000000000000000AD
:10431000000000000000000000000000000000009D
:10432000000000000000000000000000000000008D
:10433000000000000000000000000000000000007D
:104340000000000000001E3FC01E7FE01EFFF01FA7
:10435000E0F81F80781F00781E003C1E003C1E0005
:104360003C1E003C1E003C1E003C1E003C1E007813
:104370001E00781E00F01E01F01FFFE01FFFC01F8F
:10438000FF001E00001E00001E00001E00001E0098
:10439000001E00001E00001E0000000000000000C3
:1043A000000000000000000000000000000000000D
:1043B00000000000000000000000000000000000FD
:1043C00000000000000000000000000000000000ED
:1043D00000000000000000FFF803FFF807FFF80FDF
:1043E00080780F00781E00781E00781C00783C0052
:1043F000783C00783C00783C00783C00781E00F85F
:104400001E01F81E03F80F07F80FFF7807FE780368
:10441000F87800007800007800007800007800004C
:1044200078000078000078000078000000000000AC
:10443000000000000000000000000000000000007C
:10444000000000000000000000000000000000006C
:10445000000000000000000000000000000000005C
:104460000000000000000F0FE00F3FF00F7FF80F7B
:10447000F07C0FE03C0FC03C0F803C0F003C0F0075
:10448000000F00000F00000F00000F00000F0000E1
:104490000F00000F00000F00000F00000F00000FC2
:1044A000000000000000000000000000000000000C
:1044B00000000000000000000000000000000000FC
:1044C00000000000000000000000000000000000EC
:1044D00000000000000000000000000000000000DC
:1044E00000000000000000000000000000000000CC
:1044F00000000000000000FFE003FFE007F1E0071C
:1045000080000F00000F00000F800007C00007F8B8
:104510000001FF00007FC0000FF00001F00000F07C
:104520000000780000700000F00FFFE00FFFC00FE8
:10453000FF0000000000000000000000000000007C
:10454000000000000000000000000000000000006B
:10455000000000000000000000000000000000005B
:10456000000000000000000000000000000000004B
:104570000000000001E00001E00001E00001E000B7
:1045800001E00001E0007FFFF87FFFF87FFFF80106
:10459000E00001E00001E00001E00001E00001E0D6
:1045A0000001E00001E00001E00001E00001E000A6
:1045B00001E00000F00000F80000FFF8007FF800C4
:1045C0001FF80000000000000000000000000000D4
:1045D00000000000000000000000000000000000DB
:1045E00000000000000000000000000000000000CB
:1045F00000000000000000000000000000000000BB
:1046000000000000000000000000000000000000AA
:104610000000000000001E00781E00781E00781EBA
:1046200000781E00781E00781E00781E00781E009C
:10463000781E00781E00781E00781E00781E007814
:104640000E00F80F01F80F03F80FFFF807FE7803CC
:10465000FC780000000000000000000000000000E6
:10466000000000000000000000000000000000004A
:10467000000000000000000000000000000000003A
:10468000000000000000000000000000000000002A
:10469000000000000000000000000000000000001A
:1046A0000000000000003C003C3C003C1E007C1E62
:1046B00000781E00780F00F00F00F00780E00781FF
:1046C000E00781E003C3C003C3C001E38001E780CA
:1046D00000E70000FF0000FF00007E00007E0000F9
:1046E0003C0000000000000000000000000000008E
:1046F00000000000000000000000000000000000BA
:1047000000000000000000000000000000000000A9
:104710000000000000000000000000000000000099
:104720000000000000000000000000000000000089
:1047300000000000000078000E78000E78001E785F
:10474000001E38001E383C1E383C1C383C1C3C7E89
:104750001C3C7E1C3C7F3C1CE73C1CE7381CE7B83B
:104760001DC3B81FC3B81FC3F80F81F80F81F80F1E
:1047700000F0000000000000000000000000000049
:104780000000000000000000000000000000000029
:104790000000000000000000000000000000000019
:1047A0000000000000000000000000000000000009
:1047B00000000000000000000000000000000000F9
:1047C0000000000000003E007C1F00780F80F00712
:1047D00081F003C1E003E3C001F78000FF00007F28
:1047E00000003E00007E00007F0000FF8001E780A7
:1047F00003C3C007C1E00F81F00F00F81E007C3E2C
:10480000003C00000000000000000000000000006C
:104810000000000000000000000000000000000098
:104820000000000000000000000000000000000088
:104830000000000000000000000000000000000078
:104840000000000000000000000000000000000068
:104850000000000000003C003C3C003C1E003C1EF0
:1048600000781F00780F00F00F00F00780F007813C
:10487000E003C1E003C3C003C3C001E38001E780DC
:1048800000F78000F700007F00007E00007E00003F
:104890003E00003C00007C0000780000F00003F0C7
:1048A000007FE0007F80007F00000000000000002B
:1048B00000000000000000000000000000000000F8
:1048C00000000000000000000000000000000000E8
:1048D00000000000000000000000000000000000D8
:1048E0000000000000000FFFF00FFFF00FFFF000CE
:1048F00001E00003E00007C0000780000F00001E79
:1049000000003E00007C0000780000F00001E000A4
:1049100003C00007C0000F80000FFFF80FFFF80F63
:10492000FFF8000000000000000000000000000090
:104930000000000000000000000000000000000077
:104940000000000000000000000000000000000067
:1049500000000000000000000000000003E0000F65
:10496000E0001FE0003E00003C000038000038007E
:1049700000780000780000780000780000780000DF
:10498000780000780000780000F0001FE0001F8031
:10499000001FE00000F000007800007800007800C0
:1049A00000780000780000780000780000780000AF
:1049B0007800007800003800003800003C00003E1D
:1049C00000001FE0000FE00007E000000000000012
:1049D00000000000000000000000000000000000D7
:1049E0003C00003C00003C00003C00003C00003C5F
:1049F00000003C00003C00003C00003C00003C008B
:104A0000003C00003C00003C00003C00003C00007A
:104A10003C00003C00003C00003C00003C00003C2E
:104A200000003C00003C00003C00003C00003C005A
:104A3000003C00003C00003C00003C00003C00004A
:104A40003C00003C00003C00003C00003C00003CFE
:104A500000003C00003C00003C00000000000000A2
:104A60000000000000000000000000000000000046
:104A7000000000000000000000000007C00007F078
:104A80000007F800007C00003C00001E00001E0033
:104A9000001E00001E00001E00001E00001E000080
:104AA0001E00001E00000E00000F800007F800002E
:104AB000F80007F8000F00000E00001E00001E00A6
:104AC000001E00001E00001E00001E00001E000050
:104AD0001E00001E00001E00001E00001C00003C06
:104AE0000007FC0007F80007E000000000000000DD
:104AF00000000000000000000000000000000000B6
:104B000000000000000000000000000000000000A5
:104B10000000000000000000000000000000000095
:104B20000000000000000000000000000000000085
:104B3000000000000007C0001FF01E3FF81E3C7C74
:104B40001E383E3C781FFC780FF80003F000000090
:104B50000000000000000000000000000000000055
:104B60000000000000000000000000000000000045
:104B70000000000000000000000000000000000035
:104B8000814E0000815800008140000000000000BC
:104B90002003E00150802003E00147800000000076
:104BA000555555555555C53F7D6FEB0312D6D4BFAE
:104BB0005544880E55C1C93F3B8F68B52882A4BFB4
:104BC00088B20175E0EF493F09F7FD0DE13D023F75
:104BD0004B2D8A1C273A03C0C88A599CE52A0040FD
:104BE00059018D1B6C06E6BF82922EB1C5B8B33F4A
:104BF0004FBB610567ACDD3F182D4454FB21E93FF5
:104C00009BF681D20B73EF3F182D4454FB21F93FE3
:104C1000E2652F227F2B7A3C075C143326A6813C69
:104C2000BDCBF07A8807703C075C143326A6913C14
:104C3000C4EB98999999C9BF711623FEC671BCBF80
:104C40006D9A74AFF2B0B3BF9AFDDE522DDEADBFE8
:104C50002F6C6A2C44B4A2BF0D5555555555D53F00
:104C6000FF8300922449C23F6E204CC5CD45B73F1B
:104C7000513DD0A0660DB13FEB0D76244B7BA93F93
:104C800011DA22E33AAD903F0040404040404040BE
:104C9000404041414141414040404040404040400F
:104CA00040404040404040404005020202020202B3
:104CB0000202020202020202022020202020202002
:104CC0002020200202020202020290909090909016
:104CD00010101010101010101010101010101010D4
:104CE0001010101002020202020288888888888848
:104CF0000808080808080808080808080808080834
:104D0000080808080202020240000000894C04085A
:104D100000000000000000000D0A2A2A2A2A2A2A80
:104D20002A2A2A2A2A2A2A2A2A2A2A2A2A2A2A2AE3
:104D30002A2A2A2A2A2A2AB3F5CABCBBAFC9E8D62E
:104D4000C3CDEAB3C92A2A2A2A2A2A2A2A2A2A2A9F
:104D50002A2A2A2A2A2A2A2A2A2A2A2A2A2A2A2AB3
:104D60002A2A2A2A2A2A2A0D0A000000546F75636B
:104D700068204472617720426F6172640000000015
:104D8000475053202F2042445320496E666F726D66
:104D90006174696F6E00000053797374656D20490A
:104DA0006E666F726D6174696F6E00004368616E4C
:104DB0006E656C204D6F6E69746F72000D0A3D3D1B
:104DC0003D3D3D3D3D3D3D3D3D3D3D3D3D3D3D3D13
:104DD0003D3D3D3D3D3D3D3D41543234433038B68F
:104DE000C1D0B4B2E2CAD4BFAACABC3D3D3D3D3D2C
:104DF0003D3D3D3D3D3D3D3D3D3D3D3D3D3D3D3DE3
:104E00003D3D3D3D3D3D3D3D3D3D3D3D0D0A0000AF
:104E10000D0A3D3D3D3D3D3D3D3D3D3D3D3D3D3D25
:104E20003D3D3D3D3D3D3D3D3D3D3D3D41543234AB
:104E3000433038B6C1D0B4B2E2CAD4BDE1CAF83DFD
:104E40003D3D3D3D3D3D3D3D3D3D3D3D3D3D3D3D92
:104E50003D3D3D3D3D3D3D3D3D3D3D3D3D3D3D3D82
:104E60000D0A00000D0A3D3D3D3D3D3D3D3D3D3DB2
:104E70003D3D3D3D3D3D3D3D3D3D3D3D3D3D3D3D62
:104E800057323551313238B6C1D0B4B2E2CAD4BF8C
:104E9000AACABC3D3D3D3D3D3D3D3D3D3D3D3D3DC9
:104EA0003D3D3D3D3D3D3D3D3D3D3D3D3D3D3D3D32
:104EB0003D3D3D3D0D0A00000D0A3D3D3D3D3D3D62
:104EC0003D3D3D3D3D3D3D3D3D3D3D3D3D3D3D3D12
:104ED0003D3D3D3D57323551313238B6C1D0B4B287
:104EE000E2CAD4BDE1CAF83D3D3D3D3D3D3D3D3DBD
:104EF0003D3D3D3D3D3D3D3D3D3D3D3D3D3D3D3DE2
:104F00003D3D3D3D3D3D3D3D0D0A000050726F640D
:104F10007563742049442072656164206173203098
:104F200020696E6469636174657320646576696382
:104F3000652069732065697468657220696E636FA6
:104F40006D70617469626C65206F7220616E204DB6
:104F50005055333035302E0A000000003D3D3D3DB8
:104F60003D3D3D3D3D3D3D3D3D3D3D3D3D3D3D3D71
:104F70003D3D3D3D3D3D3D5344BFA8CEC4BCFECF6D
:104F8000B5CDB3D2C6D6B2B2E2CAD4BFAACABC3D6E
:104F90003D3D3D3D3D3D3D3D3D3D3D3D3D3D3D3D41
:104FA0003D3D3D3D3D3D3D3D3D3D3D3D0A0D00000E
:104FB0003D3D3D3D3D3D3D3D3D3D3D3D3D3D3D3D21
:104FC0003D3D3D3D3D3D3D3D3D3D3D5344BFA8CE76
:104FD000C4BCFECFB5CDB3D2C6D6B2B2E2CAD4BD40
:104FE000E1CAF83D3D3D3D3D3D3D3D3D3D3D3D3D05
:104FF0003D3D3D3D3D3D3D3D3D3D3D3D3D3D3D3DE1
:105000000A0D00000A0D3D3D3D3D3D3D3D3D3D3D10
:105010003D3D3D3D3D3D3D3D3D3D3D3D3D3D3D3DC0
:105020003D464C415348CEC4BCFECFB5CDB3D2C6ED
:10503000D6B2B2E2CAD4BFAACABC3D3D3D3D3D3D59
:105040003D3D3D3D3D3D3D3D3D3D3D3D3D3D3D3D90
:105050003D3D3D3D3D3D3D0A0D0000003D3D3D3D9A
:105060003D3D3D3D3D3D3D3D3D3D3D3D3D3D3D3D70
:105070003D3D3D3D3D3D3D464C415348CEC4BCFECB
:10508000CFB5CDB3D2C6D6B2B2E2CAD4BDE1CAF86A
:105090003D3D3D3D3D3D3D3D3D3D3D3D3D3D3D3D40
:1050A0003D3D3D3D3D3D3D3D3D3D3D3D3D0A0D00D0
:1050B0002442444753562C25642C25642C25642C0B
:1050C00025642C25642C25642C25642C25642C2532
:1050D000642C25642C25642C25642C25642C2564E3
:1050E0002C25642C25642C25642C25642C25642A0D
:1050F000000000002447504753562C25642C25649B
:105100002C25642C25642C25642C25642C25642CEA
:1051100025642C25642C25642C25642C25642C25E1
:10512000642C25642C25642C25642C25642C256492
:105130002C25642A00000000474E5A44410000001C
:10514000474E474741000000475047474100000095
:10515000424447534100000047504753410000007C
:10516000474E524D430000004750524D430000004F
:10517000474E565447000000475056544700000021
:10518000474E474C4C000000475054585400000014
:105190004244475356000000475047535600000012
:1051A0003C3C2D4754502D4552524F522D3E3E20EF
:1051B00049324320526561643A20307825303458B2
:1051C0002C202564206279746573206661696C65A2
:1051D000642C20657272636F64653A202564212017
:1051E00050726F636573732072657365742E0A0065
:1051F0003C3C2D4754502D4552524F522D3E3E209F
:105200004932432057726974653A2030782530342A
:10521000582C202564206279746573206661696C5E
:1052200065642C20657272636F64653A2025642181
:105230002050726F636573732072657365742E0AF4
:10524000000000006452040800000020F403000085
:10525000940F000834530408F4030020640501008F
:105260006891000801201E984D0408AC041A8004BF
:105270001A6C0401381E503C01086C0401201A7895
:1052800024320169040120282F53544D333246340F
:10529000303720BDF1CCECCAC7B8F6BAC3C8D5D7F1
:1052A000D3A3AC5344BFA8D0C2BDA8CEC4BCFECFCC
:1052B000B5CDB3B2E2CAD40C03FF0D0A01DA220461
:1052C0001E4851040858041A98041A68041A7804ED
:1052D0001A88041A90041A50041A38041A80041AFE
:1052E00070041A60041A40044123FF073E3443103F
:1052F0001001052AC2015129180120120547200377
:10530000E001FFFF13580342201E50FE0308100B5C
:105310001610160408180217300A11FF01011A2D81
:105320000102030404051906070809AC7A030A30D0
:0453300009122C0032
:040000050800018965
:00000001FF
